"","Field Number","Genus","species","subspecies","Locality","Country","State/Province","Island","Date","Latitude","Longitude","Time","Habitat","Collection Site","Sex","SVL (mm)","Weight (g)","Collectors","Notes","...20"
"1","AJB 001","Draco","spilopterus",NA,"Along road to Aglao, east of San Marcelino","Philippines","Zambales","Luzon",2012-06-30,"N 14.97678","E 120.27122",1899-12-31 11:00:00,"Disturbed lowland tropical forest","Active on tree trunk",NA,"8.4",4.9,"Anthony Barley, Cameron Siler, Jason Fernandez",NA,NA
"2","AJB 002","Draco","spilopterus",NA,"Along road to Aglao, east of San Marcelino","Philippines","Zambales","Luzon",2012-06-30,"N 14.97678","E 120.27122",1899-12-31 11:00:00,"Disturbed lowland tropical forest","Active on tree trunk",NA,"36",0.8,"Anthony Barley, Cameron Siler, Jason Fernandez",NA,NA
"3","AJB 003","Draco","spilopterus",NA,"Along road to Aglao, east of San Marcelino","Philippines","Zambales","Luzon",2012-06-30,"N 14.97678","E 120.27122",1899-12-31 11:00:00,"Disturbed lowland tropical forest","Active on tree trunk",NA,"77",4.8,"Anthony Barley, Cameron Siler, Jason Fernandez",NA,NA
"4","AJB 004","Draco","spilopterus",NA,"Along road to Aglao, east of San Marcelino","Philippines","Zambales","Luzon",2012-06-30,"N 14.97678","E 120.27122",1899-12-31 11:00:00,"Disturbed lowland tropical forest","Active on tree trunk","Female","72",7.3,"Anthony Barley, Cameron Siler, Jason Fernandez",NA,NA
"5","AJB 005","Draco","spilopterus",NA,"Along road to Aglao, east of San Marcelino","Philippines","Zambales","Luzon",2012-06-30,"N 14.97678","E 120.27122",1899-12-31 11:00:00,"Disturbed lowland tropical forest","Active on tree trunk","Female","84",9.3,"Anthony Barley, Cameron Siler, Jason Fernandez",NA,NA
"6","AJB 006","Draco","spilopterus",NA,"Along road to Aglao, east of San Marcelino","Philippines","Zambales","Luzon",2012-06-30,"N 14.97678","E 120.27122",1899-12-31 11:00:00,"Disturbed lowland tropical forest","Active on tree trunk","Male","75",5.7,"Anthony Barley, Cameron Siler, Jason Fernandez",NA,NA
"7","AJB 007","Draco","spilopterus",NA,"Along road to Aglao, east of San Marcelino","Philippines","Zambales","Luzon",2012-06-30,"N 14.97678","E 120.27122",1899-12-31 11:00:00,"Disturbed lowland tropical forest","Active on tree trunk","Male","68",4.8,"Anthony Barley, Cameron Siler, Jason Fernandez",NA,NA
"8","AJB 008","Draco","spilopterus",NA,"Along road to Aglao, east of San Marcelino","Philippines","Zambales","Luzon",2012-06-30,"N 14.97678","E 120.27122",1899-12-31 11:00:00,"Disturbed lowland tropical forest","Active on tree trunk","Male","75",2.2,"Anthony Barley, Cameron Siler, Jason Fernandez",NA,NA
"9","AJB 009","Eutropis","cumingi",NA,"RTMU Botolan Campus, Porac Botolan","Philippines","Zambales","Luzon",2012-07-01,"N 15.24582","E 120.02044",NA,"Disturbed lowland tropical forest","Active in leaf litter",NA,NA,NA,"Anthony Barley, Cameron Siler, Jason Fernandez",NA,NA
"10","AJB 010","Draco","spilopterus",NA,"RTMU Botolan Campus, Porac Botolan","Philippines","Zambales","Luzon",2012-07-01,"N 15.24582","E 120.02044",NA,"Disturbed lowland tropical forest",NA,NA,NA,NA,"Anthony Barley, Cameron Siler, Jason Fernandez",NA,NA
"11","AJB 011","Draco","spilopterus",NA,"RTMU Botolan Campus, Porac Botolan","Philippines","Zambales","Luzon",2012-07-01,"N 15.24582","E 120.02044",NA,"Disturbed lowland tropical forest",NA,NA,NA,NA,"Anthony Barley, Cameron Siler, Jason Fernandez",NA,NA
"12","AJB 012","Eutropis","cumingi",NA,"RTMU Botolan Campus, Porac Botolan","Philippines","Zambales","Luzon",2012-07-01,"N 15.24582","E 120.02044",NA,"Disturbed lowland tropical forest","Active in leaf litter",NA,NA,NA,"Anthony Barley, Cameron Siler, Jason Fernandez",NA,NA
"13","AJB 013","Eutropis","cumingi",NA,"RTMU Botolan Campus, Porac Botolan","Philippines","Zambales","Luzon",2012-07-01,"N 15.24582","E 120.02044",NA,"Disturbed lowland tropical forest","Active in leaf litter",NA,NA,NA,"Anthony Barley, Cameron Siler, Jason Fernandez",NA,NA
"14","AJB 014","Eutropis","cumingi",NA,"RTMU Botolan Campus, Porac Botolan","Philippines","Zambales","Luzon",2012-07-01,"N 15.24582","E 120.02044",NA,"Disturbed lowland tropical forest","Active in leaf litter",NA,NA,NA,"Anthony Barley, Cameron Siler, Jason Fernandez",NA,NA
"15","AJB 015","Eutropis","cumingi",NA,"RTMU Botolan Campus, Porac Botolan","Philippines","Zambales","Luzon",2012-07-01,"N 15.24582","E 120.02044",NA,"Disturbed lowland tropical forest","Active in leaf litter",NA,NA,NA,"Anthony Barley, Cameron Siler, Jason Fernandez",NA,NA
"16","AJB 016","Eutropis","cumingi",NA,"RTMU Botolan Campus, Porac Botolan","Philippines","Zambales","Luzon",2012-07-01,"N 15.24582","E 120.02044",NA,"Disturbed lowland tropical forest","Active in leaf litter",NA,NA,NA,"Anthony Barley, Cameron Siler, Jason Fernandez",NA,NA
"17","AJB 017","Eutropis","cumingi",NA,"RTMU Botolan Campus, Porac Botolan","Philippines","Zambales","Luzon",2012-07-01,"N 15.24582","E 120.02044",NA,"Disturbed lowland tropical forest","Active in leaf litter",NA,NA,NA,"Anthony Barley, Cameron Siler, Jason Fernandez",NA,NA
"18","AJB 018","Eutropis","cumingi",NA,"RTMU Botolan Campus, Porac Botolan","Philippines","Zambales","Luzon",2012-07-01,"N 15.24582","E 120.02044",NA,"Disturbed lowland tropical forest","Active in leaf litter",NA,NA,NA,"Anthony Barley, Cameron Siler, Jason Fernandez",NA,NA
"19","AJB 019","Eutropis","cumingi",NA,"RTMU Botolan Campus, Porac Botolan","Philippines","Zambales","Luzon",2012-07-01,"N 15.24582","E 120.02044",NA,"Disturbed lowland tropical forest","Active in leaf litter",NA,NA,NA,"Anthony Barley, Cameron Siler, Jason Fernandez",NA,NA
"20","AJB 020","Eutropis","cumingi",NA,"RTMU Botolan Campus, Porac Botolan","Philippines","Zambales","Luzon",2012-07-01,"N 15.24582","E 120.02044",NA,"Disturbed lowland tropical forest","Active in leaf litter",NA,NA,NA,"Anthony Barley, Cameron Siler, Jason Fernandez",NA,NA
"21","AJB 021","Eutropis","cumingi",NA,"RTMU Botolan Campus, Porac Botolan","Philippines","Zambales","Luzon",2012-07-01,"N 15.24582","E 120.02044",NA,"Disturbed lowland tropical forest","Active in leaf litter",NA,NA,NA,"Anthony Barley, Cameron Siler, Jason Fernandez",NA,NA
"22","AJB 022","Eutropis","cumingi",NA,"RTMU Botolan Campus, Porac Botolan","Philippines","Zambales","Luzon",2012-07-01,"N 15.24582","E 120.02044",NA,"Disturbed lowland tropical forest","Active in leaf litter",NA,NA,NA,"Anthony Barley, Cameron Siler, Jason Fernandez",NA,NA
"23","AJB 023","Eutropis","cumingi",NA,"RTMU Botolan Campus, Porac Botolan","Philippines","Zambales","Luzon",2012-07-01,"N 15.24582","E 120.02044",NA,"Disturbed lowland tropical forest","Active in leaf litter",NA,NA,NA,"Anthony Barley, Cameron Siler, Jason Fernandez",NA,NA
"24","AJB 024","Eutropis","cumingi",NA,"RTMU Botolan Campus, Porac Botolan","Philippines","Zambales","Luzon",2012-07-01,"N 15.24582","E 120.02044",NA,"Disturbed lowland tropical forest","Active in leaf litter",NA,NA,NA,"Anthony Barley, Cameron Siler, Jason Fernandez",NA,NA
"25","AJB 025","Eutropis","cumingi",NA,"RTMU Botolan Campus, Porac Botolan","Philippines","Zambales","Luzon",2012-07-01,"N 15.24582","E 120.02044",NA,"Disturbed lowland tropical forest","Active in leaf litter",NA,NA,NA,"Anthony Barley, Cameron Siler, Jason Fernandez",NA,NA
"26","AJB 026","Eutropis","cumingi",NA,"RTMU Botolan Campus, Porac Botolan","Philippines","Zambales","Luzon",2012-07-01,"N 15.24582","E 120.02044",NA,"Disturbed lowland tropical forest","Active in leaf litter",NA,NA,NA,"Anthony Barley, Cameron Siler, Jason Fernandez",NA,NA
"27","AJB 027","Eutropis","cumingi",NA,"RTMU Botolan Campus, Porac Botolan","Philippines","Zambales","Luzon",2012-07-01,"N 15.24582","E 120.02044",NA,"Disturbed lowland tropical forest","Active in leaf litter",NA,NA,NA,"Anthony Barley, Cameron Siler, Jason Fernandez",NA,NA
"28","AJB 028","Eutropis","cumingi",NA,"RTMU Botolan Campus, Porac Botolan","Philippines","Zambales","Luzon",2012-07-01,"N 15.24582","E 120.02044",NA,"Disturbed lowland tropical forest","Active in leaf litter",NA,NA,NA,"Anthony Barley, Cameron Siler, Jason Fernandez",NA,NA
"29","AJB 029","Eutropis","cumingi",NA,"RTMU Botolan Campus, Porac Botolan","Philippines","Zambales","Luzon",2012-07-01,"N 15.24582","E 120.02044",NA,"Disturbed lowland tropical forest","Active in leaf litter",NA,NA,NA,"Anthony Barley, Cameron Siler, Jason Fernandez",NA,NA
"30","AJB 030","Eutropis","cumingi",NA,"RTMU Botolan Campus, Porac Botolan","Philippines","Zambales","Luzon",2012-07-01,"N 15.24582","E 120.02044",NA,"Disturbed lowland tropical forest","Active in leaf litter",NA,NA,NA,"Anthony Barley, Cameron Siler, Jason Fernandez",NA,NA
"31","AJB 031","Eutropis","cumingi",NA,"RTMU Botolan Campus, Porac Botolan","Philippines","Zambales","Luzon",2012-07-01,"N 15.24582","E 120.02044",NA,"Disturbed lowland tropical forest","Active in leaf litter",NA,NA,NA,"Anthony Barley, Cameron Siler, Jason Fernandez",NA,NA
"32","AJB 032","Eutropis","cumingi",NA,"RTMU Botolan Campus, Porac Botolan","Philippines","Zambales","Luzon",2012-07-01,"N 15.24582","E 120.02044",NA,"Disturbed lowland tropical forest","Active in leaf litter",NA,NA,NA,"Anthony Barley, Cameron Siler, Jason Fernandez",NA,NA
"33","AJB 033","Eutropis","cumingi",NA,"RTMU Botolan Campus, Porac Botolan","Philippines","Zambales","Luzon",2012-07-01,"N 15.24582","E 120.02044",NA,"Disturbed lowland tropical forest","Active in leaf litter",NA,NA,NA,"Anthony Barley, Cameron Siler, Jason Fernandez",NA,NA
"34","AJB 034","Eutropis","cumingi",NA,"RTMU Botolan Campus, Porac Botolan","Philippines","Zambales","Luzon",2012-07-01,"N 15.24582","E 120.02044",NA,"Disturbed lowland tropical forest","Active in leaf litter",NA,NA,NA,"Anthony Barley, Cameron Siler, Jason Fernandez",NA,NA
"35","AJB 035","Eutropis","cumingi",NA,"RTMU Botolan Campus, Porac Botolan","Philippines","Zambales","Luzon",2012-07-01,"N 15.24582","E 120.02044",NA,"Disturbed lowland tropical forest","Active in leaf litter",NA,NA,NA,"Anthony Barley, Cameron Siler, Jason Fernandez",NA,NA
"36","AJB 036","Eutropis","cumingi",NA,"RTMU Botolan Campus, Porac Botolan","Philippines","Zambales","Luzon",2012-07-01,"N 15.24582","E 120.02044",NA,"Disturbed lowland tropical forest","Active in leaf litter",NA,NA,NA,"Anthony Barley, Cameron Siler, Jason Fernandez",NA,NA
"37","AJB 037","Hemidactylus","frenatus",NA,"RTMU Botolan Campus, Porac Botolan","Philippines","Zambales","Luzon",2012-07-01,"N 15.24582","E 120.02044",NA,"Disturbed lowland tropical forest",NA,NA,NA,NA,"Anthony Barley, Cameron Siler, Jason Fernandez",NA,NA
"38","AJB 038","Fejervaria","cancrivora",NA,"Private ranch near Palauig","Philippines","Zambales","Luzon",2012-07-02,"N 15.38636","E 119.93378",NA,NA,NA,NA,NA,NA,"Anthony Barley, Cameron Siler, Jason Fernandez",NA,NA
"39","AJB 039","Hemidactylus","frenatus",NA,"Private ranch near Palauig","Philippines","Zambales","Luzon",2012-07-02,"N 15.38636","E 119.93378",NA,NA,NA,NA,NA,NA,"Anthony Barley, Cameron Siler, Jason Fernandez",NA,NA
"40","AJB 040","Hemidactylus","frenatus",NA,"Private ranch near Palauig","Philippines","Zambales","Luzon",2012-07-02,"N 15.38636","E 119.93378",NA,NA,NA,NA,NA,NA,"Anthony Barley, Cameron Siler, Jason Fernandez",NA,NA
"41","AJB 041","Gekko","gecko",NA,"Private ranch near Palauig","Philippines","Zambales","Luzon",2012-07-02,"N 15.38636","E 119.93378",NA,NA,NA,NA,NA,NA,"Anthony Barley, Cameron Siler, Jason Fernandez",NA,NA
"42","AJB 042","Fejervaria","cancrivora",NA,"Private ranch near Palauig","Philippines","Zambales","Luzon",2012-07-02,"N 15.38636","E 119.93378",NA,NA,NA,NA,NA,NA,"Anthony Barley, Cameron Siler, Jason Fernandez",NA,NA
"43","AJB 043","Hemidactylus","frenatus",NA,"Private ranch near Palauig","Philippines","Zambales","Luzon",2012-07-02,"N 15.38636","E 119.93378",NA,NA,NA,NA,NA,NA,"Anthony Barley, Cameron Siler, Jason Fernandez",NA,NA
"44","AJB 044","Gekko","gecko",NA,"Private ranch near Palauig","Philippines","Zambales","Luzon",2012-07-02,"N 15.38636","E 119.93378",NA,NA,NA,NA,NA,NA,"Anthony Barley, Cameron Siler, Jason Fernandez",NA,NA
"45","AJB 045","Gekko","gecko",NA,"Private ranch near Palauig","Philippines","Zambales","Luzon",2012-07-02,"N 15.38636","E 119.93378",NA,NA,NA,NA,NA,NA,"Anthony Barley, Cameron Siler, Jason Fernandez",NA,NA
"46","AJB 046","Fejervaria","cancrivora",NA,"Private ranch near Palauig","Philippines","Zambales","Luzon",2012-07-02,"N 15.38636","E 119.93378",NA,NA,NA,NA,NA,NA,"Anthony Barley, Cameron Siler, Jason Fernandez",NA,NA
"47","AJB 047","Gekko","gecko",NA,"Private ranch near Palauig","Philippines","Zambales","Luzon",2012-07-02,"N 15.38636","E 119.93378",NA,NA,NA,NA,NA,NA,"Anthony Barley, Cameron Siler, Jason Fernandez",NA,NA
"48","AJB 048","Gekko","gecko",NA,"Private ranch near Palauig","Philippines","Zambales","Luzon",2012-07-02,"N 15.38636","E 119.93378",NA,NA,NA,NA,NA,NA,"Anthony Barley, Cameron Siler, Jason Fernandez",NA,NA
"49","AJB 049","Calamaria","gerviasae",NA,"Along highway from Baguio to Bontoc","Philippines","Benguet","Luzon",2012-07-03,"N 16.50498","E 120.68740",NA,"Disturbed high elevation pine forest","Under rock",NA,NA,NA,"Anthony Barley, Cameron Siler, Jason Fernandez",NA,NA
"50","AJB 050","Eutropis","cumingi",NA,"In disturbed forest, along road from Baloan to Santol","Philippines","La Union","Luzon",2012-07-05,"N 16.77638","E 120.45886",NA,NA,NA,NA,NA,NA,"Anthony Barley, Cameron Siler, Jason Fernandez",NA,NA
"51","AJB 051","Eutropis","cumingi",NA,"In disturbed forest, along road from Baloan to Santol","Philippines","La Union","Luzon",2012-07-05,"N 16.77638","E 120.45886",NA,NA,NA,NA,NA,NA,"Anthony Barley, Cameron Siler, Jason Fernandez",NA,NA
"52","AJB 052","Eutropis","cumingi",NA,"In disturbed forest, along road from Baloan to Santol","Philippines","La Union","Luzon",2012-07-05,"N 16.77638","E 120.45886",NA,NA,NA,NA,NA,NA,"Anthony Barley, Cameron Siler, Jason Fernandez",NA,NA
"53","AJB 053","Lamprolepis","smaragdina",NA,"In disturbed forest, along road from Baloan to Santol","Philippines","La Union","Luzon",2012-07-05,"N 16.78182","E 120.45657",NA,NA,NA,NA,NA,NA,"Anthony Barley, Cameron Siler, Jason Fernandez",NA,NA
"54","AJB 054","Sphenomorphus","jagori",NA,"In disturbed forest, along road from Baloan to Santol","Philippines","La Union","Luzon",2012-07-05,"N 16.78182","E 120.45657",NA,NA,NA,NA,NA,NA,"Anthony Barley, Cameron Siler, Jason Fernandez",NA,NA
"55","AJB 055","Draco","spilopterus",NA,"In disturbed forest, along road from Baloan to Santol","Philippines","La Union","Luzon",2012-07-05,"N 16.78182","E 120.45657",NA,NA,NA,NA,NA,NA,"Anthony Barley, Cameron Siler, Jason Fernandez",NA,NA
"56","AJB 056","Ramphlotyphlops","braminus",NA,"In disturbed forest, along road from Baloan to Santol","Philippines","La Union","Luzon",2012-07-05,"N 16.78182","E 120.45657",NA,NA,NA,NA,NA,NA,"Anthony Barley, Cameron Siler, Jason Fernandez",NA,NA
"57","AJB 057","Calamaria","gerviasae",NA,"In disturbed forest, along road from Baloan to Santol","Philippines","La Union","Luzon",2012-07-05,"N 16.78182","E 120.45657",NA,NA,NA,NA,NA,NA,"Anthony Barley, Cameron Siler, Jason Fernandez",NA,NA
"58","AJB 058","Draco","spilopterus",NA,"Along road from Suyo to Cervantes","Philippines","Ilocos Sur","Luzon",2012-07-05,"N 16.95967","E 120.47912",NA,NA,NA,NA,NA,NA,"Anthony Barley, Cameron Siler, Jason Fernandez",NA,NA
"59","AJB 059","Draco","spilopterus",NA,"Along road from Suyo to Cervantes","Philippines","Ilocos Sur","Luzon",2012-07-05,"N 16.95967","E 120.47912",NA,NA,NA,NA,NA,NA,"Anthony Barley, Cameron Siler, Jason Fernandez",NA,NA
"60","AJB 060","Draco","spilopterus",NA,"Along road from Suyo to Cervantes","Philippines","Ilocos Sur","Luzon",2012-07-05,"N 16.95967","E 120.47912",NA,NA,NA,NA,NA,NA,"Anthony Barley, Cameron Siler, Jason Fernandez",NA,NA
"61","AJB 061","Hemidactylus","platyurus",NA,"Along road from Suyo to Cervantes","Philippines","Ilocos Sur","Luzon",2012-07-05,"N 16.95967","E 120.47912",NA,NA,NA,NA,NA,NA,"Anthony Barley, Cameron Siler, Jason Fernandez",NA,NA
"62","AJB 062","Tropidonophus","dendrophiops",NA,"Along road from Suyo to Cervantes","Philippines","Ilocos Sur","Luzon",2012-07-05,"N 16.97574","E 120.50482",NA,NA,NA,NA,NA,NA,"Anthony Barley, Cameron Siler, Jason Fernandez",NA,NA
"63","AJB 063","Draco","spilopterus",NA,"Along coastal highway north of Narvacan to San Quintin","Philippines","Ilocos Sur","Luzon",2012-07-06,"N 17.49444","E 120.50745",NA,NA,NA,NA,NA,NA,"Anthony Barley, Cameron Siler, Jason Fernandez",NA,NA
"64","AJB 064","Draco","spilopterus",NA,"Along coastal highway north of Narvacan to San Quintin","Philippines","Ilocos Sur","Luzon",2012-07-06,"N 17.49444","E 120.50745",NA,NA,NA,NA,NA,NA,"Anthony Barley, Cameron Siler, Jason Fernandez",NA,NA
"65","AJB 065","Draco","spilopterus",NA,"Along coastal highway north of Narvacan to San Quintin","Philippines","Ilocos Sur","Luzon",2012-07-06,"N 17.49444","E 120.50745",NA,NA,NA,NA,NA,NA,"Anthony Barley, Cameron Siler, Jason Fernandez",NA,NA
"66","AJB 066","Draco","spilopterus",NA,"Along coastal highway north of Narvacan to San Quintin","Philippines","Ilocos Sur","Luzon",2012-07-06,"N 17.49444","E 120.50745",NA,NA,NA,NA,NA,NA,"Anthony Barley, Cameron Siler, Jason Fernandez",NA,NA
"67","AJB 067","Draco","spilopterus",NA,"Along coastal highway north of Narvacan to San Quintin","Philippines","Ilocos Sur","Luzon",2012-07-06,"N 17.49444","E 120.50745",NA,NA,NA,NA,NA,NA,"Anthony Barley, Cameron Siler, Jason Fernandez",NA,NA
"68","AJB 068","Draco","spilopterus",NA,"Along coastal highway north of Narvacan to San Quintin","Philippines","Ilocos Sur","Luzon",2012-07-06,"N 17.49444","E 120.50745",NA,NA,NA,NA,NA,NA,"Anthony Barley, Cameron Siler, Jason Fernandez",NA,NA
"69","AJB 069","Draco","spilopterus",NA,"Along coastal highway north of Narvacan to San Quintin","Philippines","Ilocos Sur","Luzon",2012-07-06,"N 17.49444","E 120.50745",NA,NA,NA,NA,NA,NA,"Anthony Barley, Cameron Siler, Jason Fernandez",NA,NA
"70","AJB 070","Calamaria","gerviasae",NA,"Along coastal highway north of Narvacan to San Quintin","Philippines","Ilocos Sur","Luzon",2012-07-06,"N 17.49444","E 120.50745",NA,NA,NA,NA,NA,NA,"Anthony Barley, Cameron Siler, Jason Fernandez",NA,NA
"71","AJB 071","Kaloula","pulchra",NA,"On farm, In Candon City","Philippines","Ilocos Sur","Luzon",2012-07-06,"N 17.15706","E 120.43787",NA,NA,NA,NA,NA,NA,"Anthony Barley, Cameron Siler, Jason Fernandez",NA,NA
"72","AJB 072","Lamprolepis","smaragdina",NA,"In coconut groves, along coastal highway between Burgos and Sanchez Mira","Philippines","Ilocos Norte","Luzon",2012-07-07,"N 18.54867","E 121.00063",NA,NA,NA,NA,NA,NA,"Anthony Barley, Cameron Siler, Jason Fernandez",NA,NA
"73","AJB 073","Lamprolepis","smaragdina",NA,"In coconut groves, along coastal highway between Burgos and Sanchez Mira","Philippines","Ilocos Norte","Luzon",2012-07-07,"N 18.54867","E 121.00063",NA,NA,NA,NA,NA,NA,"Anthony Barley, Cameron Siler, Jason Fernandez",NA,NA
"74","AJB 074","Lamprolepis","smaragdina",NA,"In coconut groves, along coastal highway between Burgos and Sanchez Mira","Philippines","Ilocos Norte","Luzon",2012-07-07,"N 18.62276","E 121.11993",NA,NA,NA,NA,NA,NA,"Anthony Barley, Cameron Siler, Jason Fernandez",NA,NA
"75","AJB 075","Lamprolepis","smaragdina",NA,"In coconut groves, along coastal highway between Burgos and Sanchez Mira","Philippines","Ilocos Norte","Luzon",2012-07-07,"N 18.57311","E 121.21773",NA,NA,NA,NA,NA,NA,"Anthony Barley, Cameron Siler, Jason Fernandez",NA,NA
"76","AJB 076","Kaloula","pulchra",NA,"In coconut plantation, near Pasuquin","Philippines","Ilocos Norte","Luzon",2012-07-07,"N 18.51493","E 120.65068",NA,NA,NA,NA,NA,NA,"Anthony Barley, Cameron Siler, Jason Fernandez",NA,NA
"77","AJB 077","Brachymeles","bonitae",NA,"Gattaran DENR reforestation project reserve","Philippines","Cagayan","Luzon",2012-07-08,"N 17.97138","E 121.65150",NA,NA,NA,NA,NA,NA,"Anthony Barley, Cameron Siler, Jason Fernandez",NA,NA
"78","AJB 078","Sphenomorphus","decipiens",NA,"Gattaran DENR reforestation project reserve","Philippines","Cagayan","Luzon",2012-07-08,"N 17.97138","E 121.65150",NA,NA,NA,NA,NA,NA,"Anthony Barley, Cameron Siler, Jason Fernandez",NA,NA
"79","AJB 079","Eutropis","multicarinata",NA,"Gattaran DENR reforestation project reserve","Philippines","Cagayan","Luzon",2012-07-08,"N 17.97138","E 121.65150",NA,NA,NA,NA,NA,NA,"Anthony Barley, Cameron Siler, Jason Fernandez",NA,NA
"80","AJB 080","Eutropis","multicarinata",NA,"Gattaran DENR reforestation project reserve","Philippines","Cagayan","Luzon",2012-07-08,"N 17.97138","E 121.65150",NA,NA,NA,NA,NA,NA,"Anthony Barley, Cameron Siler, Jason Fernandez",NA,NA
"81","AJB 081","Sphenomorphus","tagapayo",NA,"Gattaran DENR reforestation project reserve","Philippines","Cagayan","Luzon",2012-07-08,"N 17.97138","E 121.65150",NA,NA,NA,NA,NA,NA,"Anthony Barley, Cameron Siler, Jason Fernandez",NA,NA
"82","AJB 082","Sphenomorphus","tagapayo",NA,"Gattaran DENR reforestation project reserve","Philippines","Cagayan","Luzon",2012-07-08,"N 17.97138","E 121.65150",NA,NA,NA,NA,NA,NA,"Anthony Barley, Cameron Siler, Jason Fernandez",NA,NA
"83","AJB 083","Sphenomorphus","tagapayo",NA,"Gattaran DENR reforestation project reserve","Philippines","Cagayan","Luzon",2012-07-08,"N 17.97138","E 121.65150",NA,NA,NA,NA,NA,NA,"Anthony Barley, Cameron Siler, Jason Fernandez",NA,NA
"84","AJB 084","Sphenomorphus","decipiens",NA,"Gattaran DENR reforestation project reserve","Philippines","Cagayan","Luzon",2012-07-08,"N 17.97138","E 121.65150",NA,NA,NA,NA,NA,NA,"Anthony Barley, Cameron Siler, Jason Fernandez",NA,NA
"85","AJB 085","Brachymeles","kadwa",NA,"Gattaran DENR reforestation project reserve","Philippines","Cagayan","Luzon",2012-07-08,"N 17.97138","E 121.65150",NA,NA,NA,NA,NA,NA,"Anthony Barley, Cameron Siler, Jason Fernandez",NA,NA
"86","AJB 086","Platymantis","dorsalis",NA,"Gattaran DENR reforestation project reserve","Philippines","Cagayan","Luzon",2012-07-08,"N 17.97138","E 121.65150",NA,NA,NA,NA,NA,NA,"Anthony Barley, Cameron Siler, Jason Fernandez",NA,NA
"87","AJB 087","Sphenomorphus","tagapayo",NA,"Gattaran DENR reforestation project reserve","Philippines","Cagayan","Luzon",2012-07-08,"N 17.97138","E 121.65150",NA,NA,NA,NA,NA,NA,"Anthony Barley, Cameron Siler, Jason Fernandez",NA,NA
"88","AJB 088","Sphenomorphus","tagapayo",NA,"Gattaran DENR reforestation project reserve","Philippines","Cagayan","Luzon",2012-07-08,"N 17.97138","E 121.65150",NA,NA,NA,NA,NA,NA,"Anthony Barley, Cameron Siler, Jason Fernandez",NA,NA
"89","AJB 089","Eutropis","multicarinata",NA,"Gattaran DENR reforestation project reserve","Philippines","Cagayan","Luzon",2012-07-08,"N 17.97138","E 121.65150",NA,NA,NA,NA,NA,NA,"Anthony Barley, Cameron Siler, Jason Fernandez",NA,NA
"90","AJB 090","Eutropis","multicarinata",NA,"Gattaran DENR reforestation project reserve","Philippines","Cagayan","Luzon",2012-07-08,"N 17.97138","E 121.65150",NA,NA,NA,NA,NA,NA,"Anthony Barley, Cameron Siler, Jason Fernandez",NA,NA
"91","AJB 091","Brachymeles","bonitae",NA,"Gattaran DENR reforestation project reserve","Philippines","Cagayan","Luzon",2012-07-08,"N 17.97138","E 121.65150",NA,NA,NA,NA,NA,NA,"Anthony Barley, Cameron Siler, Jason Fernandez",NA,NA
"92","AJB 092","Brachymeles","bicolor",NA,"In coconut plantation off coastal highway","Philippines","Cagayan","Luzon",2012-07-08,"N 18.28645","E 121.38052",NA,NA,NA,NA,NA,NA,"Anthony Barley, Cameron Siler, Jason Fernandez",NA,NA
"93","AJB 093","Brachymeles","bicolor",NA,"In coconut plantation off coastal highway","Philippines","Cagayan","Luzon",2012-07-08,"N 18.28645","E 121.38052",NA,NA,NA,NA,NA,NA,"Anthony Barley, Cameron Siler, Jason Fernandez",NA,NA
"94","AJB 094","Brachymeles","bicolor",NA,"In coconut plantation off coastal highway","Philippines","Cagayan","Luzon",2012-07-08,"N 18.28645","E 121.38052",NA,NA,NA,NA,NA,NA,"Anthony Barley, Cameron Siler, Jason Fernandez",NA,NA
"95","AJB 095","Brachymeles","bicolor",NA,"In coconut plantation off coastal highway","Philippines","Cagayan","Luzon",2012-07-08,"N 18.28645","E 121.38052",NA,NA,NA,NA,NA,NA,"Anthony Barley, Cameron Siler, Jason Fernandez",NA,NA
"96","AJB 096","Sphenomorphus","decipiens",NA,"In coconut plantation off coastal highway","Philippines","Cagayan","Luzon",2012-07-08,"N 18.28645","E 121.38052",NA,NA,NA,NA,NA,NA,"Anthony Barley, Cameron Siler, Jason Fernandez",NA,NA
"97","AJB 097","Eutropis","multifasciata",NA,"In field behind restaurant off coastal highway","Philippines","Cagayan","Luzon",2012-07-08,"N 18.34067","E 121.41771",NA,NA,NA,NA,NA,NA,"Anthony Barley, Cameron Siler, Jason Fernandez",NA,NA
"98","AJB 098","Eutropis","multifasciata",NA,"In field behind restaurant off coastal highway","Philippines","Cagayan","Luzon",2012-07-08,"N 18.34067","E 121.41771",NA,NA,NA,NA,NA,NA,"Anthony Barley, Cameron Siler, Jason Fernandez",NA,NA
"99","AJB 099","Eutropis","multifasciata",NA,"In field behind restaurant off coastal highway","Philippines","Cagayan","Luzon",2012-07-08,"N 18.34067","E 121.41771",NA,NA,NA,NA,NA,NA,"Anthony Barley, Cameron Siler, Jason Fernandez",NA,NA
"100","AJB 100","Hoplobatrachus","rugulosus",NA,"In coconut plantation off coastal highway","Philippines","Cagayan","Luzon",2012-07-08,"N 18.28645","E 121.38052",NA,NA,NA,NA,NA,NA,"Anthony Barley, Cameron Siler, Jason Fernandez",NA,NA
"101","AJB 101","Ramphlotyphlops","braminus",NA,"In coconut plantation off coastal highway","Philippines","Cagayan","Luzon",2012-07-08,"N 18.28645","E 121.38052",NA,NA,NA,NA,NA,NA,"Anthony Barley, Cameron Siler, Jason Fernandez",NA,NA
"102","AJB 102","Lamprolepis","smaragdina",NA,"In forest on farm along road from Tabuk City to Rizal","Philippines","Kalinga","Luzon",2012-07-09,"N 17.55682","E 121.43523",NA,NA,NA,NA,NA,NA,"Anthony Barley, Cameron Siler, Jason Fernandez",NA,NA
"103","AJB 103","Gehyra","mutilata",NA,"On wall of hotel in city of Lagawe","Philippines","Ifugao","Luzon",2012-07-09,"N 16.80045","E 121.12351",NA,NA,NA,NA,NA,NA,"Anthony Barley, Cameron Siler, Jason Fernandez",NA,NA
"104","AJB 104","Eutropis","bontocensis",NA,"Just outside city of Bontoc, along road to Tabuk City","Philippines","Mountain","Luzon",2012-07-10,"N 17.10454","E 120.99739",NA,NA,NA,NA,NA,NA,"Anthony Barley, Cameron Siler, Jason Fernandez",NA,NA
"105","AJB 105","Eutropis","bontocensis",NA,"Just outside city of Bontoc, along road to Tabuk City","Philippines","Mountain","Luzon",2012-07-10,"N 17.10454","E 120.99739",NA,NA,NA,NA,NA,NA,"Anthony Barley, Cameron Siler, Jason Fernandez",NA,NA
"106","AJB 106","Eutropis","cumingi",NA,"Just outside city of Bontoc, along road to Tabuk City","Philippines","Mountain","Luzon",2012-07-10,"N 17.10454","E 120.99739",NA,NA,NA,NA,NA,NA,"Anthony Barley, Cameron Siler, Jason Fernandez",NA,NA
"107","AJB 107","Sphenomorphus","jagori",NA,"Just outside city of Bontoc, along road to Tabuk City","Philippines","Mountain","Luzon",2012-07-10,"N 17.10454","E 120.99739",NA,NA,NA,NA,NA,NA,"Anthony Barley, Cameron Siler, Jason Fernandez",NA,NA
"108","AJB 108","Sphenomorphus","jagori",NA,"Just outside city of Bontoc, along road to Tabuk City","Philippines","Mountain","Luzon",2012-07-10,"N 17.10454","E 120.99739",NA,NA,NA,NA,NA,NA,"Anthony Barley, Cameron Siler, Jason Fernandez",NA,NA
"109","AJB 109","Gehyra","mutilata",NA,"Just outside city of Bontoc, along road to Tabuk City","Philippines","Mountain","Luzon",2012-07-10,"N 17.10454","E 120.99739",NA,NA,NA,NA,NA,NA,"Anthony Barley, Cameron Siler, Jason Fernandez",NA,NA
"110","AJB 110","Eutropis","bontocensis",NA,"Just outside city of Bontoc, along road to Tabuk City","Philippines","Mountain","Luzon",2012-07-11,"N 17.10454","E 120.99739",NA,NA,NA,NA,NA,NA,"Anthony Barley, Cameron Siler, Jason Fernandez",NA,NA
"111","AJB 111","Eutropis","bontocensis",NA,"Just outside city of Bontoc, along road to Tabuk City","Philippines","Mountain","Luzon",2012-07-11,"N 17.10454","E 120.99739",NA,NA,NA,NA,NA,NA,"Anthony Barley, Cameron Siler, Jason Fernandez",NA,NA
"112","AJB 112","Eutropis","bontocensis",NA,"Just outside city of Bontoc, along road to Tabuk City","Philippines","Mountain","Luzon",2012-07-11,"N 17.10454","E 120.99739",NA,NA,NA,NA,NA,NA,"Anthony Barley, Cameron Siler, Jason Fernandez",NA,NA
"113","AJB 113","Eutropis","bontocensis",NA,"Just outside city of Bontoc, along road to Tabuk City","Philippines","Mountain","Luzon",2012-07-11,"N 17.10454","E 120.99739",NA,NA,NA,NA,NA,NA,"Anthony Barley, Cameron Siler, Jason Fernandez",NA,NA
"114","AJB 114","Eutropis","bontocensis",NA,"Just outside city of Bontoc, along road to Tabuk City","Philippines","Mountain","Luzon",2012-07-11,"N 17.10454","E 120.99739",NA,NA,NA,NA,NA,NA,"Anthony Barley, Cameron Siler, Jason Fernandez",NA,NA
"115","AJB 115","Eutropis","bontocensis",NA,"Just outside city of Bontoc, along road to Tabuk City","Philippines","Mountain","Luzon",2012-07-11,"N 17.10454","E 120.99739",NA,NA,NA,NA,NA,NA,"Anthony Barley, Cameron Siler, Jason Fernandez",NA,NA
"116","AJB 116","Eutropis","bontocensis",NA,"Just outside city of Bontoc, along road to Tabuk City","Philippines","Mountain","Luzon",2012-07-11,"N 17.10454","E 120.99739",NA,NA,NA,NA,NA,NA,"Anthony Barley, Cameron Siler, Jason Fernandez",NA,NA
"117","AJB 117","Eutropis","bontocensis",NA,"Just outside city of Bontoc, along road to Tabuk City","Philippines","Mountain","Luzon",2012-07-11,"N 17.10454","E 120.99739",NA,NA,NA,NA,NA,NA,"Anthony Barley, Cameron Siler, Jason Fernandez",NA,NA
"118","AJB 118","Eutropis","bontocensis",NA,"Just outside city of Bontoc, along road to Tabuk City","Philippines","Mountain","Luzon",2012-07-11,"N 17.10454","E 120.99739",NA,NA,NA,NA,NA,NA,"Anthony Barley, Cameron Siler, Jason Fernandez",NA,NA
"119","AJB 119","Eutropis","bontocensis",NA,"Just outside city of Bontoc, along road to Tabuk City","Philippines","Mountain","Luzon",2012-07-11,"N 17.10454","E 120.99739",NA,NA,NA,NA,NA,NA,"Anthony Barley, Cameron Siler, Jason Fernandez",NA,NA
"120","AJB 120","Eutropis","bontocensis",NA,"Just outside city of Bontoc, along road to Tabuk City","Philippines","Mountain","Luzon",2012-07-11,"N 17.10454","E 120.99739",NA,NA,NA,NA,NA,NA,"Anthony Barley, Cameron Siler, Jason Fernandez",NA,NA
"121","AJB 121","Eutropis","bontocensis",NA,"Just outside city of Bontoc, along road to Tabuk City","Philippines","Mountain","Luzon",2012-07-11,"N 17.10454","E 120.99739",NA,NA,NA,NA,NA,NA,"Anthony Barley, Cameron Siler, Jason Fernandez",NA,NA
"122","AJB 122","Arizona","elegans",NA,"Route 66, East of Newberry Springs","United States","California",NA,2014-05-26,NA,NA,NA,NA,NA,NA,NA,NA,"Anthony Barley, Amber Wright, Bob Thomson, Greg Pauly",NA,NA
"123","AJB 123","Phylorhynchus","decortatus",NA,"Route 66, East of Newberry Springs","United States","California",NA,2014-05-26,NA,NA,NA,NA,NA,NA,NA,NA,"Anthony Barley, Amber Wright, Bob Thomson, Greg Pauly",NA,NA
"124","AJB 124","Uta","stansburiana",NA,"Kingston Mountains","United States","California",NA,2019-05-28,NA,NA,NA,NA,NA,NA,NA,NA,"Anthony Barley, Amber Wright, Bob Thomson, Greg Pauly",NA,NA
"125","AJB 125","Sceloporus","occidentalis",NA,"Horsethief springs, Kingston Mountains","United States","California",NA,2019-05-30,NA,NA,NA,NA,NA,NA,NA,NA,"Anthony Barley, Amber Wright, Bob Thomson, Greg Pauly",NA,NA
"126","AJB 126","Sceloporus","occidentalis",NA,"Horsethief springs, Kingston Mountains","United States","California",NA,2019-05-30,NA,NA,NA,NA,NA,NA,NA,NA,"Anthony Barley, Amber Wright, Bob Thomson, Greg Pauly",NA,NA
"127","AJB 127","Hemidactylus","frenatus",NA,"Popoia Island, near Oahu","United States","Hawaii",NA,2016-09-06,NA,NA,NA,NA,NA,NA,NA,NA,NA,NA,NA
"128","AJB 128","Cryptoblepharus","poecilopleurus",NA,"Goat Island, near Malekehana Campground, Oahu","United States","Hawaii",NA,2016-09-07,NA,NA,NA,NA,NA,NA,NA,NA,NA,NA,NA
"129","AJB 129","Cryptoblepharus","poecilopleurus",NA,"Kaena point, Oahu","United States","Hawaii",NA,2017-02-16,NA,NA,NA,NA,NA,NA,NA,NA,NA,NA,NA
"130","AJB 130","Hemidactylus","frenatus",NA,"Kaena point, Oahu","United States","Hawaii",NA,2017-02-16,NA,NA,NA,NA,NA,NA,NA,NA,NA,NA,NA
"131","AJB 131","Ramphlotyphlops","braminus",NA,"Kaena point, Oahu","United States","Hawaii",NA,2017-02-16,NA,NA,NA,NA,NA,NA,NA,NA,NA,NA,NA
"132","AJB 132","Aspidoscelis","sonorae",NA,"Sacramento Bar Park, along American River, Fair Oaks","United States","California",NA,2019-04-13,NA,NA,NA,NA,NA,NA,NA,NA,NA,NA,NA
"133","AJB 133","Aspidoscelis","tigris",NA,"20212 Eyota Road, Apple Valley","United States","California",NA,2018-06-01,NA,NA,NA,NA,NA,NA,NA,NA,NA,"original date: Summer 2018",NA
"134","AJB 134","Aspidoscelis","tigris",NA,"20212 Eyota Road, Apple Valley","United States","California",NA,2018-06-01,NA,NA,NA,NA,NA,NA,NA,NA,NA,"original date: Summer 2018",NA
"135","AJB 135","Sceloporus","magister",NA,"20212 Eyota Road, Apple Valley","United States","California",NA,2018-06-01,NA,NA,NA,NA,NA,NA,NA,NA,NA,"original date: Summer 2018",NA
"136","AJB 136","Sceloporus","magister",NA,"20212 Eyota Road, Apple Valley","United States","California",NA,2018-06-01,NA,NA,NA,NA,NA,NA,NA,NA,NA,"original date: Summer 2018",NA
"137","AJB 137","Sceloporus","magister",NA,"20212 Eyota Road, Apple Valley","United States","California",NA,2019-09-01,NA,NA,NA,NA,NA,NA,NA,NA,NA,"original date: Fall 2019",NA
"138","AJB 138","Sceloporus","magister",NA,"20212 Eyota Road, Apple Valley","United States","California",NA,2019-09-01,NA,NA,NA,NA,NA,NA,NA,NA,NA,"original date: Fall 2019",NA
"139","AJB 139","Aspidoscelis","tigris",NA,"Stebbins Cold Canyon","United States","California",NA,2019-09-01,NA,NA,NA,NA,NA,NA,"102 mm SVL",NA,NA,"original date: Fall 2019",NA
"140","AJB 140","Aspidoscelis","velox",NA,NA,"United States","Arizona",NA,2019-06-02,"35.217638000000001","-111.43070299999999",NA,NA,NA,NA,NA,NA,NA,NA,NA
"141","AJB 141","Aspidoscelis","neomexicanus",NA,"5301 Kim Road, Rio Rancho","United States","New Mexico",NA,2019-06-04,"35.288626000000001","-106.629242",NA,NA,NA,NA,NA,NA,NA,NA,NA
"142","AJB 142","Aspidoscelis","tigris",NA,"20212 Eyota Road, Apple Valley",NA,"California",NA,2020-06-01,NA,NA,NA,NA,NA,NA,NA,NA,NA,"Original date: Summer 2020",NA
"143","AJB 143","Aspidoscelis","tigris",NA,"20212 Eyota Road, Apple Valley",NA,"California",NA,2020-06-01,NA,NA,NA,NA,NA,NA,NA,NA,NA,"Original date: Summer 2020",NA
"144","AJB 144","Elgaria","multicarinata",NA,"Pole Line Road ar Covell, Davis","United States","California",NA,2021-09-19,NA,NA,NA,NA,NA,NA,NA,NA,NA,NA,NA
"145","AJB 145","Uta","stansburiana",NA,"Phoenix Mountain Preserve","United States","Arizona",NA,2021-11-06,"33.565838999999997","-111.996481",NA,NA,NA,NA,NA,NA,NA,NA,NA
"146","AJB 146","Hemidactylus","frenatus",NA,"Rabbit Island","United States","Hawaii",NA,1905-07-09,NA,NA,NA,NA,NA,NA,NA,NA,NA,NA,NA
"147","AJB 147","Uta","stansburiana",NA,"Shadow Mountain","United States","Arizona",NA,2023-04-29,"33.609540000000003","-112.02661999999999",NA,NA,NA,NA,NA,NA,"Anthony Barley; Kimberley Merrill; Cal Ostrom",NA,NA
"148","AJB 148","Sauromalus","ater",NA,"Shadow Mountain","United States","Arizona",NA,2023-04-29,"33.61271","-112.02506",NA,NA,NA,NA,NA,NA,"Anthony Barley; Kimberley Merrill; Cal Ostrom",NA,NA
"149","AJB 149","Urosaurus","ornatus",NA,"South Mountain","United States","Arizona",NA,2023-05-08,"33.368375999999998","-111.988409",NA,NA,NA,NA,NA,NA,NA,NA,NA
"150","AJB 150","Dipsosaurus","dorsalis",NA,"South Mountain","United States","Arizona",NA,2023-05-08,"33.363807999999999","-111.986498",NA,NA,NA,NA,NA,NA,NA,NA,NA
"151","AJB 151","Uta","stansburiana",NA,"South Mountain","United States","Arizona",NA,2023-05-08,"33.363807999999999","-111.986498",NA,NA,NA,NA,NA,NA,NA,NA,NA
"152","AJB 152","Dipsosaurus","dorsalis",NA,"South Mountain","United States","Arizona",NA,2023-05-08,"33.363807999999999","-111.986498",NA,NA,NA,NA,NA,NA,NA,NA,NA
"153","AJB 153","Urosaurus","ornatus",NA,"Queen Creek Canyon","United States","Arizona",NA,2023-05-07,"33.303291999999999","-111.08113400000001",NA,NA,NA,NA,NA,NA,"Anthony Barley; Hannah Holmes",NA,NA
"154","AJB 154","Urosaurus","ornatus",NA,"Queen Creek Canyon","United States","Arizona",NA,2023-05-07,"33.303291999999999","-111.08113400000001",NA,NA,NA,NA,NA,NA,"Anthony Barley; Hannah Holmes",NA,NA
"155","AJB 155","Aspidoscelis","sonorae",NA,"Sunset Point","United States","Arizona",NA,2023-05-18,"34.197749999999999","-112.130178",NA,NA,NA,NA,NA,NA,"Anthony Barley; Kimberley Merrill; Hannah Holmes","Whole animal frozen, tissue sent to Levi",NA
"156","AJB 156","Aspidoscelis","tigris",NA,"Lookout Mountain","United States","Arizona",NA,2023-05-23,"33.616826000000003","-112.047668",NA,NA,NA,NA,NA,NA,"Anthony Barley","Whole animal frozen, tissue sent to Levi",NA
"157","AJB 157","Aspidoscelis","sonorae",NA,"Sunset Point","United States","Arizona",NA,2023-05-18,"34.197749999999999","-112.130178",NA,NA,NA,NA,NA,NA,"Anthony Barley; Kimberley Merrill; Hannah Holmes","Whole animal frozen, tissue not taken",NA
"158","AJB 158","Aspidoscelis","tigris",NA,"Cave Buttes","United States","Arizona",NA,2023-05-23,"33.727477","-112.032577",NA,NA,NA,NA,NA,NA,"Brian Sullivan","Whole animal frozen, tissue taken",NA
"159","AJB 159","Aspidoscelis","tigris",NA,"Granite Gap","United States","New Mexico",NA,2023-09-16,"32.095336000000003","-108.97927199999999",NA,NA,NA,"Juvenile female",NA,NA,"Anthony Barley",NA,"tigris 2 blood smear; 2 tissue tubes for tail and liver"
"160","AJB 160","Aspidoscelis","tigris",NA,"Granite Gap","United States","New Mexico",NA,2023-09-16,"32.095336000000003","-108.97927199999999",NA,NA,NA,NA,NA,NA,"Anthony Barley",NA,NA
"161","AJB 161","Aspidoscelis",NA,NA,"Just off Kansas Settlement Rd. just south of Rte. 186, ~5–6 miles SE of Wilcox","United States","Arizona",NA,2023-09-17,"32.190365999999997","-109.755855",NA,NA,NA,NA,NA,NA,"Anthony Barley; Levi Gray","tail only",NA
"162","AJB 162","Aspidoscelis",NA,NA,"Just off Kansas Settlement Rd. just south of Rte. 186, ~5–6 miles SE of Wilcox","United States","Arizona",NA,2023-09-17,"32.190365999999997","-109.755855",NA,NA,NA,NA,NA,NA,"Anthony Barley; Levi Gray",NA,NA
"163","AJB 163","Aspidoscelis",NA,NA,"Just off Kansas Settlement Rd. just south of Rte. 186, ~5–6 miles SE of Wilcox","United States","Arizona",NA,2023-09-17,"32.190365999999997","-109.755855",NA,NA,NA,NA,NA,NA,"Anthony Barley; Levi Gray",NA,"uniparens blood smear; 2 tissue tubes for tail and liver"
"164","AJB 164","Aspidoscelis","sonorae",NA,"Sunset Point","United States","Arizona",NA,2023-09-19,"34.197749999999999","-112.130178",NA,NA,NA,NA,NA,NA,NA,NA,NA
"165","AJB 165","Aspidoscelis","sonorae",NA,"Sunset Point","United States","Arizona",NA,2023-09-19,"34.197749999999999","-112.130178",NA,NA,NA,NA,NA,NA,NA,NA,"blood smear; 2 tissue tubes for tail and liver"
"166","AJB 166","Aspidoscelis","tigris",NA,"Phoenix","United States","Arizona",NA,2023-09-25,"33.602573999999997","-112.05028900000001",NA,NA,NA,NA,NA,NA,NA,NA,"Found DOR on golf cart path"
"167","AJB 167","Hipsiglena","torquatus",NA,"DOR near Chad Johnson's house, Phoenix","United States","Arizona",NA,2024-04-11,"33.616674000000003","-112.050712",NA,NA,NA,NA,NA,NA,NA,NA,NA
"168","AJB 168","Uta","stansburiana",NA,"Peoria Regional Preserve, East Wing Mountain Trailhead","United States","Arizona",NA,2024-04-11,"33.751401999999999","-112.217324",NA,NA,NA,NA,NA,NA,NA,NA,NA
"169","AJB 169","Uta","stansburiana",NA,"Peoria Regional Preserve, East Wing Mountain Trailhead","United States","Arizona",NA,2024-04-11,"33.751401999999999","-112.217324",NA,NA,NA,NA,NA,NA,NA,NA,NA
"170","AJB 170","Aspidoscelis","burti","xanthanotus","Quartz peak trail, Estrella Mountains","United States","Arizona",NA,2024-04-13,"33.222270000000002","-112.23268",NA,NA,NA,"juvenile male",NA,NA,NA,NA,NA
"171","AJB 171","Aspidoscelis","tigris",NA,"Quartz peak trail, Estrella Mountains","United States","Arizona",NA,2024-04-13,"33.208317999999998","-112.238933",NA,NA,NA,NA,NA,NA,NA,NA,NA
"172","AJB 172","Aspidoscelis","tigris",NA,"Quartz peak trail, Estrella Mountains","United States","Arizona",NA,2024-04-13,"33.208317999999998","-112.238933",NA,NA,NA,NA,NA,NA,NA,NA,NA
"173","AJB 173","Aspidoscelis","tigris",NA,"Quartz peak trail, Estrella Mountains","United States","Arizona",NA,2024-04-13,"33.208317999999998","-112.238933",NA,NA,NA,NA,NA,NA,NA,NA,NA
"174","AJB 174","Aspidoscelis","tigris",NA,"Quartz peak trail, Estrella Mountains","United States","Arizona",NA,2024-04-13,"33.208317999999998","-112.238933",NA,NA,NA,NA,NA,NA,NA,NA,NA
"175","AJB 175","Crotaphytus","nebrius",NA,"Quartz peak trail, Estrella Mountains","United States","Arizona",NA,2024-04-13,"33.208317999999998","-112.238933",NA,NA,NA,NA,NA,NA,NA,NA,"tail tip"
"176","AJB 176","Aspidoscelis","tigris",NA,"Table Top peak trail, Table top wilderness","United States","Arizona",NA,2024-04-28,"32.746496999999998","-112.13687",NA,NA,NA,NA,NA,NA,NA,NA,NA
"177","AJB 177","Aspidoscelis","tigris",NA,"Table Top peak trail, Table top wilderness","United States","Arizona",NA,2024-04-28,"32.746496999999998","-112.13687",NA,NA,NA,NA,NA,NA,NA,NA,NA
"178","AJB 178","Aspidoscelis","burti","xanthanotus","Table Top peak trail, Table top wilderness","United States","Arizona",NA,2024-05-19,"32.748663000000001","-112.12818799999999",NA,NA,NA,"male",NA,NA,NA,NA,NA
"179","AJB 179","Aspidoscelis","burti","xanthanotus","Table Top peak trail, Table top wilderness","United States","Arizona",NA,2024-05-19,"32.748663000000001","-112.12818799999999",NA,NA,NA,"male",NA,NA,NA,NA,NA
"180","AJB 180","Aspidoscelis","tigris",NA,"West of Catalina in wash","United States","Arizona",NA,2024-06-22,"32.524872999999999","-110.983898",NA,NA,NA,"male",NA,NA,NA,NA,NA
"181","AJB 181","Aspidoscelis","tigris",NA,"West of Catalina in wash","United States","Arizona",NA,2024-06-22,"32.524872999999999","-110.983898",NA,NA,NA,"male",NA,NA,NA,NA,NA
"182","AJB 182","Aspidoscelis","guttatus",NA,"Lot near La Cerquilla","Mexico","Veracruz",NA,2024-07-14,"17.907606000000001","-95.040008999999998",NA,NA,NA,"male",NA,NA,NA,NA,NA
"183","AJB 183A","Aspidoscelis","guttatus","liver","Lot near La Cerquilla","Mexico","Veracruz",NA,2024-07-14,"17.907606000000001","-95.040008999999998",NA,"Wasn't able to pop hemipenes","liquid nitrogen","male?",NA,NA,NA,NA,NA
"184","AJB 183B","Aspidoscelis","guttatus","spleen","Lot near La Cerquilla","Mexico","Veracruz",NA,2024-07-14,"17.907606000000001","-95.040008999999998",NA,NA,"liquid nitrogen",NA,NA,NA,NA,NA,NA
"185","AJB 183C","Aspidoscelis","guttatus","heart","Lot near La Cerquilla","Mexico","Veracruz",NA,2024-07-14,"17.907606000000001","-95.040008999999998",NA,NA,"liquid nitrogen",NA,NA,NA,NA,NA,NA
"186","AJB 183D","Aspidoscelis","guttatus","testes","Lot near La Cerquilla","Mexico","Veracruz",NA,2024-07-14,"17.907606000000001","-95.040008999999998",NA,NA,"liquid nitrogen",NA,NA,NA,NA,NA,NA
"187","AJB 183E","Aspidoscelis","guttatus","brain","Lot near La Cerquilla","Mexico","Veracruz",NA,2024-07-14,"17.907606000000001","-95.040008999999998",NA,NA,"liquid nitrogen",NA,NA,NA,NA,NA,NA
"188","AJB 184A","Aspidoscelis","guttatus","liver","Lot near La Cerquilla","Mexico","Veracruz",NA,2024-07-14,"17.907606000000001","-95.040008999999998",NA,NA,"RNAlater","male",NA,NA,NA,NA,NA
"189","AJB 184B","Aspidoscelis","guttatus","spleen","Lot near La Cerquilla","Mexico","Veracruz",NA,2024-07-14,"17.907606000000001","-95.040008999999998",NA,NA,"RNAlater","male",NA,NA,NA,NA,NA
"190","AJB 184C","Aspidoscelis","guttatus","heart","Lot near La Cerquilla","Mexico","Veracruz",NA,2024-07-14,"17.907606000000001","-95.040008999999998",NA,NA,"RNAlater","male",NA,NA,NA,NA,NA
"191","AJB 184D","Aspidoscelis","guttatus","testes","Lot near La Cerquilla","Mexico","Veracruz",NA,2024-07-14,"17.907606000000001","-95.040008999999998",NA,NA,"RNAlater","male",NA,NA,NA,NA,NA
"192","AJB 184E","Aspidoscelis","guttatus","brain","Lot near La Cerquilla","Mexico","Veracruz",NA,2024-07-14,"17.907606000000001","-95.040008999999998",NA,NA,"RNAlater","male",NA,NA,NA,NA,NA
"193","AJB 185","Aspidoscelis","deppii",NA,"On beach near Playa Bonita","Mexico","Tabasco",NA,2024-07-15,"18.432406","-92.080578000000003",NA,NA,NA,"male",NA,NA,NA,NA,NA
"194","AJB 186","Aspidoscelis","deppii",NA,"On beach near Playa Bonita","Mexico","Tabasco",NA,2024-07-15,"18.432406","-92.080578000000003",NA,NA,NA,"male",NA,NA,NA,NA,NA
"195","AJB 187A","Aspidoscelis","deppii","liver","On beach near Playa Bonita","Mexico","Tabasco",NA,2024-07-15,"18.432406","-92.080578000000003",NA,NA,"liquid nitrogen","female",NA,NA,NA,NA,NA
"196","AJB 187B","Aspidoscelis","deppii","spleen","On beach near Playa Bonita","Mexico","Tabasco",NA,2024-07-15,"18.432406","-92.080578000000003",NA,NA,"liquid nitrogen","female",NA,NA,NA,NA,NA
"197","AJB 187C","Aspidoscelis","deppii","heart","On beach near Playa Bonita","Mexico","Tabasco",NA,2024-07-15,"18.432406","-92.080578000000003",NA,NA,"liquid nitrogen","female",NA,NA,NA,NA,NA
"198","AJB 187D","Aspidoscelis","deppii","testes","On beach near Playa Bonita","Mexico","Tabasco",NA,2024-07-15,"18.432406","-92.080578000000003",NA,NA,"liquid nitrogen","female",NA,NA,NA,NA,NA
"199","AJB 187E","Aspidoscelis","deppii","brain","On beach near Playa Bonita","Mexico","Tabasco",NA,2024-07-15,"18.432406","-92.080578000000003",NA,NA,"liquid nitrogen","female",NA,NA,NA,NA,NA
"200","AJB 188","Aspidoscelis","deppii",NA,"On beach near Playa Bonita","Mexico","Tabasco",NA,2024-07-15,"18.432406","-92.080578000000003",NA,NA,NA,"female?",NA,NA,NA,NA,NA
"201","AJB 189A","Aspidoscelis","deppii","liver","On beach near Playa Bonita","Mexico","Tabasco",NA,2024-07-15,"18.432406","-92.080578000000003",NA,NA,"RNAlater","juvenile",NA,NA,NA,NA,NA
"202","AJB 189B","Aspidoscelis","deppii","spleen","On beach near Playa Bonita","Mexico","Tabasco",NA,2024-07-15,"18.432406","-92.080578000000003",NA,NA,"RNAlater","juvenile",NA,NA,NA,NA,NA
"203","AJB 189C","Aspidoscelis","deppii","heart","On beach near Playa Bonita","Mexico","Tabasco",NA,2024-07-15,"18.432406","-92.080578000000003",NA,NA,"RNAlater","juvenile",NA,NA,NA,NA,NA
"204","AJB 189E","Aspidoscelis","deppii","brain","On beach near Playa Bonita","Mexico","Tabasco",NA,2024-07-15,"18.432406","-92.080578000000003",NA,NA,"RNAlater","juvenile",NA,NA,NA,NA,NA
"205","AJB 190A","Aspidoscelis","maslini","liver","On beach near vegetation","Mexico","Campeche",NA,2024-07-15,"18.881710999999999","-91.404753999999997",NA,NA,"liquid nitrogen","female",NA,NA,NA,NA,NA
"206","AJB 190B","Aspidoscelis","maslini","spleen","On beach near vegetation","Mexico","Campeche",NA,2024-07-15,"18.881710999999999","-91.404753999999997",NA,NA,"liquid nitrogen","female",NA,NA,NA,NA,NA
"207","AJB 190C","Aspidoscelis","maslini","heart","On beach near vegetation","Mexico","Campeche",NA,2024-07-15,"18.881710999999999","-91.404753999999997",NA,NA,"liquid nitrogen","female",NA,NA,NA,NA,NA
"208","AJB 190D","Aspidoscelis","maslini","ovary","On beach near vegetation","Mexico","Campeche",NA,2024-07-15,"18.881710999999999","-91.404753999999997",NA,NA,"liquid nitrogen","female",NA,NA,NA,NA,NA
"209","AJB 190E","Aspidoscelis","maslini","brain","On beach near vegetation","Mexico","Campeche",NA,2024-07-15,"18.881710999999999","-91.404753999999997",NA,NA,"liquid nitrogen","female",NA,NA,NA,NA,NA
"210","AJB 190F","Aspidoscelis","maslini","egg","On beach near vegetation","Mexico","Campeche",NA,2024-07-15,"18.881710999999999","-91.404753999999997",NA,NA,"RNAlater","female",NA,NA,NA,NA,NA
"211","AJB 191A","Aspidoscelis","maslini","liver","On beach near vegetation","Mexico","Campeche",NA,2024-07-15,"18.881710999999999","-91.404753999999997",NA,NA,"RNAlater","female",NA,NA,NA,NA,NA
"212","AJB 191B","Aspidoscelis","maslini","spleen","On beach near vegetation","Mexico","Campeche",NA,2024-07-15,"18.881710999999999","-91.404753999999997",NA,NA,"RNAlater","female",NA,NA,NA,NA,NA
"213","AJB 191C","Aspidoscelis","maslini","heart","On beach near vegetation","Mexico","Campeche",NA,2024-07-15,"18.881710999999999","-91.404753999999997",NA,NA,"RNAlater","female",NA,NA,NA,NA,NA
"214","AJB 191D","Aspidoscelis","maslini","ovary","On beach near vegetation","Mexico","Campeche",NA,2024-07-15,"18.881710999999999","-91.404753999999997",NA,NA,"RNAlater","female",NA,NA,NA,NA,NA
"215","AJB 191E","Aspidoscelis","maslini","brain","On beach near vegetation","Mexico","Campeche",NA,2024-07-15,"18.881710999999999","-91.404753999999997",NA,NA,"RNAlater","female",NA,NA,NA,NA,NA
"216","AJB 192A","Aspidoscelis","angusticeps","liver","In lot near train tracks east of División del Norte","Mexico","Campeche",NA,2024-07-16,"18.52994","-90.758606999999998",NA,NA,"liquid nitrogen","female",NA,NA,NA,NA,NA
"217","AJB 192B","Aspidoscelis","angusticeps","spleen","In lot near train tracks east of División del Norte","Mexico","Campeche",NA,2024-07-16,"18.52994","-90.758606999999998",NA,NA,"liquid nitrogen","female",NA,NA,NA,NA,NA
"218","AJB 192C","Aspidoscelis","angusticeps","heart","In lot near train tracks east of División del Norte","Mexico","Campeche",NA,2024-07-16,"18.52994","-90.758606999999998",NA,NA,"liquid nitrogen","female",NA,NA,NA,NA,NA
"219","AJB 192D","Aspidoscelis","angusticeps","ovary","In lot near train tracks east of División del Norte","Mexico","Campeche",NA,2024-07-16,"18.52994","-90.758606999999998",NA,NA,"liquid nitrogen","female",NA,NA,NA,NA,NA
"220","AJB 192E","Aspidoscelis","angusticeps","brain","In lot near train tracks east of División del Norte","Mexico","Campeche",NA,2024-07-16,"18.52994","-90.758606999999998",NA,NA,"liquid nitrogen","female",NA,NA,NA,NA,NA
"221","AJB 193A","Aspidoscelis","angusticeps","liver","In lot near train tracks east of División del Norte","Mexico","Campeche",NA,2024-07-16,"18.52994","-90.758606999999998",NA,NA,"RNAlater","male",NA,NA,NA,NA,NA
"222","AJB 193B","Aspidoscelis","angusticeps","spleen","In lot near train tracks east of División del Norte","Mexico","Campeche",NA,2024-07-16,"18.52994","-90.758606999999998",NA,NA,"RNAlater","male",NA,NA,NA,NA,NA
"223","AJB 193C","Aspidoscelis","angusticeps","heart","In lot near train tracks east of División del Norte","Mexico","Campeche",NA,2024-07-16,"18.52994","-90.758606999999998",NA,NA,"RNAlater","male",NA,NA,NA,NA,NA
"224","AJB 193D","Aspidoscelis","angusticeps","testes","In lot near train tracks east of División del Norte","Mexico","Campeche",NA,2024-07-16,"18.52994","-90.758606999999998",NA,NA,"RNAlater","male",NA,NA,NA,NA,NA
"225","AJB 193E","Aspidoscelis","angusticeps","brain","In lot near train tracks east of División del Norte","Mexico","Campeche",NA,2024-07-16,"18.52994","-90.758606999999998",NA,NA,"RNAlater","male",NA,NA,NA,NA,NA
"226","AJB 194","Aspidoscelis","angusticeps",NA,"In lot near train tracks east of División del Norte","Mexico","Campeche",NA,2024-07-16,"18.52994","-90.758606999999998",NA,NA,NA,"female",NA,NA,NA,NA,NA
"227","AJB 195A","Aspiodoscelis","parvisocius","liver","In lot south of San Sebastian Zanatepec","Mexico","Puebla",NA,2024-07-18,"18.268903000000002","-97.168739000000002",NA,NA,"liquid nitrogen","male",NA,NA,NA,NA,NA
"228","AJB 195B","Aspiodoscelis","parvisocius","spleen","In lot south of San Sebastian Zanatepec","Mexico","Puebla",NA,2024-07-18,"18.268903000000002","-97.168739000000002",NA,NA,"liquid nitrogen","male",NA,NA,NA,NA,NA
"229","AJB 195C","Aspiodoscelis","parvisocius","heart","In lot south of San Sebastian Zanatepec","Mexico","Puebla",NA,2024-07-18,"18.268903000000002","-97.168739000000002",NA,NA,"liquid nitrogen","male",NA,NA,NA,NA,NA
"230","AJB 195D","Aspiodoscelis","parvisocius","ovary","In lot south of San Sebastian Zanatepec","Mexico","Puebla",NA,2024-07-18,"18.268903000000002","-97.168739000000002",NA,NA,"liquid nitrogen","male",NA,NA,NA,NA,NA
"231","AJB 195E","Aspiodoscelis","parvisocius","brain","In lot south of San Sebastian Zanatepec","Mexico","Puebla",NA,2024-07-18,"18.268903000000002","-97.168739000000002",NA,NA,"liquid nitrogen","male",NA,NA,NA,NA,NA
"232","AJB 195F","Aspiodoscelis","parvisocius","muscle","In lot south of San Sebastian Zanatepec","Mexico","Puebla",NA,2024-07-18,"18.268903000000002","-97.168739000000002",NA,NA,"liquid nitrogen","male",NA,NA,NA,NA,NA
"233","AJB 196A","Aspiodoscelis","parvisocius","liver","In lot south of San Sebastian Zanatepec","Mexico","Puebla",NA,2024-07-18,"18.268903000000002","-97.168739000000002",NA,NA,"RNAlater","female",NA,NA,NA,NA,NA
"234","AJB 196B","Aspiodoscelis","parvisocius","heart","In lot south of San Sebastian Zanatepec","Mexico","Puebla",NA,2024-07-18,"18.268903000000002","-97.168739000000002",NA,NA,"RNAlater","female",NA,NA,NA,NA,NA
"235","AJB 196C","Aspiodoscelis","parvisocius","brain","In lot south of San Sebastian Zanatepec","Mexico","Puebla",NA,2024-07-18,"18.268903000000002","-97.168739000000002",NA,NA,"RNAlater","female",NA,NA,NA,NA,NA
"236","AJB 196D","Aspiodoscelis","parvisocius","muscle","In lot south of San Sebastian Zanatepec","Mexico","Puebla",NA,2024-07-18,"18.268903000000002","-97.168739000000002",NA,NA,"RNAlater","female",NA,NA,NA,NA,NA
"237","AJB 197","Aspiodoscelis","parvisocius",NA,"Near San Juan de Los Cues","Mexico","Oaxaca",NA,2024-07-18,"18.046467","-97.068352000000004",NA,NA,NA,"male",NA,NA,NA,NA,NA
"238","AJB 198","Aspiodoscelis","parvisocius",NA,"Near San Juan de Los Cues","Mexico","Oaxaca",NA,2024-07-18,"18.046467","-97.068352000000004",NA,NA,NA,"male",NA,NA,NA,NA,NA
"239","AJB 199","Aspiodoscelis","parvisocius",NA,"In lot south of San Sebastian Zanatepec","Mexico","Puebla",NA,2024-07-18,"18.268903000000002","-97.168739000000002",NA,NA,NA,"male",NA,NA,NA,NA,NA
"240","AJB 200","Aspiodoscelis","parvisocius",NA,"In lot south of San Sebastian Zanatepec","Mexico","Puebla",NA,2024-07-18,"18.268903000000002","-97.168739000000002",NA,NA,NA,"male",NA,NA,NA,NA,NA
"241","AJB 201","Aspiodoscelis","parvisocius",NA,"In lot south of San Sebastian Zanatepec","Mexico","Puebla",NA,2024-07-18,"18.268903000000002","-97.168739000000002",NA,NA,NA,"juvenile",NA,NA,NA,NA,NA
"242","AJB 202","Anolis","quercorum",NA,"Just southeast of Santa Maria Texcatitlan","Mexico","Oaxaca",NA,2024-07-18,"17.712900000000001","-97.052800000000005",NA,NA,NA,"male",NA,NA,NA,NA,NA
"243","AJB 203","Anolis","quercorum",NA,"Just southeast of Santa Maria Texcatitlan","Mexico","Oaxaca",NA,2024-07-18,"17.712900000000001","-97.052800000000005",NA,NA,NA,"male",NA,NA,NA,NA,NA
"244","AJB 204","Anolis","quercorum",NA,"Just southeast of Santa Maria Texcatitlan","Mexico","Oaxaca",NA,2024-07-18,"17.712900000000001","-97.052800000000005",NA,NA,NA,"female",NA,NA,NA,NA,NA
"245","AJB 205A","Aspidoscelis","deppii infernalis","liver","Near Tecpan de Galeano in dry riverbed","Mexico","Puebla",NA,2024-07-20,"18.266054","-98.103319999999997",NA,NA,"liquid nitrogen","juvenile female?",NA,NA,NA,NA,NA
"246","AJB 205B","Aspidoscelis","deppii infernalis","heart","Near Tecpan de Galeano in dry riverbed","Mexico","Puebla",NA,2024-07-20,"18.266054","-98.103319999999997",NA,NA,"liquid nitrogen","juvenile female?",NA,NA,NA,NA,NA
"247","AJB 205C","Aspidoscelis","deppii infernalis","brain","Near Tecpan de Galeano in dry riverbed","Mexico","Puebla",NA,2024-07-20,"18.266054","-98.103319999999997",NA,NA,"liquid nitrogen","juvenile female?",NA,NA,NA,NA,NA
"248","AJB 205D","Aspidoscelis","deppii infernalis","muscle","Near Tecpan de Galeano in dry riverbed","Mexico","Puebla",NA,2024-07-20,"18.266054","-98.103319999999997",NA,NA,"liquid nitrogen","juvenile female?",NA,NA,NA,NA,NA
"249","AJB 206A","Aspidoscelis","costatus","liver","Near Tecpan de Galeano in dry riverbed","Mexico","Puebla",NA,2024-07-20,"18.266054","-98.103319999999997",NA,NA,"liquid nitrogen/RNAlater","male",NA,NA,NA,NA,NA
"250","AJB 206B","Aspidoscelis","costatus","spleen","Near Tecpan de Galeano in dry riverbed","Mexico","Puebla",NA,2024-07-20,"18.266054","-98.103319999999997",NA,NA,"RNAlater","male",NA,NA,NA,NA,NA
"251","AJB 206C","Aspidoscelis","costatus","heart","Near Tecpan de Galeano in dry riverbed","Mexico","Puebla",NA,2024-07-20,"18.266054","-98.103319999999997",NA,NA,"RNAlater","male",NA,NA,NA,NA,NA
"252","AJB 206D","Aspidoscelis","costatus","testes","Near Tecpan de Galeano in dry riverbed","Mexico","Puebla",NA,2024-07-20,"18.266054","-98.103319999999997",NA,NA,"RNAlater","male",NA,NA,NA,NA,NA
"253","AJB 206E","Aspidoscelis","costatus","brain","Near Tecpan de Galeano in dry riverbed","Mexico","Puebla",NA,2024-07-20,"18.266054","-98.103319999999997",NA,NA,"RNAlater","male",NA,NA,NA,NA,NA
"254","AJB 206F","Aspidoscelis","costatus","muscle","Near Tecpan de Galeano in dry riverbed","Mexico","Puebla",NA,2024-07-20,"18.266054","-98.103319999999997",NA,NA,"RNAlater","male",NA,NA,NA,NA,NA
"255","AJB 207A","Aspidoscelis","deppii infernalis","liver","Near river on road to Santa Cruz Tejalpa","Mexico","Puebla",NA,2024-07-20,"18.408386","-98.340373999999997",NA,NA,"liquid nitrogen","male",NA,NA,NA,NA,NA
"256","AJB 207B","Aspidoscelis","deppii infernalis","spleen","Near river on road to Santa Cruz Tejalpa","Mexico","Puebla",NA,2024-07-20,"18.408386","-98.340373999999997",NA,NA,"liquid nitrogen","male",NA,NA,NA,NA,NA
"257","AJB 207C","Aspidoscelis","deppii infernalis","heart","Near river on road to Santa Cruz Tejalpa","Mexico","Puebla",NA,2024-07-20,"18.408386","-98.340373999999997",NA,NA,"liquid nitrogen","male",NA,NA,NA,NA,NA
"258","AJB 207D","Aspidoscelis","deppii infernalis","testes","Near river on road to Santa Cruz Tejalpa","Mexico","Puebla",NA,2024-07-20,"18.408386","-98.340373999999997",NA,NA,"liquid nitrogen","male",NA,NA,NA,NA,NA
"259","AJB 207E","Aspidoscelis","deppii infernalis","brain","Near river on road to Santa Cruz Tejalpa","Mexico","Puebla",NA,2024-07-20,"18.408386","-98.340373999999997",NA,NA,"liquid nitrogen","male",NA,NA,NA,NA,NA
"260","AJB 207F","Aspidoscelis","deppii infernalis","muscle","Near river on road to Santa Cruz Tejalpa","Mexico","Puebla",NA,2024-07-20,"18.408386","-98.340373999999997",NA,NA,"liquid nitrogen","male",NA,NA,NA,NA,NA
"261","AJB 208","Aspidoscelis","costatus",NA,"Near river on road to Santa Cruz Tejalpa","Mexico","Puebla",NA,2024-07-20,"18.408386","-98.340373999999997",NA,NA,"RNAlater","male",NA,NA,NA,NA,NA
"262","AJB 209A","Aspidoscelis","sackii","liver","Near river on road to Santa Cruz Tejalpa","Mexico","Puebla",NA,2024-07-20,"18.408386","-98.340373999999997",NA,NA,"liquid nitrogen","male",NA,NA,NA,NA,NA
"263","AJB 209B","Aspidoscelis","sackii","spleen","Near river on road to Santa Cruz Tejalpa","Mexico","Puebla",NA,2024-07-20,"18.408386","-98.340373999999997",NA,NA,"liquid nitrogen","male",NA,NA,NA,NA,NA
"264","AJB 209C","Aspidoscelis","sackii","heart","Near river on road to Santa Cruz Tejalpa","Mexico","Puebla",NA,2024-07-20,"18.408386","-98.340373999999997",NA,NA,"liquid nitrogen","male",NA,NA,NA,NA,NA
"265","AJB 209D","Aspidoscelis","sackii","testes","Near river on road to Santa Cruz Tejalpa","Mexico","Puebla",NA,2024-07-20,"18.408386","-98.340373999999997",NA,NA,"liquid nitrogen","male",NA,NA,NA,NA,NA
"266","AJB 209E","Aspidoscelis","sackii","brain","Near river on road to Santa Cruz Tejalpa","Mexico","Puebla",NA,2024-07-20,"18.408386","-98.340373999999997",NA,NA,"liquid nitrogen","male",NA,NA,NA,NA,NA
"267","AJB 209F","Aspidoscelis","sackii","muscle","Near river on road to Santa Cruz Tejalpa","Mexico","Puebla",NA,2024-07-20,"18.408386","-98.340373999999997",NA,NA,"liquid nitrogen","male",NA,NA,NA,NA,NA
"268","AJB 211A","Aspidoscelis","costatus","liver","Just off HWY 160, northwest of Izucar de Matamoros","Mexico","Puebla",NA,2024-07-21,"18.643975000000001","-98.605138999999994",NA,NA,"RNAlater","male",NA,NA,NA,NA,NA
"269","AJB 211B","Aspidoscelis","costatus","spleen","Just off HWY 160, northwest of Izucar de Matamoros","Mexico","Puebla",NA,2024-07-21,"18.643975000000001","-98.605138999999994",NA,NA,"RNAlater","male",NA,NA,NA,NA,NA
"270","AJB 211C","Aspidoscelis","costatus","heart","Just off HWY 160, northwest of Izucar de Matamoros","Mexico","Puebla",NA,2024-07-21,"18.643975000000001","-98.605138999999994",NA,NA,"RNAlater","male",NA,NA,NA,NA,NA
"271","AJB 211D","Aspidoscelis","costatus","testes","Just off HWY 160, northwest of Izucar de Matamoros","Mexico","Puebla",NA,2024-07-21,"18.643975000000001","-98.605138999999994",NA,NA,"RNAlater","male",NA,NA,NA,NA,NA
"272","AJB 211E","Aspidoscelis","costatus","brain","Just off HWY 160, northwest of Izucar de Matamoros","Mexico","Puebla",NA,2024-07-21,"18.643975000000001","-98.605138999999994",NA,NA,"RNAlater","male",NA,NA,NA,NA,NA
"273","AJB 211F","Aspidoscelis","costatus","muscle","Just off HWY 160, northwest of Izucar de Matamoros","Mexico","Puebla",NA,2024-07-21,"18.643975000000001","-98.605138999999994",NA,NA,"RNAlater","male",NA,NA,NA,NA,NA
"274","AJB 221A","Aspidoscelis","sonorae","liver","On Arizona trail, off American Flag Ranch Road, southeast of Oracle, AZ","United States","Arizona",NA,2024-08-15,"32.580849000000001","-110.721405",NA,NA,NA,"female",NA,NA,NA,NA,NA
"275","AJB 221B","Aspidoscelis","sonorae","heart","On Arizona trail, off American Flag Ranch Road, southeast of Oracle, AZ","United States","Arizona",NA,2024-08-15,"32.580849000000001","-110.721405",NA,NA,NA,"female",NA,NA,NA,NA,NA
"276","AJB 221C","Aspidoscelis","sonorae","ovary","On Arizona trail, off American Flag Ranch Road, southeast of Oracle, AZ","United States","Arizona",NA,2024-08-15,"32.580849000000001","-110.721405",NA,NA,NA,"female",NA,NA,NA,NA,NA
"277","AJB 221D","Aspidoscelis","sonorae","brain","On Arizona trail, off American Flag Ranch Road, southeast of Oracle, AZ","United States","Arizona",NA,2024-08-15,"32.580849000000001","-110.721405",NA,NA,NA,"female",NA,NA,NA,NA,NA
"278","AJB 221E","Aspidoscelis","sonorae","muscle","On Arizona trail, off American Flag Ranch Road, southeast of Oracle, AZ","United States","Arizona",NA,2024-08-15,"32.580849000000001","-110.721405",NA,NA,NA,"female",NA,NA,NA,NA,NA
"279","AJB 222A","Aspidoscelis","sonorae","liver","On Arizona trail, off American Flag Ranch Road, southeast of Oracle, AZ","United States","Arizona",NA,2024-08-15,"32.580849000000001","-110.721405",NA,NA,NA,"female",NA,NA,NA,NA,NA
"280","AJB 222B","Aspidoscelis","sonorae","heart","On Arizona trail, off American Flag Ranch Road, southeast of Oracle, AZ","United States","Arizona",NA,2024-08-15,"32.580849000000001","-110.721405",NA,NA,NA,"female",NA,NA,NA,NA,NA
"281","AJB 222C","Aspidoscelis","sonorae","ovary","On Arizona trail, off American Flag Ranch Road, southeast of Oracle, AZ","United States","Arizona",NA,2024-08-15,"32.580849000000001","-110.721405",NA,NA,NA,"female",NA,NA,NA,NA,NA
"282","AJB 222D","Aspidoscelis","sonorae","brain","On Arizona trail, off American Flag Ranch Road, southeast of Oracle, AZ","United States","Arizona",NA,2024-08-15,"32.580849000000001","-110.721405",NA,NA,NA,"female",NA,NA,NA,NA,NA
"283","AJB 222E","Aspidoscelis","sonorae","muscle","On Arizona trail, off American Flag Ranch Road, southeast of Oracle, AZ","United States","Arizona",NA,2024-08-15,"32.580849000000001","-110.721405",NA,NA,NA,"female",NA,NA,NA,NA,NA
"284","AJB 212","Chalcides","ocellatus",NA,NA,"United States","Arizona",NA,2024-09-08,"33.472380000000001","-112.035184",NA,NA,NA,NA,NA,NA,NA,NA,NA
"285","AJB 213","Chalcides","ocellatus",NA,NA,"United States","Arizona",NA,2024-09-08,"33.472380000000001","-112.035184",NA,NA,NA,NA,NA,NA,NA,NA,NA
"286","AJB 214","Cophosuarus","texanus",NA,"Granite Gap","United States","New Mexico",NA,2024-09-14,"32.090595","-108.97368",NA,NA,NA,NA,NA,NA,NA,NA,NA
"287","AJB 215","Uta","stansburiana",NA,"Pima Canyon, South Mountain","United States","Arizona",NA,2024-09-19,"33.367229000000002","-111.987234",NA,NA,NA,NA,NA,NA,NA,NA,NA
"288","AJB 216","Chalcides","ocellatus",NA,NA,"United States","Arizona",NA,2024-10-06,"33.472369999999998","-112.035184",NA,NA,NA,NA,NA,NA,NA,"tail tip",NA
"289","AJB 217","Chalcides","ocellatus",NA,NA,"United States","Arizona",NA,2024-10-06,"33.472369999999998","-112.035184",NA,NA,NA,NA,NA,NA,NA,NA,NA
"290","AJB 218","AJB 218","Aspidoscelis","maslini","Southwest of El Remate","Guatemala","Petén",NA,2023-08-20,NA,NA,NA,NA,NA,NA,NA,NA,NA,NA,NA
"291","AJB 219","Uta","stansburiana",NA,"Lone Mountain Pianka site","United States","Arizona",NA,2025-02-01,NA,NA,NA,NA,NA,"male",NA,NA,NA,NA,NA
"292","AJB 220","Uta","stansburiana",NA,"Lone Mountain Pianka site","United States","Arizona",NA,2025-04-12,"33.676036000000003","-113.426134",NA,NA,NA,NA,NA,NA,NA,NA,NA
"293","AJB 223","Uta","stansburiana",NA,"Lone Mountain Pianka site","United States","Arizona",NA,2025-04-12,"33.679262999999999","-113.42553700000001",NA,NA,NA,"Female",NA,NA,NA,NA,NA
"294","AJB 224","Uta","stansburiana",NA,"Lone Mountain Pianka site","United States","Arizona",NA,2025-04-12,"33.681773","-113.425707",NA,NA,NA,"Female",NA,NA,NA,NA,NA
"295","AJB 225","Dipsosaurus","dorsalis",NA,"Lone Mountain Pianka site","United States","Arizona",NA,2025-04-12,"33.689599999999999","-113.42526700000001",NA,NA,NA,"Female",NA,NA,NA,NA,NA
"296","AJB 226","Aspidoscelis","tigris",NA,"Lone Mountain Pianka site","United States","Arizona",NA,2025-04-12,"33.687837000000002","-113.43038199999999",NA,NA,NA,"Female",NA,NA,NA,NA,NA
"297","AJB 227","Aspidoscelis","velox",NA,"Prescott Peavine Trail","United States","Arizona",NA,2025-05-09,"34.578809999999997","-112.42675",NA,NA,NA,"Female",NA,NA,"Anthony Barley, Simone Gable, Benjamin Stewart","blood, ovaries, liver, heart, brain tissye taken, stored in Upham lab -80 freezer WCPH in Tempe for EBP",NA
"298","AJB 228","Aspidoscelis","velox",NA,"Prescott Peavine Trail","United States","Arizona",NA,2025-05-09,"34.573819999999998","-112.43079",NA,NA,NA,"Female",NA,NA,"Anthony Barley, Simone Gable, Benjamin Stewart","blood, ovaries, liver, heart, brain tissye taken, stored in Upham lab -80 freezer WCPH in Tempe for EBP",NA
"299","AJB 229","Aspidoscelis","velox",NA,"Prescott Peavine Trail","United States","Arizona",NA,2025-05-09,"34.570619999999998","-112.43385000000001",NA,NA,NA,"Female",NA,NA,"Anthony Barley, Simone Gable, Benjamin Stewart","blood, ovaries, liver, heart, brain tissye taken, stored in Upham lab -80 freezer WCPH in Tempe for EBP",NA
"300","AJB 230","Aspidoscelis","burti","stictogrammus","In an arroyo alongside HWY 14 NE of Pastoria","Mexico","Sonora",NA,2025-06-25,"29.680833","-109.899333",NA,NA,NA,"Female",NA,7.3,"Anthony Barley, Simone Gable, Adrian Quijada","whole genome animal; decent amount of blood samples",NA
"301","AJB 231","Aspidoscelis","burti","stictogrammus","Along a stream east of Moctezuma (Tonibabi) on property accessed through Marypaz at Universidad de la Sierra","Mexico","Sonora",NA,2025-06-25,"29.838546000000001","-109.56606499999999",NA,NA,NA,"Female",NA,26,"Anthony Barley, Simone Gable, Adrian Quijada","whole genome animal; decent amount of blood samples",NA
"302","AJB 232","Aspidoscelis","sonorae",NA,"North of Huachinera, along Rio Bavispe, site 1","Mexico","Sonora",NA,2025-06-26,"30.282073","-108.93196",NA,NA,NA,"Female",NA,NA,"Anthony Barley, Simone Gable, Adrian Quijada","whole genome animal",NA
"303","AJB 233","Aspidoscelis","preopatae",NA,"North of Huachinera, along Rio Bavispe, site 1","Mexico","Sonora",NA,2025-06-26,"30.282073","-108.93196",NA,NA,NA,"Female",NA,6.8,"Anthony Barley, Simone Gable, Adrian Quijada","whole genome animal",NA
"304","AJB 234","Aspidoscelis","preopatae",NA,"North of Huachinera, along Rio Bavispe, site 1","Mexico","Sonora",NA,2025-06-26,"30.282073","-108.93196",NA,NA,NA,"Female",NA,6.6,"Anthony Barley, Simone Gable, Adrian Quijada","Animal died before tissuing",NA
"305","AJB 235","Aspidoscelis","sonorae",NA,"North of Huachinera, along Rio Bavispe, site 1","Mexico","Sonora",NA,2025-06-26,"30.282073","-108.93196",NA,NA,NA,"Female",NA,NA,"Anthony Barley, Simone Gable, Adrian Quijada","Animal died before tissuing",NA
"306","AJB 236","Aspidoscelis","sonorae",NA,"North of Huachinera, along Rio Bavispe, site 1","Mexico","Sonora",NA,2025-06-26,"30.282073","-108.93196",NA,NA,NA,"Female",NA,8.2,"Anthony Barley, Simone Gable, Adrian Quijada","whole genome animal",NA
"307","AJB 237","Aspidoscelis","sonorae",NA,"North of Huachinera, along Rio Bavispe, site 1","Mexico","Sonora",NA,2025-06-26,"30.282073","-108.93196",NA,NA,NA,"Female",NA,5.7,"Anthony Barley, Simone Gable, Adrian Quijada","whole genome animal",NA
"308","AJB 238","Aspidoscelis","preopatae",NA,"North of Huachinera, along Rio Bavispe, site 2","Mexico","Sonora",NA,2025-06-26,"30.269577000000002","-108.902038",NA,NA,NA,"Female",NA,4.6,"Anthony Barley, Simone Gable, Adrian Quijada","whole genome animal; decent blood",NA
"309","AJB 239","Aspidoscelis","sonorae",NA,"North of Huachinera, along Rio Bavispe, site 2","Mexico","Sonora",NA,2025-06-26,"30.269577000000002","-108.902038",NA,NA,NA,"Female",NA,NA,"Anthony Barley, Simone Gable, Adrian Quijada","Animal died before tissuing",NA
"310","AJB 240","Aspidoscelis","sonorae",NA,"North of Huachinera, along Rio Bavispe, site 2","Mexico","Sonora",NA,2025-06-26,"30.269577000000002","-108.902038",NA,NA,NA,"Female",NA,6.5,"Anthony Barley, Simone Gable, Adrian Quijada",NA,NA
"311","AJB 241","Aspidoscelis","preopatae?",NA,"North of Huachinera, along Rio Bavispe, site 1","Mexico","Sonora",NA,2025-06-26,"30.282073","-108.93196",NA,NA,NA,"Female",NA,NA,"Anthony Barley, Simone Gable, Adrian Quijada","tail from animal that escaped",NA
"312","AJB 242","Aspidoscelis",NA,NA,"North of Huachinera, along Rio Bavispe, site 2","Mexico","Sonora",NA,2025-06-26,"30.269577000000002","-108.902038",NA,NA,NA,"Female",NA,NA,"Anthony Barley, Simone Gable, Adrian Quijada","tail",NA
"313","AJB 243","Aspidoscelis","sonorae",NA,"North of Huachinera, along Rio Bavispe, site 3","Mexico","Sonora",NA,2025-06-26,"30.283341","-108.935627",NA,NA,NA,"Female",NA,7.2,"Anthony Barley, Simone Gable, Adrian Quijada",NA,NA
"314","AJB 244","Aspidoscelis","sonorae or burti?",NA,"North of Nacori Chico","Mexico","Sonora",NA,2025-06-27,"29.777718","-109.08366700000001",NA,NA,NA,"Female",NA,9.2,"Anthony Barley, Simone Gable, Adrian Quijada","whole genome animal; decent blood",NA
"315","AJB 245","Aspidoscelis","opatae",NA,"Near Palapas Granados along river","Mexico","Sonora",NA,2025-06-27,"29.86336","-109.30042",NA,NA,NA,"Female",NA,5.9,"Anthony Barley, Simone Gable, Adrian Quijada",NA,NA
"316","AJB 246","Aspidoscelis","opatae",NA,"Near Palapas Granados along river","Mexico","Sonora",NA,2025-06-27,"29.86336","-109.30042",NA,NA,NA,"Female",NA,6.1,"Anthony Barley, Simone Gable, Adrian Quijada","whole genome animal",NA
"317","AJB 247","Aspidoscelis","opatae",NA,"Near Palapas Granados along river","Mexico","Sonora",NA,2025-06-27,"29.86336","-109.30042",NA,NA,NA,"Female",NA,8.7,"Anthony Barley, Simone Gable, Adrian Quijada","whole genome animal",NA
"318","AJB 248","Aspidoscelis","opatae",NA,"Near Palapas Granados along river","Mexico","Sonora",NA,2025-06-27,"29.86336","-109.30042",NA,NA,NA,"Female",NA,6.6,"Anthony Barley, Simone Gable, Adrian Quijada","whole genome animal",NA
"319","AJB 249","Aspidoscelis","sonorae?",NA,"Near Palapas Granados along river","Mexico","Sonora",NA,2025-06-27,"29.86336","-109.30042",NA,NA,NA,"Female",NA,NA,"Anthony Barley, Simone Gable, Adrian Quijada",NA,NA
"320","AJB 250","Aspidoscelis","sonorae or burti?",NA,"North of Nacori Chico","Mexico","Sonora",NA,2025-06-27,"29.777718","-109.08366700000001",NA,NA,NA,"Female",NA,9.1,"Anthony Barley, Simone Gable, Adrian Quijada",NA,NA
"321","AJB 251","Aspidoscelis","burti",NA,"Along a stream east of Moctezuma (Tonibabi) on property accessed through Marypaz at Universidad de la Sierra","Mexico","Sonora",NA,2025-06-28,"29.838546000000001","-109.56606499999999",NA,NA,NA,"Male","90",16,"Anthony Barley, Simone Gable, Adrian Quijada","whole genome animal; not much blood; coagulated",NA
"322","AJB 252","Aspidoscelis","burti",NA,"Along a stream east of Moctezuma (Tonibabi) on property accessed through Marypaz at Universidad de la Sierra","Mexico","Sonora",NA,2025-06-28,"29.838546000000001","-109.56606499999999",NA,NA,NA,"Female","80",16,"Anthony Barley, Simone Gable, Adrian Quijada","whole genome animal; got a lot of blood",NA
"323","AJB 253","Aspidoscelis","burti",NA,"Along a stream east of Moctezuma (Tonibabi) on property accessed through Marypaz at Universidad de la Sierra","Mexico","Sonora",NA,2025-06-28,"29.838546000000001","-109.56606499999999",NA,NA,NA,"Male",NA,23.1,"Anthony Barley, Simone Gable, Adrian Quijada","whole genome animal; got a lot of blood",NA
"324","AJB 254","Aspidoscelis","burti",NA,"Along a stream east of Moctezuma (Tonibabi) on property accessed through Marypaz at Universidad de la Sierra","Mexico","Sonora",NA,2025-06-28,"29.838546000000001","-109.56606499999999",NA,NA,NA,"Male",NA,22.4,"Anthony Barley, Simone Gable, Adrian Quijada","whole genome animal; got a lot of blood",NA
"325","AJB 255","Aspidoscelis","burti?",NA,"Along a stream east of Moctezuma (Tonibabi) on property accessed through Marypaz at Universidad de la Sierra","Mexico","Sonora",NA,2025-06-28,"29.838546000000001","-109.56606499999999",NA,NA,NA,"Female",NA,NA,"Anthony Barley, Simone Gable, Adrian Quijada",NA,NA
"326","AJB 256","Aspidoscelis","burti?",NA,"Along a stream east of Moctezuma (Tonibabi) on property accessed through Marypaz at Universidad de la Sierra","Mexico","Sonora",NA,2025-06-28,"29.838546000000001","-109.56606499999999",NA,NA,NA,"Female",NA,NA,"Anthony Barley, Simone Gable, Adrian Quijada",NA,NA
"327","AJB 278","Elgaria","kingii",NA,"Along trail near Sunny Flat Campground, Coronado National Forest","United States","Arizona",NA,2025-09-06,"31.886326","-109.174178",NA,NA,NA,"Female",NA,NA,"Anthony Barley, Simone Gable, BIO 474 class",NA,NA
"328","AJB 279","Aspidoscelis","tesselatus",NA,"Antelope Pass","United States","New Mexico",NA,2025-09-07,"31.938998999999999","-108.939626",NA,NA,NA,"Female",NA,NA,"Anthony Barley, Simone Gable, BIO 474 class",NA,NA
