"","Field Number","Genus","species","Locality","Country","State/Province","Date","Latitude","Longitude","GPS Error","Time","Habitat","Collection Site","Sex","SVL (mm)","Collectors","Notes","...18"
"1","ANMO 4901","Aspidoscelis","scalaris","Near road south of Estación Ventura on way to El Puerto","Mexico","San Luis Potosi",2021-07-21,"22 22.688'","100 45.775'","3 m","10:51–1:43","Xeric scrub","On ground near bushes","male",NA,"Anthony Barley, Robert Thomson, Daniel Lara-Tufiño, Maximiliano Monroy",NA,NA
"2","ANMO 4902","Aspidoscelis","scalaris","Near road south of Estación Ventura on way to El Puerto","Mexico","San Luis Potosi",2021-07-21,"22 22.688'","100 45.775'","3 m","10:51–1:43","Xeric scrub","On ground near bushes","male",NA,"Anthony Barley, Robert Thomson, Daniel Lara-Tufiño, Maximiliano Monroy",NA,NA
"3","ANMO 4903","Aspidoscelis","scalaris","Near road south of Estación Ventura on way to El Puerto","Mexico","San Luis Potosi",2021-07-21,"22 22.688'","100 45.775'","3 m","10:51–1:43","Xeric scrub","On ground near bushes","male",NA,"Anthony Barley, Robert Thomson, Daniel Lara-Tufiño, Maximiliano Monroy",NA,NA
"4","ANMO 4904","Aspidoscelis","scalaris","Near road south of Estación Ventura on way to El Puerto","Mexico","San Luis Potosi",2021-07-21,"22 22.688'","100 45.775'","3 m","10:51–1:43","Xeric scrub","On ground near bushes","male",NA,"Anthony Barley, Robert Thomson, Daniel Lara-Tufiño, Maximiliano Monroy",NA,NA
"5","ANMO 4905","Aspidoscelis","scalaris","Near road south of Estación Ventura on way to El Puerto","Mexico","San Luis Potosi",2021-07-21,"22 22.688'","100 45.775'","3 m","10:51–1:43","Xeric scrub","On ground near bushes","male",NA,"Anthony Barley, Robert Thomson, Daniel Lara-Tufiño, Maximiliano Monroy",NA,NA
"6","ANMO 4906","Aspidoscelis","gularis","Northeast Villa de Garcia, off Camino Alcamole","Mexico","Nuevo Leon",2021-07-22,"25 49.998'","100 38.042'","3 m","10:00–10:35","Desert grassland, rocky","On ground near rocks","male",NA,"Anthony Barley, Robert Thomson, Daniel Lara-Tufiño, Maximiliano Monroy","Temperature: 24 degrees",NA
"7","ANMO 4907","Aspidoscelis","gularis","Northeast Villa de Garcia, off Camino Alcamole","Mexico","Nuevo Leon",2021-07-22,"25 49.998'","100 38.042'","3 m","10:00–10:35","Desert grassland, rocky","On ground near rocks","female",NA,"Anthony Barley, Robert Thomson, Daniel Lara-Tufiño, Maximiliano Monroy","Temperature: 24 degrees",NA
"8","ANMO 4908","Coleonyx","variegatus","Northeast Villa de Garcia, off Camino Alcamole","Mexico","Nuevo Leon",2021-07-22,"25 49.998'","100 38.042'","3 m","10:00–10:35","Desert grassland, rocky","Under board","female (juvenile)",NA,"Anthony Barley, Robert Thomson, Daniel Lara-Tufiño, Maximiliano Monroy","Temperature: 24 degrees",NA
"9","ANMO 4909","Coleonyx","variegatus","Northeast Villa de Garcia, off Camino Alcamole","Mexico","Nuevo Leon",2021-07-22,"25 49.998'","100 38.042'","3 m","10:00–10:35","Desert grassland, rocky","Under board","female",NA,"Anthony Barley, Robert Thomson, Daniel Lara-Tufiño, Maximiliano Monroy","Temperature: 24 degrees",NA
"10","ANMO 4910","Sceloporus","?","Near Pesquería","Mexico","Nuevo Leon",2021-07-22,"25 47.295'","100 40.85'","3 m",NA,"Desert shrubland, sand with rocky substrate","On ground","male",NA,"Anthony Barley, Robert Thomson, Daniel Lara-Tufiño, Maximiliano Monroy",NA,NA
"11","ANMO 4911","Aspidoscelis","inornatus","Near Pesquería","Mexico","Nuevo Leon",2021-07-22,"25 47.295'","100 40.85'","3 m",NA,"Desert shrubland, sand with rocky substrate","On ground","female",56,"Anthony Barley, Robert Thomson, Daniel Lara-Tufiño, Maximiliano Monroy",NA,NA
"12","ANMO 4912","Aspidoscelis","inornatus","Near Pesquería","Mexico","Nuevo Leon",2021-07-22,"25 47.295'","100 40.85'","3 m",NA,"Desert shrubland, sand with rocky substrate","On ground","male",56,"Anthony Barley, Robert Thomson, Daniel Lara-Tufiño, Maximiliano Monroy",NA,NA
"13","ANMO 4913","Aspidoscelis","inornatus","Near Pesquería","Mexico","Nuevo Leon",2021-07-22,"25 47.295'","100 40.85'","3 m",NA,"Desert shrubland, sand with rocky substrate","On ground","female",56,"Anthony Barley, Robert Thomson, Daniel Lara-Tufiño, Maximiliano Monroy",NA,NA
"14","ANMO 4914","Aspidoscelis","inornatus","Near Pesquería","Mexico","Nuevo Leon",2021-07-22,"25 47.295'","100 40.85'","3 m",NA,"Desert shrubland, sand with rocky substrate","On ground","male",60,"Anthony Barley, Robert Thomson, Daniel Lara-Tufiño, Maximiliano Monroy",NA,NA
"15","ANMO 4915","Aspidoscelis","inornatus","Near Pesquería","Mexico","Nuevo Leon",2021-07-22,"25 47.295'","100 40.85'","3 m",NA,"Desert shrubland, sand with rocky substrate","On ground","female",60,"Anthony Barley, Robert Thomson, Daniel Lara-Tufiño, Maximiliano Monroy",NA,NA
"16","ANMO 4916","Aspidoscelis","inornatus","San Barnabé","Mexico","Nuevo Leon",2021-07-22,"26.3369","100.8308","3 m","3:00–3:30 pm","Desert shrubland, sand with rocky substrate","On ground","male",61,"Anthony Barley, Robert Thomson, Daniel Lara-Tufiño, Maximiliano Monroy","Temperature: 35 degrees",NA
"17","ANMO 4917","Aspidoscelis","inornatus","San Barnabé","Mexico","Nuevo Leon",2021-07-22,"26.3369","100.8308","3 m","3:00–3:30 pm","Desert shrubland, sand with rocky substrate","On ground","male",56,"Anthony Barley, Robert Thomson, Daniel Lara-Tufiño, Maximiliano Monroy","Temperature: 35 degrees",NA
"18","ANMO 4918","Aspidoscelis","inornatus","San Barnabé","Mexico","Nuevo Leon",2021-07-22,"26.3369","100.8308","3 m","3:00–3:30 pm","Desert shrubland, sand with rocky substrate","On ground","male",56,"Anthony Barley, Robert Thomson, Daniel Lara-Tufiño, Maximiliano Monroy","Temperature: 35 degrees",NA
"19","ANMO 4919","Aspidoscelis","inornatus","South of Hacienda La Mora on highway 20","Mexico","Coahuila",2021-07-23,"27.613409999999998","102.41253","4 m",NA,"Desert shrubland, sandy substrate","On ground, near bushes","female",NA,"Anthony Barley, Robert Thomson, Daniel Lara-Tufiño, Maximiliano Monroy","Temperature: 25 degrees",NA
"20","ANMO 4920","Aspidoscelis","inornatus","North of Ocampo off highway 20","Mexico","Coahuila",2021-07-23,"27.442499999999999","102.36450000000001","3 m","2:49 pm end time","Desert shrubland, sandy substrate","On ground, near bushes","female",56,"Anthony Barley, Robert Thomson, Daniel Lara-Tufiño, Maximiliano Monroy","Temperature: 28 degrees",NA
"21","ANMO 4921","Aspidoscelis","inornatus","North of Ocampo off highway 20","Mexico","Coahuila",2021-07-23,"27.442499999999999","102.36450000000001","3 m","2:49 pm end time","Desert shrubland, sandy substrate","On ground, near bushes","female",60,"Anthony Barley, Robert Thomson, Daniel Lara-Tufiño, Maximiliano Monroy",NA,NA
"22","ANMO 4922","Aspidoscelis","inornatus","North of Ocampo off highway 20","Mexico","Coahuila",2021-07-23,"27.442499999999999","102.36450000000001","3 m","2:49 pm end time","Desert shrubland, sandy substrate","On ground, near bushes","male",54,"Anthony Barley, Robert Thomson, Daniel Lara-Tufiño, Maximiliano Monroy",NA,NA
"23","ANMO 4923","Aspidoscelis","inornatus","North of Ocampo off highway 20","Mexico","Coahuila",2021-07-23,"27.442499999999999","102.36450000000001","3 m","2:49 pm end time","Desert shrubland, sandy substrate","On ground, near bushes","male",NA,"Anthony Barley, Robert Thomson, Daniel Lara-Tufiño, Maximiliano Monroy",NA,NA
"24","ANMO 4924","Crotalus","atrox","South of Ocampo","Mexico","Coahuila",2021-07-23,"27.271059999999999","102.36217000000001","4 m","0.65277777777777779",NA,"DOR","female",NA,"Anthony Barley, Robert Thomson, Daniel Lara-Tufiño, Maximiliano Monroy",NA,NA
"25","ANMO 4925","Aspidoscelis","marmoratus","Between El Hundido and El Mezquite","Mexico","Coahuila",2021-07-24,"26.42193","102.56152","3 m",NA,"Desert shrubland, sandy substrate","On ground, near bushes","female",NA,"Anthony Barley, Robert Thomson, Daniel Lara-Tufiño, Maximiliano Monroy",NA,NA
"26","ANMO 4926","Aspidoscelis","marmoratus","Between El Hundido and El Mezquite","Mexico","Coahuila",2021-07-24,"26.42193","102.56152","4 m",NA,"Desert shrubland, sandy substrate","On ground, near bushes","male",74,"Anthony Barley, Robert Thomson, Daniel Lara-Tufiño, Maximiliano Monroy",NA,NA
"27","ANMO 4927","Aspidoscelis","marmoratus","Between El Hundido and El Mezquite","Mexico","Coahuila",2021-07-24,"26.42193","102.56152","5 m",NA,"Desert shrubland, sandy substrate","On ground, near bushes","female",NA,"Anthony Barley, Robert Thomson, Daniel Lara-Tufiño, Maximiliano Monroy",NA,NA
"28","ANMO 4928","Aspidoscelis","inornatus","El Mezquite","Mexico","Coahuila",2021-07-24,"26.196750000000002","102.73283000000001","3 m",NA,"Desert shrubland, sandy substrate","On ground, near bushes","male",NA,"Anthony Barley, Robert Thomson, Daniel Lara-Tufiño, Maximiliano Monroy",NA,NA
"29","ANMO 4929","Aspidoscelis","inornatus","El Mezquite","Mexico","Coahuila",2021-07-24,"26.196750000000002","102.73283000000001","4 m",NA,"Desert shrubland, sandy substrate","On ground, near bushes","male",58,"Anthony Barley, Robert Thomson, Daniel Lara-Tufiño, Maximiliano Monroy",NA,NA
"30","ANMO 4930","Aspidoscelis","inornatus","Off MX HWY 40 between Paila and San Rafael, on road to Taila","Mexico","Coahuila",2021-07-25,"25.697839999999999","102.40513","5 m","10 am – 12:20 pm","Desert shrubland, sandy & rocky substrate","On ground, near bushes","male",NA,"Anthony Barley, Robert Thomson, Daniel Lara-Tufiño, Maximiliano Monroy","Temperature: 26 degrees",NA
"31","ANMO 4931","Aspidoscelis","inornatus","Off MX HWY 40 between Paila and San Rafael, on road to Taila","Mexico","Coahuila",2021-07-25,"25.697839999999999","102.40513","6 m","11 am – 12:20 pm","Desert shrubland, sandy & rocky substrate","On ground, near bushes","male",NA,"Anthony Barley, Robert Thomson, Daniel Lara-Tufiño, Maximiliano Monroy","Temperature: 26 degrees",NA
"32","ANMO 4932","Aspidoscelis","inornatus","Off MX HWY 40 between Paila and San Rafael, on road to Taila","Mexico","Coahuila",2021-07-25,"25.697839999999999","102.40513","7 m","12 am – 12:20 pm","Desert shrubland, sandy & rocky substrate","On ground, near bushes","female",NA,"Anthony Barley, Robert Thomson, Daniel Lara-Tufiño, Maximiliano Monroy","Temperature: 26 degrees",NA
"33","ANMO 4933","Aspidoscelis","inornatus","Off MX HWY 40 between Paila and San Rafael, on road to Taila","Mexico","Coahuila",2021-07-25,"25.697839999999999","102.40513","8 m","13 am – 12:20 pm","Desert shrubland, sandy & rocky substrate","On ground, near bushes","female",NA,"Anthony Barley, Robert Thomson, Daniel Lara-Tufiño, Maximiliano Monroy","Temperature: 26 degrees",NA
"34","ANMO 4934","Aspidoscelis","inornatus","Off MX HWY 40 between Paila and San Rafael, on road to Taila","Mexico","Coahuila",2021-07-25,"25.697839999999999","102.40513","9 m","14 am – 12:20 pm","Desert shrubland, sandy & rocky substrate","On ground, near bushes",NA,NA,"Anthony Barley, Robert Thomson, Daniel Lara-Tufiño, Maximiliano Monroy","Temperature: 26 degrees; tail only",NA
"35","ANMO 4935","Aspidoscelis","marmoratus","Off MX HWY 40 between Paila and San Rafael, on road to Taila","Mexico","Coahuila",2021-07-25,"25.697839999999999","102.40513","10 m","15 am – 12:20 pm","Desert shrubland, sandy & rocky substrate","On ground, near bushes","male",NA,"Anthony Barley, Robert Thomson, Daniel Lara-Tufiño, Maximiliano Monroy","Temperature: 26 degrees",NA
"36","ANMO 4936","Aspidoscelis","marmoratus","Off MX HWY 40 between Paila and San Rafael, on road to Taila","Mexico","Coahuila",2021-07-25,"25.697839999999999","102.40513","11 m","16 am – 12:20 pm","Desert shrubland, sandy & rocky substrate","On ground, near bushes","female",NA,"Anthony Barley, Robert Thomson, Daniel Lara-Tufiño, Maximiliano Monroy","Temperature: 26 degrees",NA
"37","ANMO 4937","Aspidoscelis","marmoratus","Off MX HWY 40 between Paila and San Rafael, on road to Taila","Mexico","Coahuila",2021-07-25,"25.697839999999999","102.40513","12 m","17 am – 12:20 pm","Desert shrubland, sandy & rocky substrate","On ground, near bushes","female",NA,"Anthony Barley, Robert Thomson, Daniel Lara-Tufiño, Maximiliano Monroy","Temperature: 26 degrees",NA
"38","ANMO 4938","Aspidoscelis","marmoratus","Off MX HWY 40 north of Zapata","Mexico","Coahuila",2021-07-25,"25.566099999999999","102.92725","5 m","1:30 pm –2:30 pm","Desert shrubland, sandy & hardpan substrate, mostly creosote around","On ground, near bushes","male",NA,"Anthony Barley, Robert Thomson, Daniel Lara-Tufiño, Maximiliano Monroy","Temperature: 33 degrees",NA
"39","ANMO 4939","Aspidoscelis","marmoratus","Off MX HWY 40 north of Zapata","Mexico","Coahuila",2021-07-25,"25.566099999999999","102.92725","6 m","1:30 pm –2:30 pm","Desert shrubland, sandy & hardpan substrate, mostly creosote around","On ground, near bushes","male",NA,"Anthony Barley, Robert Thomson, Daniel Lara-Tufiño, Maximiliano Monroy","Temperature: 33 degrees",NA
"40","ANMO 4940","Aspidoscelis","marmoratus","Off MX HWY 40 north of Zapata","Mexico","Coahuila",2021-07-25,"25.566099999999999","102.92725","7 m","1:30 pm –2:30 pm","Desert shrubland, sandy & hardpan substrate, mostly creosote around","On ground, near bushes","female",NA,"Anthony Barley, Robert Thomson, Daniel Lara-Tufiño, Maximiliano Monroy","Temperature: 33 degrees",NA
"41","ANMO 4941","Aspidoscelis","inornatus","Just off MX HWY 67","Mexico","Chihuahua",2021-07-26,"27.724889999999998","104.90473","5 m","9:30–10:30 am","Desert shrubland, rocky substrate","On ground, near bushes","male",NA,"Anthony Barley, Robert Thomson, Daniel Lara-Tufiño, Maximiliano Monroy",NA,NA
"42","ANMO 4942","Aspidoscelis","marmoratus","Just off MX HWY 67","Mexico","Chihuahua",2021-07-26,"27.724889999999998","104.90473","5 m","9:30–10:30 am","Desert shrubland, rocky substrate","On ground, near bushes","male",NA,"Anthony Barley, Robert Thomson, Daniel Lara-Tufiño, Maximiliano Monroy",NA,NA
"43","ANMO 4943","Aspidoscelis","marmoratus","Just off MX HWY 67","Mexico","Chihuahua",2021-07-26,"27.724889999999998","104.90473","5 m","9:30–10:30 am","Desert shrubland, rocky substrate","On ground, near bushes","male",NA,"Anthony Barley, Robert Thomson, Daniel Lara-Tufiño, Maximiliano Monroy",NA,NA
"44","ANMO 4944","Aspidoscelis","marmoratus","Just off MX HWY 67","Mexico","Chihuahua",2021-07-26,"27.724889999999998","104.90473","5 m","9:30–10:30 am","Desert shrubland, rocky substrate","On ground, near bushes","female",NA,"Anthony Barley, Robert Thomson, Daniel Lara-Tufiño, Maximiliano Monroy",NA,NA
"45","ANMO 4945","Aspidoscelis","marmoratus","Just off MX HWY 67","Mexico","Chihuahua",2021-07-26,"27.724889999999998","104.90473","5 m","9:30–10:30 am","Desert shrubland, rocky substrate","On ground, near bushes","male",NA,"Anthony Barley, Robert Thomson, Daniel Lara-Tufiño, Maximiliano Monroy",NA,NA
"46","ANMO 4946","Aspidoscelis","marmoratus","Just off MX HWY 67","Mexico","Chihuahua",2021-07-26,"27.724889999999998","104.90473","5 m","9:30–10:30 am","Desert shrubland, rocky substrate","On ground, near bushes",NA,NA,"Anthony Barley, Robert Thomson, Daniel Lara-Tufiño, Maximiliano Monroy",NA,"tail only"
"47","ANMO 4947","Aspidoscelis","scalaris","Just off MX HWY 45 D near Pueblitos ecotourist area","Mexico","Chihuahua",2021-07-26,"27.745304000000001","105.194964",NA,NA,"Desert shrubland, rocky substrate","On ground, near bushes","male",81,"Anthony Barley, Robert Thomson, Daniel Lara-Tufiño, Maximiliano Monroy",NA,NA
"48","ANMO 4948","Aspidoscelis","arizonae","Just off MX HWY 45 D near Pueblitos ecotourist area","Mexico","Chihuahua",2021-07-26,"27.745304000000001","105.194964",NA,NA,"Desert shrubland, rocky substrate","On ground, near bushes","male",61,"Anthony Barley, Robert Thomson, Daniel Lara-Tufiño, Maximiliano Monroy",NA,NA
"49","ANMO 4949","Aspidoscelis","scalaris","Near Rio Conchos, east of Camargo","Mexico","Chihuahua",2021-07-26,"27.667210000000001","105.20917","6 m","0.58333333333333337","Riparian area near river","On ground, near river","female",83,"Anthony Barley, Robert Thomson, Daniel Lara-Tufiño, Maximiliano Monroy",NA,NA
"50","ANMO 4950","Aspidoscelis","tesselatus","Near Rio Conchos, east of Camargo","Mexico","Chihuahua",2021-07-26,"27.667210000000001","105.20917","6 m","0.58333333333333337","Riparian area near river","On ground, near river",NA,86,"Anthony Barley, Robert Thomson, Daniel Lara-Tufiño, Maximiliano Monroy",NA,NA
"51","ANMO 4951","Aspidoscelis","inornatus","Off MX HWY 45 between Jiménez and Parral","Mexico","Chihuahua",2021-07-27,"27.08793","105.1054","6 m","8:45-9:45 am","Desert shrubland, rocky substrate","On ground, near bushes","male",NA,"Anthony Barley, Robert Thomson, Daniel Lara-Tufiño, Maximiliano Monroy",NA,"Temperature: 26 degrees"
"52","ANMO 4952","Aspidoscelis","inornatus","Off MX HWY 45 between Jiménez and Parral","Mexico","Chihuahua",2021-07-27,"27.08793","105.1054","6 m","8:45-9:45 am","Desert shrubland, rocky substrate","On ground, near bushes","male",NA,"Anthony Barley, Robert Thomson, Daniel Lara-Tufiño, Maximiliano Monroy",NA,"Temperature: 26 degrees"
"53","ANMO 4953","Aspidoscelis","inornatus","Off MX HWY 45 between Jiménez and Parral","Mexico","Chihuahua",2021-07-27,"27.08793","105.1054","6 m","8:45-9:45 am","Desert shrubland, rocky substrate","On ground, near bushes","male",NA,"Anthony Barley, Robert Thomson, Daniel Lara-Tufiño, Maximiliano Monroy",NA,"Temperature: 26 degrees"
"54","ANMO 4954","Aspidoscelis","inornatus","Off MX HWY 45 between Jiménez and Parral","Mexico","Chihuahua",2021-07-27,"27.08793","105.1054","6 m","8:45-9:45 am","Desert shrubland, rocky substrate","On ground, near bushes","male",NA,"Anthony Barley, Robert Thomson, Daniel Lara-Tufiño, Maximiliano Monroy",NA,"Temperature: 26 degrees"
"55","ANMO 4955","Aspidoscelis","inornatus","Off MX HWY 45 between Jiménez and Parral","Mexico","Chihuahua",2021-07-27,"27.055730000000001","105.13126","3 m","10:00-10:45 am","Desert shrubland, rocky substrate","On ground, near bushes","female",NA,"Anthony Barley, Robert Thomson, Daniel Lara-Tufiño, Maximiliano Monroy",NA,"Temperature: 27 degrees"
"56","ANMO 4956","Aspidoscelis","scalaris","Near Río Parral","Mexico","Chihuahua",2021-07-27,"27.017520000000001","105.50230999999999","7 m","11:00 am–12:30 pm","Riparian area near river","On ground, near river","male",NA,"Anthony Barley, Robert Thomson, Daniel Lara-Tufiño, Maximiliano Monroy",NA,"Temperature: 27 degrees"
"57","ANMO 4957","Aspidoscelis","scalaris","Near Río Parral","Mexico","Chihuahua",2021-07-27,"27.017520000000001","105.50230999999999","7 m","11:00 am–12:30 pm","Riparian area near river","On ground, near river","male",95,"Anthony Barley, Robert Thomson, Daniel Lara-Tufiño, Maximiliano Monroy",NA,"Temperature: 27 degrees"
"58","ANMO 4958","Aspidoscelis","scalaris","Finca Rancho Viejo","Mexico","Durango",2021-07-28,"25.457892999999999","103.72166799999999",NA,NA,"Riparian area near river and milpa in finca","On ground, near river","male",NA,"Anthony Barley, Robert Thomson, Daniel Lara-Tufiño, Maximiliano Monroy",NA,NA
"59","ANMO 4959","Aspidoscelis","scalaris","Finca Rancho Viejo","Mexico","Durango",2021-07-28,"25.457892999999999","103.72166799999999",NA,NA,"Riparian area near river and milpa in finca","On ground, near river","female",NA,"Anthony Barley, Robert Thomson, Daniel Lara-Tufiño, Maximiliano Monroy",NA,NA
"60","ANMO 4960","Aspidoscelis","scalaris","Finca Rancho Viejo","Mexico","Durango",2021-07-28,"25.457892999999999","103.72166799999999",NA,NA,"Riparian area near river and milpa in finca","On ground, near river","male",NA,"Anthony Barley, Robert Thomson, Daniel Lara-Tufiño, Maximiliano Monroy",NA,NA
"61","ANMO 4961","Aspidoscelis","scalaris","Finca Rancho Viejo","Mexico","Durango",2021-07-28,"25.457892999999999","103.72166799999999",NA,NA,"Riparian area near river and milpa in finca","On ground, near river",NA,NA,"Anthony Barley, Robert Thomson, Daniel Lara-Tufiño, Maximiliano Monroy",NA,"tail only"
"62","ANMO 4962","Aspidoscelis","inornatus","Near Rio Grande-Torreon HWY","Mexico","Durango",2021-07-28,"25.348749999999999","103.66467","3 m","12:00–12:20 pm","Desert shrubland, rocky substrate","On ground, near bushes","male",NA,"Anthony Barley, Robert Thomson, Daniel Lara-Tufiño, Maximiliano Monroy",NA,"Temperature: 29 degrees"
"63","ANMO 4963","Aspidoscelis","inornatus","Near Rio Grande-Torreon HWY","Mexico","Durango",2021-07-28,"25.348749999999999","103.66467","4 m","12:00–12:20 pm","Desert shrubland, rocky substrate","On ground, near bushes",NA,NA,"Anthony Barley, Robert Thomson, Daniel Lara-Tufiño, Maximiliano Monroy",NA,"Temperature: 29 degrees"
"64","ANMO 4964","Aspidoscelis","inornatus","Near Rio Grande-Torreon HWY","Mexico","Durango",2021-07-28,"25.348749999999999","103.66467","5 m","12:00–12:20 pm","Desert shrubland, rocky substrate","On ground, near bushes","male",NA,"Anthony Barley, Robert Thomson, Daniel Lara-Tufiño, Maximiliano Monroy",NA,"Temperature: 29 degrees"
"65","ANMO 4965","Aspidoscelis","inornatus","Near Rio Grande-Torreon HWY","Mexico","Durango",2021-07-28,"25.348749999999999","103.66467","6 m","12:00–12:20 pm","Desert shrubland, rocky substrate","On ground, near bushes","female",NA,"Anthony Barley, Robert Thomson, Daniel Lara-Tufiño, Maximiliano Monroy",NA,"Temperature: 29 degrees"
"66","ANMO 4966","Aspidoscelis","scalaris","Near Rio Grande-Torreon HWY","Mexico","Durango",2021-07-28,"25.348749999999999","103.66467","7 m","12:00–12:20 pm","Desert shrubland, rocky substrate","On ground, near bushes","female",NA,"Anthony Barley, Robert Thomson, Daniel Lara-Tufiño, Maximiliano Monroy",NA,"Temperature: 29 degrees"
