"","Category","ID","Colector","# colector","Species","Subspecies","Clade","Clade map","State/Country","Locality","Latitude","Longitude","Elevation","Sex","Age","Extraction notebook","Extraction sample","Box new","Cell new","Plate","Well","Quality","Photo CJPV","Photo UH","Vol","ng/μl","μl p/500 ng","corrected # ANMO","Qual + Qu","Id map","Id mapa","Morphology","Comments"
"1","Disc T NQ",NA,"AC","11","deppii","deppii","db Cacalutla-S Cruz",NA,"Gro","Tierra Colorada",NA,NA,NA,NA,NA,NA,NA,"CARD","F3",NA,NA,"Poor. Mostly degraded",NA,"UH2","25","337",1.48367952522255,NA,"Bad",NA,NA,NA,NA
"2","Disc T NQ",NA,"AEH","4","deppii","deppii",NA,NA,"Nic",NA,NA,NA,NA,NA,NA,NA,NA,"CARD","D2",NA,NA,"Bad. Very little","3,23",NA,NA,NA,NA,NA,"Bad",NA,NA,"DNA diluido",NA
"3","Unn T NQ dup",NA,"AEH","7","deppii","deppii",NA,NA,"Nic",NA,NA,NA,NA,NA,NA,NA,NA,"3","B2",NA,NA,NA,"7,19",NA,"300",NA,NA,NA,NA,NA,NA,"extraction",NA
"4","Disc T NQ",NA,"AEH","7","deppii","deppii","db Chis-Costa Rica",NA,"Nic",NA,NA,NA,NA,NA,NA,NA,NA,"CARD","I8",NA,NA,"Poor. Some degraded",NA,"UH1","25",NA,NA,NA,"Bad",NA,NA,NA,"extraction"
"5","Disc T Q",NA,"ANMO","431","deppii","infernalis","di Gro-Pue",NA,"Mor","Aproximadamente 2 km NE Puente de Ixtla; desviación de la autopista México-Acapulco hacia Iguala y Taxco (carr 95D, km 0)",18.6511166666667,-99.2985666666667,NA,NA,NA,NA,NA,"CARD","A5",NA,NA,"Bad. Mostly degraded",NA,"UH2","50","294",1.70068027210884,532,"Bad",NA,NA,NA,NA
"6","Disc T NQ",NA,"ANMO","431","deppii","infernalis",NA,NA,"Mor","Aproximadamente 2 km NE Puente de Ixtla; desviación de la autopista México-Acapulco hacia Iguala y Taxco (carr 95D, km 0)",18.6511166666667,-99.2985666666667,NA,NA,NA,NA,NA,NA,NA,NA,NA,"Bad. Very little","7,15",NA,NA,NA,NA,532,"Bad",NA,NA,"Poco DNA en gel",NA
"7","Pend NT Q","√","ANMO","3039","deppii","infernalis","di Gro-Pue","11-","Gro","Zumpango del Río",17.64633,-99.53654,NA,NA,NA,NA,NA,"2","D9",2,"F1","Good","6,7","UH7","60","74",6.75675675675676,NA,"G","11-G","ANMO3039",NA,"conc after genomiphi (ver sheet selected digestion)"
"8","Disc T NQ",NA,"ANMO","443","deppii","infernalis","di Gro-Pue",NA,"Gro","Aproximadamente 2 km O Colonia Valerio Trujano ó intersección carr Mexico-Acapulco (95) con Río Mezcala",17.9390833333333,-99.6044333333333,NA,NA,NA,NA,NA,"CARD","F8",NA,NA,"Poor. Mostly degraded","4,4","UH4, 7",NA,"102",4.90196078431373,544,"Bad",NA,NA,NA,NA
"9","Disc T NQ",NA,"ANMO","452","deppii","deppii",NA,NA,"Gro","Tierra Colorada",17.1654666666667,-99.5362166666667,NA,NA,NA,NA,NA,"CARD","A9",NA,NA,"Bad. Mostly degraded",NA,"UH1","20",NA,NA,553,"Bad",NA,NA,"extraction (dil)",NA
"10","Disc T NQ",NA,"ANMO","453","deppii","deppii",NA,NA,"Gro","Tierra Colorada",17.1654666666667,-99.5362166666667,NA,NA,NA,NA,NA,"CARD","B1",NA,NA,"Bad. Mostly degraded",NA,"UH1","25",NA,NA,554,"Bad",NA,NA,"extraction (dil)",NA
"11","Pend NT Q","-","ENS","11556","lineatissima","livida","l livida","20-","Mich","N of Ostula",18.53063,-103.44958,181,NA,NA,NA,NA,"2","E1",2,"F2","Good",NA,"UH1","80","too low",NA,NA,"G","20-G","ENS11556",NA,"conc after genomiphi (ver sheet selected digestion)"
"12","Unn T NQ dup",NA,"ANMO","460","deppii","deppii",NA,NA,"Gro","Mpio. Atoyac de Alvarez, Cacalutla",17.1277333333333,-100.35795,NA,NA,NA,NA,NA,"3","A7",NA,NA,NA,"7,17",NA,"30",NA,NA,561,NA,NA,NA,"extraction (dil)",NA
"13","Disc T NQ",NA,"ANMO","460","deppii","deppii",NA,NA,"Gro","Mpio. Atoyac de Alvarez, Cacalutla",17.1277333333333,-100.35795,NA,NA,NA,NA,NA,"CARD","B2",NA,NA,"Bad. Mostly degraded",NA,"UH1","40",NA,NA,561,"Bad",NA,NA,"extraction (conc)",NA
"14","Disc T NQ",NA,"ANMO","461","guttata","immutabilis",NA,NA,"Gro","Mpio. Atoyac de Alvarez, Cacalutla",17.1277333333333,-100.35795,NA,NA,NA,NA,NA,"CARD","I3",NA,NA,"Poor. Mostly degraded, too little","5,5",NA,"7 u 8",NA,NA,562,"Bad",NA,NA,NA,NA
"15","Pend NT Q","√","ENS","11572","lineatissima","duodecemlineata/livida","l duo","21-","Jal","Barra de Navidad",19.19494,-104.62966,33,NA,NA,NA,NA,"2","E2",2,"F3","Good",NA,"UH1","30","71.599999999999994",6.98324022346369,NA,"G","21-G","ENS11572",NA,"conc after genomiphi (ver sheet selected digestion)"
"16","Disc T NQ",NA,"ANMO","473","guttata","immutabilis",NA,NA,"Gro","Mpio. Petatlán, Puente Arroyo Seco sobre carr Arroyo Seco-La Calera; aproximadamente 1 km por carr de Cayacalito hacia Tecpan (carr 200)",17.3803,-101.116716666667,NA,NA,NA,NA,NA,"CARD","B5",NA,NA,"Bad. Mostly degraded",NA,"UH7","20",NA,NA,574,"Bad",NA,NA,"extraction (conc)",NA
"17","Disc T NQ",NA,"ANMO","473","guttata","immutabilis",NA,NA,"Gro","Mpio. Petatlán, Puente Arroyo Seco sobre carr Arroyo Seco-La Calera; aproximadamente 1 km por carr de Cayacalito hacia Tecpan (carr 200)",17.3803,-101.116716666667,NA,NA,NA,NA,NA,"CARD","D8",NA,NA,"Bad. Very little",NA,"UH1","15",NA,NA,574,"Bad",NA,NA,"extraction (dil)",NA
"18","Unn T NQ dup",NA,"ANMO","474","lineatissima","livida",NA,NA,"Mich","Las Calabazas, sobre carr 200 Lázaro Cárdenas-Manzanillo",18.00903333,-102.4111333,NA,NA,NA,NA,NA,"3","B8",NA,NA,NA,"ND",NA,NA,NA,NA,575,NA,NA,NA,"Tejido",NA
"19","Disc T Q",NA,"ANMO","474","lineatissima","exorista?",NA,NA,"Mich","Las Calabazas, sobre carr 200 Lázaro Cárdenas-Manzanillo",18.0090333333333,-102.411133333333,NA,NA,NA,NA,NA,"CARD","C9",NA,NA,"Bad. Very little","7,22",NA,NA,"0.214",2336.44859813084,575,"Bad",NA,NA,NA,NA
"20","Unn T NQ dup",NA,"ANMO","474","lineatissima","livida",NA,NA,"Mich","Las Calabazas, sobre carr 200 Lázaro Cárdenas-Manzanillo",18.0090333333333,-102.411133333333,NA,NA,NA,NA,NA,"CARD","E5",NA,NA,"Bad. Very little","5,28",NA,"300",NA,NA,575,"Bad",NA,NA,"extraction (dil)",NA
"21","Disc T NQ",NA,"ANMO","474","lineatissima","livida",NA,NA,"Mich","Las Calabazas, sobre carr 200 Lázaro Cárdenas-Manzanillo",18.0090333333333,-102.411133333333,NA,NA,NA,NA,NA,"CARD","I7",NA,NA,"Poor. Mostly degraded",NA,"UH1",NA,NA,NA,575,"Bad",NA,NA,"Tejido",NA
"22","Disc T NQ",NA,"ANMO","475","lineatissima","exorista?",NA,NA,"Mich","Las Calabazas, sobre carr 200 Lázaro Cárdenas-Manzanillo",18.0090333333333,-102.411133333333,NA,NA,NA,NA,NA,"CARD","E3",NA,NA,"Bad. Very little","5,26",NA,NA,NA,NA,576,"Bad",NA,NA,NA,NA
"23","Disc T NQ",NA,"ANMO","475","lineatissima","lineatissima/livida",NA,NA,"Mich","Las Calabazas, sobre carr 200 Lázaro Cárdenas-Manzanillo",18.00903333,-102.4111333,NA,NA,NA,NA,NA,"CARD","I5",NA,NA,"Poor. Mostly degraded",NA,"UH1",NA,NA,NA,576,"Bad",NA,NA,"Tejido",NA
"24","Disc T NQ",NA,"ANMO","476","lineatissima","livida","l liv",NA,"Mich","Aproximadamente 1 km NE Playa Muruata",18.2862833333333,-103.346916666667,NA,NA,NA,NA,NA,"CARD","G4",NA,NA,"Poor. Mostly degraded","1,1","UH7",NA,"77.400000000000006",6.45994832041344,577,"Bad",NA,NA,NA,NA
"25","Disc T NQ",NA,"ANMO","477","lineatissima","livida","l liv",NA,"Mich","Aproximadamente 1 km NE Playa Muruata",18.2862833333333,-103.346916666667,NA,NA,NA,NA,NA,"CARD","H3",NA,NA,"Poor. Mostly degraded","5,4","UH7",NA,"70.400000000000006",7.10227272727273,578,"Bad",NA,NA,NA,NA
"26","Disc T NQ",NA,"ANMO","478","lineatissima","livida","l liv",NA,"Mich","Aproximadamente 1 km NE Playa Muruata",18.2862833333333,-103.346916666667,NA,NA,NA,NA,NA,"CARD","E8",NA,NA,"Poor. Mostly degraded","5,24","UH3",">50","520",0.961538461538462,579,"Bad",NA,NA,NA,NA
"27","Disc T Q",NA,"ANMO","489","lineatissima","lineattissima",NA,NA,"Col","Alrededores de Colima",19.22155,-103.7471,NA,NA,NA,NA,NA,"CARD","D7",NA,NA,"Regular. Lots degraded dna, very little","5,2",NA,"20","16.100000000000001",31.055900621118,590,"Bad",NA,NA,"extraction",NA
"28","Disc T NQ",NA,"ANMO","489","lineatissima","lineattissima",NA,NA,"Col","Alrededores de Colima",19.22155,-103.7471,NA,NA,NA,NA,NA,"CARD","I6",NA,NA,"Poor. Mostly degraded",NA,"UH1",NA,NA,NA,590,"Bad",NA,NA,"Tejido",NA
"29","Unn T NQ dup",NA,"ANMO","490","lineatissima","lineattissima",NA,NA,"Col","Alrededores de Colima",19.22155,-103.7471,NA,NA,NA,NA,NA,"3","B7",NA,NA,NA,"ND",NA,NA,NA,NA,591,NA,NA,NA,"Tejido",NA
"30","Disc T Q",NA,"ANMO","490","lineatissima","lineattissima","l lin",NA,"Col","Alrededores de Colima",19.22155,-103.7471,NA,NA,NA,NA,NA,"CARD","A6",NA,NA,"Bad. Mostly degraded","7,23","UH6","25","114",4.3859649122807,591,"Bad",NA,NA,"extraction (conc)",NA
"31","Disc T Q",NA,"ANMO","490","lineatissima","lineattissima",NA,NA,"Col","Alrededores de Colima",19.22155,-103.7471,NA,NA,NA,NA,NA,"CARD","C6",NA,NA,"Bad. Very little","ND",NA,NA,"2.12",235.849056603774,591,"Bad",NA,NA,"Sin prueba en gel",NA
"32","Disc T NQ",NA,"ANMO","491","lineatissima","lineattissima",NA,NA,"Col","Alrededores de Colima",19.22155,-103.7471,NA,NA,NA,NA,NA,"CARD","B6",NA,NA,"Bad. Mostly degraded","6,16",NA,NA,NA,NA,592,"Bad",NA,NA,NA,NA
"33","Disc T Q",NA,"ANMO","513","deppii","infernalis","di Mich",NA,"Mich","Aproximadamente 1 km de la carr Apatzingán-Cuatro Caminos a la altura del km 58",18.9882666666667,-102.112716666667,NA,NA,NA,NA,NA,"CARD","A8",NA,NA,"Bad. Mostly degraded","4,6",NA,NA,"73.2",6.83060109289617,614,"Bad",NA,NA,NA,NA
"34","Disc T NQ",NA,"ANMO","514","deppii","infernalis","di Mich",NA,"Mich","Alrededores de Capirio",18.8541,-102.133083333333,NA,NA,NA,NA,NA,"CARD","G1",NA,NA,"Poor. Mostly degraded",NA,"UH2",">50","93.8",5.33049040511727,615,"Bad",NA,NA,NA,NA
"35","Disc T NQ",NA,"ANMO","526","deppii","infernalis",NA,NA,"Mich","Las Yeguas, Río Tepalcatepec",18.8962666666667,-102.27665,NA,NA,NA,NA,NA,"CARD","B4",NA,NA,"Bad. Mostly degraded","4,7",NA,NA,NA,NA,627,"Bad",NA,NA,NA,NA
"36","Disc T NQ",NA,"ANMO","720","deppii","deppii","dr Sierra Mixe",NA,"Oax","Sierra Mixe, 32.7 km (por carr) de Mitla hacia Ayutla",16.96,-96.2073333333333,NA,NA,NA,NA,NA,"CARD","F9",NA,NA,"Poor. Mostly degraded","1,2","UH3",NA,"102",4.90196078431373,NA,"Bad",NA,NA,NA,NA
"37","Disc T NQ",NA,"ANMO","721","deppii","deppii","dr Sierra Mixe",NA,"Oax","Sierra Mixe, 32.7 km (por carr) de Mitla hacia Ayutla",16.96,-96.2073333333333,NA,NA,NA,NA,NA,"CARD","G3",NA,NA,"Poor. Mostly degraded","1,3","UH3",NA,"77.400000000000006",6.45994832041344,NA,"Bad",NA,NA,NA,NA
"38","Pend NT Q",NA,"ANMO","3353","deppii","deppii","db Cacalutla-S Cruz","1-","Gro","Carr. 95 en el cruce con el Río Papagayo",17.180667,-99.609194,NA,NA,NA,NA,NA,"2","E3",2,"F4","Good",NA,"UH1","100","72.8",6.86813186813187,NA,"G","1-G","ANMO3353",NA,"conc after genomiphi (ver sheet selected digestion)"
"39","Disc T Q",NA,"ANMO","870","deppii","deppii","db Cacalutla-S Cruz",NA,"Gro","Pueblo Nicolás Bravo (sobre carretera de la autopista México-Acapulco hacia Pinotepa Nacional)",16.8363833333333,-99.7484,NA,NA,NA,NA,NA,"3","A5",NA,NA,"Regular. Mostly degraded","8,1","UH3",NA,"118",4.23728813559322,NA,"Bad",NA,NA,NA,NA
"40","Pend NT Q","-","ENS","11564","lineatissima","duodecemlineata","l duo","21-","Jal","Barra de Navidad",19.19494,-104.62966,33,NA,NA,NA,NA,"2","E4",2,"G1","Good",NA,"UH1","60","too low",NA,NA,"G","21-G","ENS11564",NA,"conc after genomiphi (ver sheet selected digestion)"
"41","Pend NT Q","-","ENS","11545","lineatissima","livida","l livida","20-","Mich","Ostula",18.51,-103.47385,167,NA,NA,NA,NA,"2","E5",2,"G2","Good",NA,"UH8","60","5.82",85.9106529209622,NA,"G","20-G","ENS11545","No descartar que sea livida, es subadulto. A lo que más se parece dentro de lineattissima es a livida","conc after genomiphi (ver sheet selected digestion)"
"42","Pend NT Q",NA,"ANMO","3459","guttata","immutabilis","gi NW Gro","17-","Gro","Carr. Coyuca de Benítez-Atoyac de Álvarez, Pte. Coyuca I",17.008556,-100.097139,NA,NA,NA,NA,NA,"2","E6",2,"G3","Good. Little degraded dna",NA,"UH1","60","68.599999999999994",7.28862973760933,NA,"G","17-G","ANMO3459","2 pares de dorsolaterales? No se distinguen bien las líneas (puntos), pero pudiera ser","conc after genomiphi (ver sheet selected digestion)"
"43","Pend NT Q",NA,"ANMO","3456","deppii","deppii","db Cacalutla-S Cruz","1-","Gro","Carr. Coyuca de Benítez-Atoyac de Álvarez, Pte. Coyuca I",17.008556,-100.097139,NA,NA,NA,NA,NA,"2","E7",2,"G4","Good",NA,"UH1","60","71.8",6.96378830083566,NA,"G","1-G","ANMO3456",NA,"conc after genomiphi (ver sheet selected digestion)"
"44","Pend NT Q","-","ENS","11558","lineatissima","livida","l livida","20-","Mich","N of Ostula",18.551394,-103.46616,171,NA,NA,NA,NA,"2","E8",2,"H1","Good",NA,"UH8","60","too low",NA,NA,"G","20-G","ENS11558",NA,"conc after genomiphi (ver sheet selected digestion)"
"45","Pend NT Q","-","ENS","11561","lineatissima","livida","l livida","20-","Mich","Carr. Tolimán-Aquila",18.58245,-103.5198,170,NA,NA,NA,NA,"2","E9",2,"H2","Good",NA,"UH8","60","too low",NA,NA,"G","20-G","ENS11561",NA,"conc after genomiphi (ver sheet selected digestion)"
"46","Disc T NQ",NA,"ANMO","909","guttata","immutabilis","gf-gi Cintalapa-P. Escondido+",NA,"Oax","Parque Nacional Huatulco, Estación de campo “Sabanal”; aprox 2 km hacia el sur de la carretera Pochutla-Huatulco @ aprox km 245 o aprox 6 km por carretera de Huatulco hacia Pochutla",15.7697833333333,-96.1946,NA,NA,NA,NA,NA,"CARD","G6",NA,NA,"Poor. Mostly degraded","3,15","UH6",NA,"73",6.84931506849315,NA,"Bad",NA,NA,NA,NA
"47","Pend NT Q","-","ENS","11544","lineatissima","livida","l livida","20-","Mich","Ostula",18.51,-103.47385,167,NA,NA,NA,NA,"2","F1",2,"H3","Good",NA,"UH8","60","too low",NA,NA,"G","20-G","ENS11544",NA,"conc after genomiphi (ver sheet selected digestion)"
"48","T Q","√","JAC","22199","guttata","immutabilis","gi NW Gro","17-","Gro","Carretera Mex 200-Atoyac, Los Coyotes, 34 m.",17.1618583333333,-100.433877777778,NA,NA,NA,NA,NA,"1","A1",1,"A1","Good","5,7","UH3",">50","150",3.33333333333333,NA,"R","17-R","JAC22199",NA,NA
"49","T Q","√","ANMO","2500","deppii","deppii","dr Huatulco-S Cruz","6-","Oax","Puente Chague, cerca de Huatulco, en carretera Huatulco-Salina Cruz",15.7881666666667,-96.1421388888889,NA,NA,NA,NA,NA,"1","A3",1,"A3","Good. Little degraded dna",NA,"UH2","50","134",3.73134328358209,NA,"R","6-R","ANMO2500",NA,NA
"50","T Q","√","ANMO","911","guttata","immutabilis","gf-gi Cintalapa-P. Escondido+","14-","Oax","Parque Nacional Huatulco, Estación de campo “Sabanal”; aprox 2 km hacia el sur de la carretera Pochutla-Huatulco @ aprox km 245 o aprox 6 km por carretera de Huatulco hacia Pochutla",15.7697833333333,-96.1946,NA,NA,NA,NA,NA,"1","A5",1,"A5","Good. Little degraded dna","3,17","UH3",">50","127",3.93700787401575,NA,"R","14-R","ANMO911",NA,NA
"51","NT Q","√","LDOR","30","deppii","deppii","dr Tab-Camp",NA,"Camp?","Isla del Carmen",NA,NA,NA,NA,NA,"Norma",NA,"1","A7",1,"A7","Good. Little degraded dna","123 JCAM",NA,NA,"118",4.23728813559322,NA,"R",NA,"LDOR30",NA,NA
"52","T Q","√","ANMO","2547","deppii","deppii","dr Tab-Camp","9-","Camp","Emiliano Zapata, cerca de Nuevo Progreso",18.6721388888889,-92.1626111111111,NA,NA,NA,NA,NA,"1","A8",1,"A8","Good. Some degraded dna",NA,"UH2","50","114",4.3859649122807,NA,"R","9-R","ANMO2547",NA,NA
"53","T Q","√","IDF","199","deppii","deppii","dr costa Chis","3-","Chis","Ranchería Barrita de Pajón, carretera Buenavista rumbo a El Zapotal",15.3964166666667,-93.1035555555555,NA,NA,NA,NA,NA,"1","A9",1,"A9","Good. Some degraded dna","1,17","UH4",NA,"110",4.54545454545455,NA,"R","3-R","IDF199",NA,NA
"54","Disc T NQ",NA,"ANMO","952","guttata","immutabilis","gf-gi Cintalapa-P. Escondido+",NA,"Oax","Santa Cruz Bamba",16.0302777777778,-95.4197777777778,NA,NA,NA,NA,NA,"CARD","F2",NA,NA,"Poor. Mostly degraded","3,16","UH3","150","357",1.40056022408964,NA,"Bad",NA,NA,NA,NA
"55","T Q","√","ANMO","2812","deppii","schizophora","db F P Delgada-Tecolutla","13-","Ver","Faro Punta Delgada",19.8572222222222,-96.4630555555556,NA,NA,NA,NA,NA,"1","B1",1,"A10","Good. Little degraded dna","3,27","UH5",NA,"108",4.62962962962963,NA,"R","13-R","ANMO2812",NA,NA
"56","Disc T NQ",NA,"ANMO","1031","guttata","immutabilis","gf-gi Cintalapa-P. Escondido+",NA,"Oax","Al N de Zanatepec; camino de Zanatepec--Agua Caliente?",16.582217,-94.346319,NA,NA,NA,NA,NA,"CARD","H4",NA,NA,"Poor. Mostly degraded","5,16","UH6",NA,"68.599999999999994",7.28862973760933,NA,"Bad",NA,NA,NA,NA
"57","T Q","√","ANMO","2599","deppii","deppii","dr V Rica-L Tejada","10-","Ver","Aprox. 1 km antes de la desviación al Platanillo, viniendo de Lerdo de Tejada",18.67825,-95.5576111111111,NA,NA,NA,NA,NA,"1","B4",1,"B2","Good. Some degraded dna","2,18 y 7,1","UH4",NA,"106",4.71698113207547,NA,"R","10-R","ANMO2599",NA,NA
"58","T Q","√","ANMO","2823","deppii","deppii","dr costa Oax-Chis","4-","Chis","2.4 km del cereso de Tonalá",16.1892222222222,-93.8490833333333,NA,NA,NA,NA,NA,"1","B9",1,"B7","Good","6,36","UH3",NA,"102",4.90196078431373,NA,"R","4-R","ANMO2823",NA,NA
"59","Disc T NQ",NA,"ANMO","1090","lineatissima","exorista","l exo",NA,"Mich","El Taguazal, aprox 25 km por carr de Arteaga hacia Playa Azul",18.2339166666667,-102.247333333333,NA,NA,NA,NA,NA,"CARD","H1",NA,NA,"Poor. Mostly degraded","5,25","UH6",NA,"71.599999999999994",6.98324022346369,NA,"Bad",NA,NA,NA,NA
"60","Disc T NQ",NA,"ANMO","1091","lineatissima","exorista","l exo",NA,"Mich","El Taguazal, aprox 25 km por carr de Arteaga hacia Playa Azul",18.2339166666667,-102.247333333333,NA,NA,NA,NA,NA,"CARD","F5",NA,NA,"Poor. Mostly degraded","5,29","UH3","50","202",2.47524752475248,NA,"Bad",NA,NA,NA,NA
"61","T Q","√","ANMO","2601","deppii","deppii","dr V Rica-L Tejada","10-","Ver","Aprox. 1 km al N de Buenavista, viniendo de Lerdo de Tejada",18.7336111111111,-95.68625,NA,NA,NA,NA,NA,"1","C1",1,"B6","Good","2,8","UH4",NA,"102",4.90196078431373,NA,"R","10-R","ANMO2601",NA,NA
"62","Disc T NQ",NA,"ANMO","1101","lineatissima","exorista","l exo",NA,"Mich","Aprox 10 km por carr de Playa Azul hacia Arteaga",18.0653888888889,-102.309222222222,NA,NA,NA,NA,NA,"CARD","E7",NA,NA,"Poor. Mostly degraded","5,27","UH3","40","1000",0.5,NA,"Bad",NA,NA,NA,NA
"63","T Q","√","ANMO","878","deppii","deppii","db Cacalutla-S Cruz","1-","Oax","Aprox 2 km por carretera hacia Sn. Pedro Orizaba desde la desviación de la carretera 200 Cruz Grande-Pinotepa Nacional (desviación @ aprox 7 km por carretera 200 de Cuajinicuilapa hacia Pinotepa Nacional)",16.4503833333333,-98.3313333333333,NA,NA,NA,NA,NA,"1","C2",1,"B8","Good","3,11","UH3",NA,"100",5,NA,"R","1-R","ANMO878",NA,NA
"64","T Q","√","ANMO","2490","deppii","deppii","db Cacalutla-S Cruz","1-","Oax","Colonia La Cruz, Puerto Escondido",15.82925,-97.0353055555556,NA,NA,NA,NA,NA,"1","C3",1,"B9","Good. Little degraded dna","3,8","UH4",NA,"100",5,NA,"R","1-R","ANMO2490","Podría ser schizophora X deppii? Se complica saber al ser un juvenil.",NA
"65","Disc T Q",NA,"ANMO","1112","lineatissima","livida","l liv",NA,"Mich","Aprox 28 km por carr de Aquila hacia Coalcomán",18.6522777777778,-103.435388888889,NA,NA,NA,NA,NA,"CARD","A1",NA,NA,"Bad. Mostly degraded","2,2","UH3","25","640",0.78125,NA,"Bad",NA,NA,NA,NA
"66","Disc T NQ",NA,"ANMO","1138","lineatissima","livida","l liv",NA,"Mich","Mpio Aquila, Pueblo Nuevo (sobre carr 200 La Placita-Manzanillo)",18.5613,-103.594366666667,NA,NA,NA,NA,NA,"CARD","G9",NA,NA,"Poor. Mostly degraded","5,23","UH7",NA,"72",6.94444444444444,NA,"Bad",NA,NA,NA,NA
"67","T Q","√","ANMO","1011","deppii","deppii","dr Dep C Chis","5-","Chis","Aprox. 1 km desde el puente sobre el Cañón del Sumidero hacia Chiapa de Corzo sobre carr Tuxtla Gutiérrez-Chiapa de Corzo",16.7413888888889,-93.0250555555556,NA,NA,NA,NA,NA,"1","C4",1,"B10","Good. Little degraded dna",NA,"UH2","100","99.8",5.01002004008016,NA,"R","5-R","ANMO1011",NA,"DNA dil"
"68","Disc T NQ",NA,"ANMO","1185","lineatissima","duodecemlineata","ld",NA,"Nay","Mpio San Blas, aprox 1 km E San Blas",21.5191111111111,-105.270027777778,NA,NA,NA,NA,NA,"CARD","H5",NA,NA,"Poor. Mostly degraded","5,19","UH6",NA,"63.4",7.88643533123028,NA,"Bad",NA,NA,NA,NA
"69","Disc T NQ",NA,"ANMO","1186","lineatissima","duodecemlineata","ld",NA,"Nay","Mpio San Blas, aprox 1 km E San Blas",21.5191111111111,-105.270027777778,NA,NA,NA,NA,NA,"CARD","G5",NA,NA,"Poor. Mostly degraded","5,20","UH6",NA,"77",6.49350649350649,NA,"Bad",NA,NA,NA,NA
"70","T Q","√","ANMO","2203","deppii","deppii","db Cacalutla-S Cruz","1-","Oax","San Pedro Juchatengo, terrenos aledaños al rio Atoyac",16.3466666666667,-97.0925833333333,NA,NA,NA,NA,NA,"1","C5",1,"B11","Good. Little degraded dna","1,30","UH4",NA,"99.2",5.04032258064516,NA,"R","1-R","ANMO2203",NA,NA
"71","T Q",NA,"ANMO","2210","deppii","deppii","db Cacalutla-S Cruz","1-","Oax","San Pedro Juchatengo, terrenos aledaños al rio Atoyac",16.3466666666667,-97.0925833333333,NA,NA,NA,NA,NA,"1","C6",1,"B12","Good","2,1","UH4",NA,"99.2",5.04032258064516,NA,"R","1-R","ANMO2210",NA,NA
"72","T Q","√","ANMO","2509","deppii","deppii","db Cacalutla-S Cruz","1-","Oax","Carretera Huatulco-Salina Cruz, antes del Puente Laguna Seca",15.7938055555556,-96.1271388888889,NA,NA,NA,NA,NA,"1","C7",1,"C1","Good. Little degraded dna","3,9","UH4",NA,"99",5.05050505050505,NA,"R","1-R","ANMO2509",NA,NA
"73","T Q","√","UOGV","1002","deppii","deppii","dr Tab-Camp","9-","Tab","Club de Playa Varadero en Paraiso",18.438,-93.2238611111111,NA,NA,NA,NA,NA,"1","D1",1,"C4","Good. Little degraded dna","1,14","UH4",NA,"96",5.20833333333333,NA,"R","9-R","UOGV1002",NA,NA
"74","T Q","√","ANMO","2580","deppii","deppii","dr I Tehuantepec","7-","Ver","Villa de Allende, junto a restaurant Monoboya III",18.1604722222222,-94.3753611111111,NA,NA,NA,NA,NA,"1","D2",1,"C5","Good","3,3","UH4",NA,"95.8",5.21920668058455,NA,"R","7-R","ANMO2580",NA,NA
"75","T Q",NA,"ANMO","2510","deppii","deppii","dr Huatulco-S Cruz","6-","Oax","Carretera Huatulco-Salina Cruz, antes del Puente Laguna Seca",15.7938055555556,-96.1271388888889,NA,NA,NA,NA,NA,"1","D3",1,"C6","Good. Little degraded dna","2,10","UH4",NA,"95.2",5.25210084033613,NA,"R","6-R","ANMO2510",NA,NA
"76","T Q",NA,"ANMO","2574","deppii","deppii","dr Tab-Camp","9-","Tab","Bateria No. 5 de Pemex, en El Yucateco",18.21375,-94.0126944444444,NA,NA,NA,NA,NA,"1","D4",1,"C7","Good. Little degraded dna","2,22 y 7,5","UH4",NA,"95",5.26315789473684,NA,"R","9-R","ANMO2574",NA,NA
"77","T Q",NA,"ANMO","2502","deppii","deppii","dr Huatulco-S Cruz","6-","Oax","Puente Chague, cerca de Huatulco, en carretera Huatulco-Salina Cruz",15.7881666666667,-96.1421388888889,NA,NA,NA,NA,NA,"1","D5",1,"C8","Good","2,9","UH4",NA,"94.4",5.29661016949153,NA,"R","6-R","ANMO2502",NA,NA
"78","T Q",NA,"MVZ","204070","deppii","deppii","db Chis-Costa Rica","2-","CR","Guanacaste, Playa Ocotal",10.55,-85.73333,NA,NA,NA,NA,NA,"1","D6",1,"C9","Good","1,28","UH3",NA,"93.8",5.33049040511727,NA,"R","2-R","MVZ204070",NA,NA
"79","T Q",NA,"JAC","23145","guttata","immutabilis","gf-gi Cintalapa-P. Escondido+","14-","Oax","Area Santo Domingo Tehuantepec-Alvaro Obregon, 40 m",16.299814,-95.138186,NA,NA,NA,NA,NA,"1","D7",1,"C10","Good. Little degraded dna","5,17","UH6",NA,"92.8",5.38793103448276,NA,"R","14-R","JAC23145",NA,NA
"80","Disc NT Q",NA,"ANMO","2520","deppii","deppii",NA,NA,"Oax","Río La Gringa, El Morro",16.0921388888889,-95.4053333333333,NA,NA,NA,NA,NA,"CARD","B8",NA,NA,"Bad. Very little","4,15",NA,"70","too low",NA,NA,"Bad",NA,NA,"DNA diluido",NA
"81","T Q",NA,"ANMO","3138","deppii","schizophora","db F P Delgada-Tecolutla","13-","Ver","Barra de Tecolutla",20.47475,-97.0087222222222,NA,NA,NA,NA,NA,"1","D8",1,"C11","Good. Little degraded dna","3,24","UH5",NA,"92",5.43478260869565,NA,"R","13-R","ANMO3138",NA,"11567 on tube in error"
"82","T Q",NA,"ANMO","3096","deppii","infernalis","di Mich","12-","Mich","Alrededores de Cumburindio, camino a Turitzio",18.5421944444444,-100.958222222222,NA,NA,NA,NA,NA,"1","D9",1,"C12","Good. Little degraded dna","8,5","UH5",NA,"91.6",5.4585152838428,NA,"R","12-R","ANMO3096",NA,NA
"83","T Q",NA,"IDF","169","deppii","deppii","dr Tab-Camp","9-","Camp","Nuevo Campechito",18.6494722222222,-92.4663888888889,NA,NA,NA,NA,NA,"1","E1",1,"D1","Good. Some degraded dna","1,15","UH3",NA,"91",5.49450549450549,NA,"R","9-R","IDF169",NA,NA
"84","T Q",NA,"RLR","1023","deppii","deppii","dr costa Chis","3-","Chis","Ejido Barra San Simón",14.83027778,-92.4538889,NA,NA,NA,NA,NA,"1","E2",1,"D2","Good","2,11","UH4",NA,"90.4",5.53097345132743,NA,"R","3-R","RLR1023",NA,NA
"85","T Q",NA,"ANMO","456","guttata","immutabilis","gi C Gro-Pinotepa+","16-","Gro","Tierra Colorada",17.1654666666667,-99.5362166666667,NA,NA,NA,NA,NA,"1","E4",1,"D4","Good","5,9","UH5",NA,"89.8",5.56792873051225,557,"R","16-R","ANMO456",NA,NA
"86","T Q",NA,"ANMO","3089","deppii","infernalis","di Mich","12-","Mich","Alrededores de San Jerónimo; salida del pueblo hacia Churumuco",18.5326388888889,-101.332027777778,NA,NA,NA,NA,NA,"1","E6",1,"D6","Good","8,3","UH5",NA,"89.4",5.59284116331096,NA,"R","12-R","ANMO3089",NA,NA
"87","T Q",NA,"ANMO","2890","deppii","deppii","dr costa Oax-Chis","4-","Oax","Rancho el Tábano, aproximadamente a 12.5 km de la frontera con Chiapas",16.2746944444444,-94.1481944444445,NA,NA,NA,NA,NA,"1","E7",1,"D7","Good","2,16","UH4",NA,"86.8",5.76036866359447,NA,"R","4-R","ANMO2890",NA,NA
"88","T Q",NA,"ANMO","2904","deppii","deppii","dr Dep C Chis","5-","Chis","Ribera Gabilán",16.7504444444444,-93.4575277777778,NA,NA,NA,NA,NA,"1","E8",1,"D8","Good. Little degraded dna","2,13","UH4",NA,"86.4",5.78703703703704,NA,"R","5-R","ANMO2904",NA,NA
"89","T Q",NA,"JAC","22135","guttata","immutabilis","gi C Gro-Pinotepa+","16-","Gro","Sierra de Malinaltepec, Rancho Viejo, 883 m.",17.0377472222222,-98.8030777777778,NA,NA,NA,NA,NA,"1","F2",1,"D11","Good. Little degraded dna","5,11","UH7","100","81.5",6.13496932515337,NA,"R","16-R","JAC22135",NA,NA
"90","NT Q",NA,"ANMO","3037","deppii","infernalis","di Gro-Pue","11-","Gro","Zumpango del Río",17.64633,-99.53654,NA,NA,NA,NA,NA,"1","F4",1,"E1","Good","6,6","UH4, 7",NA,"80.400000000000006",6.21890547263682,NA,"R","11-R","ANMO3037",NA,NA
"91","NT Q",NA,"ANMO","3461","guttata","immutabilis","gi NW Gro","17-","Gro","Carr. Coyuca de Benítez-Atoyac de Álvarez, Pte. Coyuca I",17.008556,-100.097139,NA,NA,NA,NA,NA,"1","F6",1,"E3","Good. Little degraded dna",NA,"UH1","20","78.7",6.35324015247776,NA,"R","17-R","ANMO3461","2 pares de dorsolaterales? No se distinguen bien las líneas (puntos), pero pudiera ser",NA
"92","T Q",NA,"ANMO","1084","lineatissima","exorista","l exo","18-","Mich","La Lagunita, sobre carr Las Cañas--Arteaga",18.4318333333333,-102.084361111111,NA,NA,NA,NA,NA,"1","F8",1,"E5","Good. Little degraded dna","2,5","UH6",NA,"77.8",6.426735218509,NA,"R","18-R","ANMO1084",NA,NA
"93","NT Q",NA,"LNG","429","deppii","deppii","dr Dep C Chis","5-","Chis","Parking lot of Potayo Inn, 2.0 road km N of Villaflores",16.25877,-93.2641,NA,NA,NA,NA,NA,"1","F9",1,"E6","Regular. Little degraded dna","6,5","UH4",NA,"77.2",6.47668393782383,NA,"R","5-R","LNG429",NA,NA
"94","T Q",NA,"UOGV","229","deppii","schizophora","db F P Delgada-Tecolutla","13-","Ver","Barra de Tecolutla",20.45925,-96.9871388888889,NA,NA,NA,NA,NA,"1","G7",1,"F1","Good. Little degraded dna","3,25","UH5",NA,"73.2",6.83060109289617,NA,"R","13-R","UOGV229",NA,NA
"95","T Q",NA,"UOGV","971","guttata","flavilineata","gf-gi Cintalapa-P. Escondido+","14-","Chis","SE Cintalapa por la carretera Mex 190 rumbo a Rizo de oro",16.6448611111111,-93.76375,NA,NA,NA,NA,NA,"1","G8",1,"F2","Good. Some degraded dna","1,18","UH5",NA,"73",6.84931506849315,NA,"R","14-R","UOGV971",NA,NA
"96","Disc T NQ",NA,"ANMO","2836","deppii","deppii",NA,NA,"Oax","Puente Guamol entre Tapanatepec y Rizo de Oro",16.4968888888889,-94.4668888888889,NA,NA,NA,NA,NA,"CARD","D3",NA,NA,"Bad. Very little","3,2",NA,"25",NA,NA,NA,"Bad",NA,NA,"Poco DNA en gel",NA
"97","Disc T NQ",NA,"ANMO","2857","deppii","deppii",NA,NA,"Oax","Aprox 2 km al este de la carretera Mx con direccion a Nejapa",16.60888,-96.00869,NA,NA,NA,NA,NA,"CARD","D4",NA,NA,"Bad. Very little","6,11",NA,NA,NA,NA,NA,"Bad",NA,NA,"Poco DNA en gel",NA
"98","NT Q",NA,"UOGV","2669","guttata","guttata","guttata","15-","Ver","Unidad Medica Rural, Col. Dominguez.",18.03357,-95.377265,NA,NA,NA,NA,NA,"1","H1",1,"F5","Good. Some degraded dna","6,24","UH5",NA,"72.400000000000006",6.9060773480663,NA,"R","15-R","UOGV2669",NA,NA
"99","T Q",NA,"ANMO","1105","lineatissima","exorista/livida","l exo","18-","Mich","Aprox km 151 sobre carr 200 Lázaro Cárdenas-Manzanillo",18.0763055555556,-102.762222222222,NA,NA,NA,NA,NA,"1","H2",1,"F4","Good. Little degraded dna","2,6","UH6",NA,"72.400000000000006",6.9060773480663,NA,"R","18-R","ANMO1105","7 líneas, paravertebrales fusionadas",NA
"100","T Q",NA,"ANMO","887","guttata","immutabilis","wrong clade (d d Cacalutla-S Cruz)","d d 1-","Oax","Aprox 3 km por carretera hacia Pastoría desde la desviación de la carretera 200 Pinotepa Nacional-Puerto Escondido (desviación @ aprox km 77 de esta carretera)",16.0244833333333,-97.5837,NA,NA,NA,NA,NA,"1","H3",1,"F6","Good. Little degraded dna","3,10","UH6",NA,"71.599999999999994",6.98324022346369,NA,"R","d d 1-R","ANMO887",NA,NA
"101","T Q",NA,"ANMO","896","guttata","immutabilis","gf-gi Cintalapa-P. Escondido+","14-","Oax","Carretera Huatulco-Salina Cruz @ desviación hacia Sta. Cruz Bamba",16.0301833333333,-95.4197666666667,NA,NA,NA,NA,NA,"1","H4",1,"F7","Regular. Little degraded dna","5,18","UH6",NA,"70.2",7.12250712250712,NA,"R","14-R","ANMO896",NA,NA
"102","T Q",NA,"ANMO","1100","lineatissima","exorista","l exo","18-","Mich","Aprox 10 km por carr de Playa Azul hacia Arteaga",18.0653888888889,-102.309222222222,NA,NA,NA,NA,NA,"1","H6",1,"F9","Good. Little degraded dna","2,7","UH6",NA,"69.400000000000006",7.20461095100864,NA,"R","18-R","ANMO1100",NA,NA
"103","T Q",NA,"JAC","22134","guttata","immutabilis","gi C Gro-Pinotepa+","16-","Gro","Sierra de Malinaltepec, Rancho Viejo, 883 m.",17.0377472222222,-98.8030777777778,NA,NA,NA,NA,NA,"1","H7",1,"F10","Good. Little degraded dna","5,10","UH6",NA,"69",7.2463768115942,NA,"R","16-R","JAC22134",NA,NA
"104","Disc NT NQ",NA,"ANMO","2970","deppii","deppii",NA,NA,"Gro","Carretera de Copala a Atrisco",16.6145,-98.9586111111111,NA,NA,NA,NA,NA,"CARD","D1",NA,NA,"Bad. Very little","6,31",NA,NA,NA,NA,NA,"Bad",NA,NA,"Poco DNA en gel",NA
"105","NT Q",NA,"ANMO","2967","deppii","deppii","db Cacalutla-S Cruz","1-","Gro","Carretera de Copala a Atrisco",16.6145,-98.9586111111111,NA,NA,NA,NA,NA,"1","H8",1,"F11","Good","6,30","UH4",NA,"68.599999999999994",7.28862973760933,NA,"R","1-R","ANMO2967",NA,NA
"106","T Q",NA,"UOGV","845","guttata","immutabilis","gi C Gro-Pinotepa+","16-","Oax","Aprox 28 Km E de Pinotepa Nacional, x carretera Pinotepa-Pto. Escondido (Mex 200)",16.2868333333333,-97.8418888888889,NA,NA,NA,NA,NA,"1","I1",1,"G1","Good. Little degraded dna","1,11","UH6",NA,"67.400000000000006",7.41839762611276,NA,"R","16-R","UOGV845",NA,NA
"107","NT Q",NA,"ANMO","3463","guttata","immutabilis","gi NW Gro","17-","Gro","Carr. Coyuca de Benítez-Atoyac de Álvarez, Pte. Coyuca I",17.008556,-100.097139,NA,NA,NA,NA,NA,"1","I2",1,"G2","Good","6,27","UH3","20","65.7",7.6103500761035,NA,"R","17-R","ANMO3463",NA,NA
"108","NT Q",NA,"UOGV","1251","guttata","guttata","guttata","15-","Ver","Carr. Acayucan-Tuxtepec, Km. 128",17.9087222222222,-95.0369722222222,NA,NA,NA,NA,NA,"1","I3",1,"G5","Good. Little degraded dna","6,14","UH7","100","64.599999999999994",7.73993808049536,NA,"R","15-R","UOGV1251",NA,NA
"109","T Q",NA,"ANMO","1150","lineatissima","lineattissima","l lin","19-","Mich","Aprox km 290 sobre carr libre Armería-Manzanillo",18.9337222222222,-104.026027777778,NA,NA,NA,NA,NA,"1","I4",1,"G4","Good. Some degraded dna","5,21","UH7",NA,"64.599999999999994",7.73993808049536,NA,"R","19-R","ANMO1150",NA,NA
"110","T Q",NA,"ANMO","886","guttata","immutabilis","wrong clade (d d Cacalutla-S Cruz)","d d 1-","Oax","Aprox 3 km por carretera hacia Pastoría desde la desviación de la carretera 200 Pinotepa Nacional-Puerto Escondido (desviación @ aprox km 77 de esta carretera)",16.0244833333333,-97.5837,NA,NA,NA,NA,NA,"1","I5",1,"G3","Good. Little degraded dna","3,7","UH6",NA,"64.599999999999994",7.73993808049536,NA,"R","d d 1-R","ANMO886",NA,NA
"111","T Q",NA,"JAC","22198","guttata","immutabilis","gi NW Gro","17-","Gro","Carretera Mex 200-Atoyac, Los Coyotes, 34 m.",17.1618583333333,-100.433877777778,NA,NA,NA,NA,NA,"1","I6",1,"G6","Good. Little degraded dna","5,6","UH6",NA,"63.4",7.88643533123028,NA,"R","17-R","JAC22198",NA,NA
"112","NT Q",NA,"UOGV","2668","guttata","guttata","guttata","15-","Ver","Unidad Medica Rural, Col. Dominguez.",18.03357,-95.377265,NA,NA,NA,NA,NA,"1","I9",1,"G9","Good","6,15","UH5",NA,"60.6",8.25082508250825,NA,"R","15-R","UOGV2668",NA,NA
"113","Disc T NQ",NA,"ANMO","3107","deppii","infernalis","di Gro-Pue",NA,"Gro","Aproximadamente km 55 sobre carretera Arcelia-Cd. Altamirano, “El Tanque”",18.2709444444444,-100.473555555556,NA,NA,NA,NA,NA,"CARD","F6",NA,NA,"Poor. Mostly degraded",NA,"UH2","50","162",3.08641975308642,NA,"Bad",NA,NA,NA,NA
"114","T Q",NA,"JAC","22850","guttata","immutabilis","gf-gi Cintalapa-P. Escondido+","14-","Oax","Municipio Santa Maria Chimalapa: Vista Hermosa: Rio Espiritu Santo, 96 m",17.036156,-94.902725,NA,NA,NA,NA,NA,"2","A1",1,"G10","Good. Little degraded dna","5,15","UH6",NA,"59.8",8.36120401337793,NA,"R","14-R","JAC22850",NA,NA
"115","T Q",NA,"EPR","1209","lineatissima","duodecemlineata","l duo","21-","Jal","Peña Blanca",NA,NA,NA,NA,NA,NA,NA,"2","A2",1,"G11","Good. Little degraded dna","5,1","UH6",NA,"59.2",8.44594594594595,NA,"R","21-R","EPR1209",NA,"Localidad dudosa"
"116","NT Q",NA,"LNG","428","deppii","deppii","dr Huatulco-S Cruz","6-","Oax","Playa Colorada, 1.6 airline km S of Mex-200",15.95265,-95.57942,NA,NA,NA,NA,NA,"2","A4",1,"H1","Good","6,4","UH4",NA,"58.6",8.53242320819113,NA,"R","6-R","LNG428",NA,NA
"117","T Q",NA,"ANMO","2494","deppii","deppii","dr Huatulco-S Cruz","6-","Oax","Pochutla",15.7238611111111,-96.4780555555556,NA,NA,NA,NA,NA,"2","A6",1,"H3","Good","2,26 y 7,9","UH4",NA,"57.8",8.65051903114187,NA,"R","6-R","ANMO2494",NA,NA
"118","T Q",NA,"ANMO","2686","deppii","deppii","dr I Tehuantepec","7-","Oax","Aprox 2 km al este de la carretera Mx con direccion a Nejapa",16.60888,-96.00869,NA,NA,NA,NA,NA,"2","A7",1,"H4","Good","6,10","UH4",NA,"56.6",8.8339222614841,NA,"R","7-R","ANMO2686",NA,NA
"119","NT Q",NA,"JAC","23652","lineatissima","duodecemlineata","l duo","21-","Jal",NA,NA,NA,NA,NA,NA,NA,NA,"2","A8",1,"H5","Good. Little degraded dna","6,22","UH6","40","56.6",8.8339222614841,NA,"R","21-R","JAC23652",NA,NA
"120","Disc NT Q",NA,"ANMO","3353","deppii","deppii",NA,NA,"Gro","Carr. 95 en el cruce con el Río Papagayo",17.180667,-99.609194,NA,NA,NA,NA,NA,"CARD","C5",NA,NA,"Bad. Very little","6,21",NA,NA,"2.42",206.611570247934,NA,"Bad",NA,NA,NA,NA
"121","Unn NT NQ dup",NA,"ANMO","3353","deppii","deppii",NA,NA,"Gro","Carr. 95 en el cruce con el Río Papagayo",17.180667,-99.609194,NA,NA,NA,NA,NA,"3","A8",NA,NA,NA,"ND",NA,NA,NA,NA,NA,NA,NA,NA,"Tejido",NA
"122","T Q",NA,"ANMO","3137","deppii","schizophora","db F P Delgada-Tecolutla","13-","Ver","2 km SE Tecolutla",20.46666667,-97.0086111,NA,NA,NA,NA,NA,"2","A9",1,"H6","Good","7,16","UH5",NA,"54.2",9.22509225092251,NA,"R","13-R","ANMO3137",NA,NA
"123","Disc NT Q",NA,"ANMO","3456","deppii","deppii",NA,NA,"Gro","Carr. Coyuca de Benítez-Atoyac de Álvarez, Pte. Coyuca I",17.008556,-100.097139,NA,NA,NA,NA,NA,"CARD","C4",NA,NA,"Bad. Very little","6,23",NA,NA,"3.06",163.398692810458,NA,"Bad",NA,NA,NA,NA
"124","Unn NT NQ dup",NA,"ANMO","3456","deppii","deppii",NA,NA,"Gro","Carr. Coyuca de Benítez-Atoyac de Álvarez, Pte. Coyuca I",17.008556,-100.097139,NA,NA,NA,NA,NA,"3","A9",NA,NA,NA,"ND",NA,NA,NA,NA,NA,NA,NA,NA,"Tejido",NA
"125","T Q",NA,"ANMO","922","deppii","deppii","wrong clade (g f + g i)","g f-g i 14-","Chis","Aprox km 194.5 de la carretera Arriaga-Tapanatepec, o aprox 13 km por carretera de Arriaga hacia Tapanatepec",16.2244,-94.0124,NA,NA,NA,NA,NA,"2","B2",1,"H8","Good. Some degraded dna","3,21","UH3",NA,"52.4",9.54198473282443,NA,"R","g f-g i 14-R","ANMO922","8 líneas, paravertebrales muy juntas y sin vertebrales, pudiera ser híbrido",NA
"126","Disc NT Q",NA,"ANMO","3457","deppii","deppii",NA,NA,"Gro","Carr. Coyuca de Benítez-Atoyac de Álvarez, Pte. Coyuca I",17.008556,-100.097139,NA,NA,NA,NA,NA,"CARD","C8",NA,NA,"Bad. Very little","6,32",NA,NA,"1.71",292.397660818713,NA,"Bad",NA,NA,NA,NA
"127","Unn NT NQ dup",NA,"ANMO","3457","deppii","deppii",NA,NA,"Gro","Carr. Coyuca de Benítez-Atoyac de Álvarez, Pte. Coyuca I",17.008556,-100.097139,NA,NA,NA,NA,NA,"3","B1",NA,NA,NA,"ND",NA,NA,NA,NA,NA,NA,NA,NA,"Tejido",NA
"128","T Q",NA,"ANMO","3090","deppii","infernalis","di Mich","12-","Mich","Alrededores de San Jerónimo; salida del pueblo hacia Churumuco",18.5326388888889,-101.332027777778,NA,NA,NA,NA,NA,"2","B4",1,"H10","Good",NA,"UH2",">50","49.7",10.0603621730382,NA,"R","12-R","ANMO3090",NA,NA
"129","Disc NT Q",NA,"ANMO","3458","guttata","immutabilis",NA,NA,"Gro","Carr. Coyuca de Benítez-Atoyac de Álvarez, Pte. Coyuca I",17.008556,-100.097139,NA,NA,NA,NA,NA,"CARD","C3",NA,NA,"Bad. Very little","6,25",NA,"30","5.8",86.2068965517241,NA,"Bad",NA,NA,NA,NA
"130","T Q",NA,"JAC","19623","deppii","deppii","dr Dep C Chis","5-","Guat",NA,NA,NA,NA,NA,NA,NA,NA,"2","B5",1,"H11","Good",NA,"UH2","50","48.3",10.351966873706,NA,"R","5-R","JAC19623",NA,NA
"131","NT Q",NA,"ANMO","3457","deppii","deppii","db Cacalutla-S Cruz","1-","Gro","Carr. Coyuca de Benítez-Atoyac de Álvarez, Pte. Coyuca I",17.008556,-100.097139,NA,NA,NA,NA,NA,"2","B6",1,"H12","Good. Some degraded dna",NA,"UH1","100","48.2",10.3734439834025,NA,"R","1-R","ANMO3457",NA,NA
"132","T Q",NA,"LMOO","102","deppii","deppii","dr costa Chis","3-","Chis","km 170 carretera Arriaga-Tapachula, Col. Miguel Alemán (Jericó), Rancho 3 Hermanos; Municipio: Pijijiapan",15.55916667,-93.0177778,NA,NA,NA,NA,NA,"2","B7",2,"A1","Good","1,5","UH3",NA,"46.2",10.8225108225108,NA,"R","3-R","LMOO102",NA,NA
"133","NT Q",NA,"ANMO","2961","guttata","immutabilis","gi C Gro-Pinotepa+","16-","Gro","Rio Copala en las orillas de Atrisco",16.6428333333333,-98.939,NA,NA,NA,NA,NA,"2","B8",2,"A2","Good. Little degraded dna","6,29","UH5-6",NA,"46",10.8695652173913,NA,"R","16-R","ANMO2961",NA,NA
"134","Disc NT NQ",NA,"ANMO","3798","deppii","infernalis",NA,NA,"Pue","Puente Río Atoyac",18.38713,-98.30588,NA,NA,NA,NA,NA,"CARD","I2",NA,NA,"Poor. Mostly degraded",NA,"UH1",NA,NA,NA,NA,"Bad",NA,NA,"Tejido",NA
"135","T Q",NA,"ANMO","2584","deppii","deppii","dr I Tehuantepec","7-","Ver","Villa de Allende, junto a restaurant Monoboya III",18.1604722222222,-94.3753611111111,NA,NA,NA,NA,NA,"2","B9",2,"A3","Good",NA,"UH2",">50","45.4",11.0132158590308,NA,"R","7-R","ANMO2584",NA,NA
"136","Disc T Q",NA,"C","1","deppii","infernalis",NA,NA,"Mich","Al lado de rio, en Caracuaro",19.016944,-101.126111,NA,NA,NA,NA,NA,"CARD","C2",NA,NA,"Bad. Very little","4,12",NA,NA,"6.7",74.6268656716418,NA,"Bad",NA,NA,"Sin prueba en gel",NA
"137","Disc T NQ",NA,"C","3","deppii","infernalis",NA,NA,"Mich","Al lado de rio, en Caracuaro",19.016944,-101.126111,NA,NA,NA,NA,NA,"CARD","D6",NA,NA,"Bad. Very little","4,13",NA,"15",NA,NA,NA,"Bad",NA,NA,"extraction",NA
"138","Unn NT NQ dup",NA,"CDR","150","lineatissima","exorista",NA,NA,"Mich","Carr. Nueva Italia-Arteaga, Puente Capirio",18.85322222,-102.1420556,NA,NA,NA,NA,NA,"3","B5",NA,NA,NA,"ND",NA,NA,NA,NA,NA,NA,NA,NA,"Tejido",NA
"139","Disc NT Q",NA,"CDR","150","lineatissima","exorista","l exo",NA,"Mich","Carr. Nueva Italia-Arteaga, Puente Capirio",18.8532222222222,-102.142055555556,NA,NA,NA,NA,NA,"CARD","H7",NA,NA,"Poor. Mostly degraded","6,19","UH3",NA,"45.9",10.8932461873638,NA,"Bad",NA,NA,NA,NA
"140","T Q",NA,"ANMO","3097","deppii","infernalis","di Mich","12-","Mich","Alrededores de Cumburindio, camino a Turitzio",18.5421944444444,-100.958222222222,NA,NA,NA,NA,NA,"2","C1",2,"A4","Good",NA,"UH2",">50","45.2",11.0619469026549,NA,"R","12-R","ANMO3097",NA,NA
"141","NT Q",NA,"UOGV","1253","guttata","guttata","guttata","15-","Ver","Carr. Acayucan-Tuxtepec, Km. 105",17.9594444444444,-96.2360555555556,NA,NA,NA,NA,NA,"2","C2",2,"B1","Good","6,13","UH7","100","44.2",11.3122171945701,NA,"R","15-R","UOGV1253",NA,NA
"142","T Q",NA,"ANMO","2827","deppii","deppii","dr costa Oax-Chis","4-","Chis","2.4 km del cereso de Tonalá",16.1892222222222,-93.8490833333333,NA,NA,NA,NA,NA,"2","C4",2,"B3","Good",NA,"UH2","30","41.6",12.0192307692308,NA,"R","4-R","ANMO2827",NA,NA
"143","T Q",NA,"JAC","21355","guttata","Juchatengo","gi C Gro-Pinotepa+","16-","Oax","Sierra Madre del Sur, along Hwy 131, 14.3 mi S Sola de Vega, 1575m",NA,NA,NA,NA,NA,NA,NA,"2","C5",2,"B4","Good. Little degraded dna","6,2","UH6",NA,"40.6",12.3152709359606,NA,"R","16-R","JAC21355",NA,NA
"144","T Q",NA,"LMOO","92","deppii","deppii","dr costa Chis","3-","Chis","km 170 carretera Arriaga-Tapachula, Col. Miguel Alemán (Jericó), Rancho 3 Hermanos; Municipio: Pijijiapan",15.55916667,-93.0177778,NA,NA,NA,NA,NA,"2","C6",2,"C1","Good",NA,"UH2","60","38.799999999999997",12.8865979381443,NA,"R","3-R","LMOO92",NA,"DNA dil"
"145","T Q",NA,"ANMO","2493","deppii","deppii","dr Huatulco-S Cruz","6-","Oax","Pochutla",15.7238611111111,-96.4780555555556,NA,NA,NA,NA,NA,"2","C7",2,"C2","Good. Little degraded dna",NA,"UH2","20","38.4",13.0208333333333,NA,"R","6-R","ANMO2493",NA,NA
"146","NT Q",NA,"ANMO","2959","guttata","immutabilis","gi C Gro-Pinotepa+","16-","Gro","Rio Copala en las orillas de Atrisco",16.6428333333333,-98.939,NA,NA,NA,NA,NA,"2","C8",2,"C3","Good","6,28","UH7","100","37.1",13.4770889487871,NA,"R","16-R","ANMO2959",NA,NA
"147","Unn T NQ dup",NA,"EPR","1163","deppii","infernalis",NA,NA,"Pue","Pueblo de San Miguel",18.51833333,-98.33416666,NA,NA,NA,NA,NA,"3","B3",NA,NA,NA,"ND",NA,NA,NA,NA,NA,NA,NA,NA,"Tejido",NA
"148","Disc T Q",NA,"EPR","1163","deppii","infernalis","di Gro-Pue",NA,"Pue","Pueblo de San Miguel",18.51833333,-98.33416666,NA,NA,NA,NA,NA,"CARD","B9",NA,NA,"Bad. Very little","3,30",NA,"Gone","37.200000000000003",13.4408602150538,NA,"Bad",NA,NA,"Agotada",NA
"149","T Q",NA,"ANMO","2813","deppii","schizophora","wrong clade (d d V Rica-L Tejada)","d d 10-","Ver","Faro Punta Delgada",19.8572222222222,-96.4630555555556,NA,NA,NA,NA,NA,"2","C9",2,"C4","Good","ND","UH5",NA,"35.6",14.0449438202247,NA,"R","d d 10-R","ANMO2813",NA,NA
"150","NT Q",NA,"ANMO","3460","guttata","immutabilis","gi NW Gro","17-","Gro","Carr. Coyuca de Benítez-Atoyac de Álvarez, Pte. Coyuca I",17.008556,-100.097139,NA,NA,NA,NA,NA,"2","D1",2,"D1","Good","6,26","UH3","20","33.9",14.7492625368732,NA,"R","17-R","ANMO3460","2 pares de dorsolaterales? No se distinguen bien las líneas (puntos), pero pudiera ser",NA
"151","T Q",NA,"ANMO","2889","deppii","deppii","dr costa Oax-Chis","4-","Chis","Entre Colonia Emiliano Zapata y Arriaga",16.1991388888889,-94.0535833333333,NA,NA,NA,NA,NA,"2","D2",2,"D2","Good",NA,"UH2","30","28.8",17.3611111111111,NA,"R","4-R","ANMO2889",NA,NA
"152","Disc T NQ",NA,"EPR","1277","lineatissima","lineattissima",NA,NA,"Col","Manzanillo",NA,NA,NA,NA,NA,NA,NA,"CARD","B7",NA,NA,"Bad. Mostly degraded","5,3",NA,NA,NA,NA,NA,"Bad",NA,NA,NA,NA
"153","Disc T NQ",NA,"EPR","1277","lineatissima","lineattissima",NA,NA,"Col","Manzanillo",NA,NA,NA,NA,NA,NA,NA,"CARD","E4",NA,NA,"Bad. Very little","7,20",NA,NA,NA,NA,NA,"Bad",NA,NA,NA,NA
"154","Disc T NQ",NA,"EPR","1356","deppii","deppii","dr V Rica-L Tejada",NA,"Ver","8 km E Lerdo de Tejada",18.66666667,-95.4833333,NA,NA,NA,NA,NA,"CARD","G2",NA,NA,"Poor. Mostly degraded",NA,"UH2",">50","92.6",5.39956803455724,NA,"Bad",NA,NA,NA,NA
"155","Disc T NQ",NA,"EPR","1358","guttata","guttata","guttata",NA,"Ver","Tejada",NA,NA,NA,NA,NA,NA,NA,"CARD","H6",NA,NA,"Poor. Mostly degraded",NA,"UH2",">50","52.1",9.59692898272553,NA,"Bad",NA,NA,NA,NA
"156","Disc NT NQ",NA,"FVS","170","lineatissima","duodecemlineata",NA,NA,"Jal","Desembocadura, Carr. Puerto Vallarta-Mascotas",20.796111,-104.938728,NA,NA,NA,NA,NA,"CARD","E1",NA,NA,"Bad. Very little","7,10",NA,NA,NA,NA,NA,"Bad",NA,NA,NA,NA
"157","T Q",NA,"JAC","21902","deppii","deppii","dr I Tehuantepec","7-","Oax","Mixtequilla",16.37444444,-95.2597222,NA,NA,NA,NA,NA,"2","D5",2,"E1","Good",NA,"UH2",">50","23.8",21.0084033613445,NA,"R","7-R","JAC21902",NA,NA
"158","T Q",NA,"ANMO","1824","deppii","deppii","dr Tab-Camp","9-","Tab","Magallanes",18.304,-93.8406111111111,NA,NA,NA,NA,NA,"2","D6",2,"E2","Good",NA,"UH2","35","22.4",22.3214285714286,NA,"R","9-R","ANMO1824",NA,NA
"159","NT Q",NA,"ANMO","3800","deppii","infernalis","di Gro-Pue","11-","Pue","1.5 km NW Pueblo de Galeana",18.2664,-98.10816,NA,NA,NA,NA,NA,"2","D7",2,"E3","Good. Some degraded dna",NA,"UH1","100","22",22.7272727272727,NA,"R","11-R","ANMO3800",NA,NA
"160","T NQ",NA,"UOGV","970","guttata","flavilineata","gf-gi Cintalapa-P. Escondido+","14-","Chis","SE Cintalapa por la carretera Mex 190 rumbo a Rizo de oro",16.6448611111111,-93.76375,NA,NA,NA,NA,NA,"1","A2",1,"A2","Good. Lots degraded dna","4,16","UH7","100","148",3.37837837837838,NA,"R*","14-R*","UOGV970",NA,NA
"161","Disc T NQ",NA,"IDF","172","guttata","immutabilis","gf-gi Cintalapa-P. Escondido+",NA,"Oax","1.5 km NW San Pedro Totolapan, por carretera Mex 190 Oaxaca-Juchitán",16.6852777777778,-96.3204166666667,NA,NA,NA,NA,NA,"CARD","H2",NA,NA,"Poor. Mostly degraded","4,18","UH6",NA,"70.400000000000006",7.10227272727273,NA,"Bad",NA,NA,NA,NA
"162","T Q",NA,"ANMO","934","deppii","deppii","dr I Tehuantepec","7-","Oax","Aprox 4 km por carretera hacia las ruinas de Guiengola desde la desviación de la carretera 190 Tehuantepec-Oaxaca (desviación @ aprox 10 km por carretera de Tehuantepec hacia Oaxaca)",16.37595,-95.31785,NA,NA,NA,NA,NA,"1","A4",1,"A4","Poor. Little degraded",NA,"UH2","20","132",3.78787878787879,NA,"R*","7-R*","ANMO934",NA,NA
"163","T Q",NA,"ANMO","1069","deppii","infernalis","di Mich","12-","Mich","Aprox. 3 km por carr de cuota 37 del Puente El Marqués hacia Nueva Italia (aprox km 168)",18.8631944444444,-102.070972222222,NA,NA,NA,NA,NA,"1","A6",1,"A6","Good. Lots degraded dna","8,2","UH5",NA,"120",4.16666666666667,NA,"R*","12-R*","ANMO1069",NA,NA
"164","T Q",NA,"UOGV","181","deppii","deppii","dr I Tehuantepec","7-","Ver","1.5 Km E de Ejido Los Pericos, Carr. Las Choapas-Tuxtla Gutierrez",17.8561388888889,-94.0919722222222,NA,NA,NA,NA,NA,"1","B2",1,"A12","Good. Lots degraded dna","3,5","UH7",NA,"108",4.62962962962963,NA,"R*","7-R*","UOGV181",NA,NA
"165","Disc outg NT NQ",NA,"ISZ","s/n","hyperythra","not found",NA,"13-","BC","El Arco",NA,NA,NA,NA,NA,NA,NA,"CARD","I4",NA,NA,"Poor. Mostly degraded",NA,"UH1",NA,NA,NA,NA,"Bad",NA,NA,"Not found",NA
"166","T Q",NA,"ANMO","3149","deppii","deppii","dr V Rica-L Tejada","10-","Ver","Playa de Villa Rica",19.6753055555556,-96.3980833333333,NA,NA,NA,NA,NA,"1","B3",1,"A11","Good. Lots degraded dna","6,8","UH7",NA,"108",4.62962962962963,NA,"R*","10-R*","ANMO3149",NA,NA
"167","Disc T Q",NA,"JAC","21197","guttata","immutabilis",NA,NA,"Oax","1.6 mi NW Totolapan, 1100m",16.6832666666667,-96.3178611111111,NA,NA,NA,NA,NA,"CARD","H8",NA,NA,"Poor. Mostly degraded, very little","4,25",NA,"10","9.5299999999999994",52.4658971668416,NA,"Bad",NA,NA,"Poco DNA en gel",NA
"168","T Q",NA,"IDF","166","deppii","deppii","dr Dep C Chis","5-","Chis","Camino a Francisco G.Mujica",16.0698055555556,-92.1684722222222,NA,NA,NA,NA,NA,"1","B5",1,"B3","Regular. Mostly degraded","1,24","UH4",NA,"106",4.71698113207547,NA,"R*","5-R*","IDF166",NA,NA
"169","T Q",NA,"ANMO","929","deppii","deppii","dr I Tehuantepec","7-","Oax","Alrededores (NE) de Zanatepec",16.4861333333333,-94.3515333333333,NA,NA,NA,NA,NA,"1","B6",1,"B1","Regular. Lots degraded dna","3,1","UH3",NA,"106",4.71698113207547,NA,"R*","7-R*","ANMO929",NA,NA
"170","T Q",NA,"MSM","389","deppii","deppii","db Chis-Costa Rica","2-","Guat",NA,NA,NA,NA,NA,NA,NA,NA,"1","B7",1,"B4","Regular. Lots degraded dna","1,22","UH3",NA,"104",4.80769230769231,NA,"R*","2-R*","MSM389",NA,NA
"171","T Q",NA,"UOGV","917","deppii","deppii","dr Sierra Mixe","8-","Oax","1.5 km NW San Pedro Totolapan, por carretera Mex 190 Oaxaca-Juchitán",16.6852777777778,-96.3204166666667,NA,NA,NA,NA,NA,"1","B8",1,"B5","Good. Lots degraded dna","1,16","UH4",NA,"104",4.80769230769231,NA,"R*","8-R*","UOGV917",NA,NA
"172","Disc T NQ",NA,"JAC","22183","deppii","infernalis",NA,NA,"Gro","Rio Balsas, between Mexcala and San Agustin Oapan",17.9434,-99.46779,NA,NA,NA,NA,NA,"CARD","B3",NA,NA,"Bad. Mostly degraded","4,3",NA,NA,NA,NA,NA,"Bad",NA,NA,"Poco DNA en gel",NA
"173","T Q",NA,"EPR","1221","deppii","deppii","dr I Tehuantepec","7-","Oax","Mixtequilla",16.37444444,-95.2597222,NA,NA,NA,NA,NA,"1","C8",1,"C2","Good. Lots degraded dna","1,6","UH4",NA,"98.2",5.09164969450102,NA,"R*","7-R*","EPR1221",NA,NA
"174","T Q",NA,"MSM","349","deppii","deppii","dr Dep C Chis","5-","Guat",NA,NA,NA,NA,NA,NA,NA,NA,"1","C9",1,"C3","Regular. Lots degraded dna","4,8","UH3",NA,"96.8",5.16528925619835,NA,"R*","5-R*","MSM349",NA,NA
"175","T Q",NA,"ANMO","3108","deppii","infernalis","di Gro-Pue","11-","Gro","Aproximadamente km 55 sobre carretera Arcelia-Cd. Altamirano, “El Tanque”",18.2709444444444,-100.473555555556,NA,NA,NA,NA,NA,"1","E3",1,"D3","Regular. Mostly degraded","4,10","UH5",NA,"90.2",5.54323725055432,NA,"R*","11-R*","ANMO3108",NA,NA
"176","T Q",NA,"ANMO","2809","deppii","deppii","dr V Rica-L Tejada","10-","Ver","Chachalacas",19.4388055555556,-96.3215833333333,NA,NA,NA,NA,NA,"1","E5",1,"D5","Good. Lots degraded dna","2,20 y 7,3","UH4",NA,"89.8",5.56792873051225,NA,"R*","10-R*","ANMO2809",NA,NA
"177","T Q",NA,"UOGV","1522","deppii","infernalis","di Mich","12-","Mich","Carr. Nueva Italia-Apatzingan",19.0019166666667,-102.216472222222,NA,NA,NA,NA,NA,"1","E9",1,"D9","Good. Lots degraded dna","4,14","UH5",NA,"85.8",5.82750582750583,NA,"R*","12-R*","UOGV1522",NA,NA
"178","Unn T NQ dup",NA,"JJW","423-2","guttata","immutabilis",NA,NA,"Oax","Ventosa",16.55278,-94.94722,NA,NA,NA,NA,NA,"3","B4",NA,NA,NA,"7,14",NA,"300",NA,NA,NA,NA,NA,NA,"extraction",NA
"179","Disc T NQ",NA,"JJW","423-2","guttata","immutabilis",NA,NA,"Oax","Ventosa",16.55278,-94.94722,NA,NA,NA,NA,NA,"CARD","D9",NA,NA,"Bad. Very little",NA,"UH1","25",NA,NA,NA,"Bad",NA,NA,"extraction",NA
"180","T Q",NA,"IDF","173","guttata","immutabilis","gf-gi Cintalapa-P. Escondido+","14-","Oax","1.5 km NW San Pedro Totolapan, por carretera Mex 190 Oaxaca-Juchitán",16.6852777777778,-96.3204166666667,NA,NA,NA,NA,NA,"1","F1",1,"D10","Regular. Mostly degraded","4,19","UH6",NA,"85",5.88235294117647,NA,"R*","14-R*","IDF173",NA,NA
"181","Disc NT NQ",NA,"JMM","233","hyperythra",NA,NA,NA,"BC Sur",NA,NA,NA,NA,NA,NA,NA,NA,"CARD","I9",NA,NA,"Poor. Very little",NA,"UH1",NA,NA,NA,NA,"Bad",NA,NA,"Gone",NA
"182","T Q",NA,"EPR","1222","guttata","guttata","guttata","15-","Ver","Coatzacoalcos",NA,NA,NA,NA,NA,NA,NA,"1","F3",1,"D12","Good. Lots degraded dna","4,23","UH5",NA,"81.400000000000006",6.14250614250614,NA,"R*","15-R*","EPR1222",NA,NA
"183","T Q",NA,"IDF","194","guttata","flavilineata","wrong clade (d d costa Chis-CR)","d d 2-","Chis","Carretera Mex 200 Pijijiapan-Mapastepec",15.63475,-93.1263055555555,NA,NA,NA,NA,NA,"1","F5",1,"E2","Good. Lots degraded dna","1,19","UH5",NA,"79",6.32911392405063,NA,"R*","d d 2-R*","IDF194",NA,NA
"184","T Q",NA,"ANMO","2814","deppii","schizophora","db F P Delgada-Tecolutla","13-","Ver","Faro Punta Delgada",19.8572222222222,-96.4630555555556,NA,NA,NA,NA,NA,"1","F7",1,"E4","Good. Lots degraded dna","3,29","UH5",NA,"78",6.41025641025641,NA,"R*","13-R*","ANMO2814",NA,NA
"185","T Q",NA,"ANMO","916","guttata","flavilineata","gf-gi Cintalapa-P. Escondido+","14-","Chis","Aprox km 194.5 de la carretera Arriaga-Tapanatepec, o aprox 13 km por carretera de Arriaga hacia Tapanatepec",16.2244,-94.0124,NA,NA,NA,NA,NA,"1","G1",1,"E7","Good. Lots degraded dna","3,20","UH5",NA,"76.8",6.51041666666667,NA,"R*","14-R*","ANMO916",NA,NA
"186","T Q",NA,"UOGV","1020","guttata","guttata","guttata","15-","Ver","Arbolillo, playa de Alvarado",18.8189166666667,-95.8356944444444,NA,NA,NA,NA,NA,"1","G2",1,"E8","Regular. Lots degraded dna","1,27","UH5",NA,"76.2",6.56167979002625,NA,"R*","15-R*","UOGV1020",NA,NA
"187","T Q",NA,"ANMO","2808","deppii","deppii","dr V Rica-L Tejada","10-","Ver","Chachalacas",19.4388055555556,-96.3215833333333,NA,NA,NA,NA,NA,"1","G3",1,"E9","Regular. Some degraded dna",NA,"UH2","50","75.5",6.62251655629139,NA,"R*","10-R*","ANMO2808",NA,NA
"188","T Q",NA,"ANMO","462","guttata","immutabilis","gi NW Gro","17-","Gro","Mpio. Atoyac de Alvarez, Cacalutla",17.1277333333333,-100.35795,NA,NA,NA,NA,NA,"1","G4",1,"E10","Regular. Lots degraded dna","1,9","UH5",NA,"74.599999999999994",6.70241286863271,563,"R*","17-R*","ANMO462",NA,NA
"189","Disc T Q",NA,"MSM","430","deppii","deppii",NA,NA,"Hond",NA,NA,NA,NA,NA,NA,NA,NA,"CARD","C1",NA,NA,"Bad. Very little","1,21",NA,"20","13.9",35.9712230215827,NA,"Bad",NA,NA,"extraction",NA
"190","T Q",NA,"UOGV","968","guttata","flavilineata","wrong clade (g g)","g g 15-","Chis","km 16 carretera Mex 190 Tiltepec-Cintalapa",16.4363333333333,-93.8230833333333,NA,NA,NA,NA,NA,"1","G5",1,"E11","Good. Lots degraded dna","1,26","UH5",NA,"74.400000000000006",6.72043010752688,NA,"R*","g g 15-R*","UOGV968",NA,NA
"191","Disc T Q",NA,"MZFC","14265","guttata","immutabilis",NA,NA,"Oax","Nizanda",NA,NA,NA,NA,NA,NA,NA,"CARD","C7",NA,NA,"Regular. Some degraded dna","4,26",NA,"15","15.7",31.8471337579618,NA,"Bad",NA,NA,"Poco DNA en gel",NA
"192","Disc NT Q",NA,"OFV","771","lineatissima","duodecemlineata","l duo",NA,"Jal","Chamela",19.498056,-105.044444,NA,NA,NA,NA,NA,"3","A6",NA,NA,"Regular. Mostly degraded","7,11","UH3",NA,"107",4.67289719626168,NA,"Bad",NA,NA,NA,NA
"193","Disc NT NQ",NA,"OFV","813","lineatissima","duodecemlineata",NA,NA,"Jal","Chamela",19.498056,-105.044444,NA,NA,NA,NA,NA,"CARD","E2",NA,NA,"Bad. Very little","7,13",NA,NA,NA,NA,NA,"Bad",NA,NA,"Poco DNA en gel",NA
"194","Disc T NQ",NA,"RLR","662","guttata","flavilineata","gf-gi Cintalapa-P. Escondido+",NA,"Chis",NA,NA,NA,NA,NA,NA,NA,NA,"CARD","E6",NA,NA,"Poor. Mostly degraded",NA,"UH2","20","too high",NA,NA,"Bad",NA,NA,NA,NA
"195","Disc NT Q",NA,"ANMO","2815","deppii","schizophora","db F P Delgada-Tecolutla","13-","Ver","Faro Punta Delgada",19.8572222222222,-96.4630555555556,NA,NA,NA,NA,NA,"2","D4",2,"D4","Regular. Little degraded dna, but very little","3,28",NA,"15","24.8",20.1612903225806,NA,"Bad","13-Bad","ANMO2815",NA,NA
"196","T Q",NA,"IDF","58","guttata","immutabilis","gi C Gro-Pinotepa+","16-","Gro","Carr. Libre Chilpancingo-Tierra Colorada, Km 32, 1.5 Km N de Acahuizotla",17.35375,-99.4814444444444,NA,NA,NA,NA,NA,"1","G6",1,"E12","Good. Lots degraded dna","6,3","UH5-6",NA,"74.2",6.73854447439353,NA,"R*","16-R*","IDF58",NA,NA
"197","T Q",NA,"ANMO","1111","lineatissima","livida","l livida","20-","Mich","Aprox 28 km por carr de Aquila hacia Coalcomán",18.6522777777778,-103.435388888889,NA,NA,NA,NA,NA,"1","G9",1,"F3","Regular. Mostly degraded","5,22","UH7",NA,"72.8",6.86813186813187,NA,"R*","20-R*","ANMO1111",NA,NA
"198","NT Q",NA,"ANMO","3139","deppii","schizophora","db F P Delgada-Tecolutla","13-","Ver","Las Higueras",20.0455555555556,-96.6131111111111,NA,NA,NA,NA,NA,"1","H5",1,"F8","Good. Lots degraded dna","6,33","UH5",NA,"70",7.14285714285714,NA,"R*","13-R*","ANMO3139","4 supraoculares y en un lado tiene 3 gránulos en la segunda hilera entre supraoculares y superciliares",NA
"199","Disc T NQ",NA,"UOGV","230","deppii","schizophora","db F P Delgada-Tecolutla",NA,"Ver","Barra de Tecolutla",20.45925,-96.9871388888889,NA,NA,NA,NA,NA,"CARD","F4",NA,NA,"Poor. Mostly degraded",NA,"UH2","50","209",2.39234449760766,NA,"Bad",NA,NA,NA,NA
"200","Unn T NQ dup",NA,"UOGV","231","guttata","guttata",NA,NA,"Ver","Casitas",20.2584361111111,-96.8000472222222,NA,NA,NA,NA,NA,"3","A2",NA,NA,NA,"6,17",NA,NA,NA,NA,NA,NA,NA,NA,NA,NA
"201","Disc T NQ",NA,"UOGV","231","guttata","guttata","guttata",NA,"Ver","Casitas",20.2584361111111,-96.8000472222222,NA,NA,NA,NA,NA,"CARD","F7",NA,NA,"Poor. Mostly degraded","6,12","UH3","40","108",4.62962962962963,NA,"Bad",NA,NA,NA,NA
"202","Disc T NQ",NA,"UOGV","253","guttata","immutabilis","gi C Gro-Pinotepa+",NA,"Gro","Agua de Obispo",17.3232777777778,-99.4722777777778,NA,NA,NA,NA,NA,"CARD","G8",NA,NA,"Poor. Mostly degraded","2,3","UH6",NA,"72",6.94444444444444,NA,"Bad",NA,NA,NA,NA
"203","Disc T Q",NA,"UOGV","780","guttata","immutabilis","gi C Gro-Pinotepa+",NA,"Gro","Carretera a Tixtla, camino de la desviación que va hacia el sur, aprox 5 km antes de llegar a Tixtla",17.5378055555556,-99.4543333333333,NA,NA,NA,NA,NA,"CARD","A3",NA,NA,"Bad. Mostly degraded","4,22","UH3","40","470",1.06382978723404,NA,"Bad",NA,NA,NA,NA
"204","Disc T Q",NA,"UOGV","786","guttata","immutabilis","gi C Gro-Pinotepa+",NA,"Gro","Agua de Obispo, carretera  libre Chilpancingo-Acapulco",17.3181388888889,-99.4695,NA,NA,NA,NA,NA,"CARD","A2",NA,NA,"Bad. Mostly degraded","4,21","UH3",">50","493",1.01419878296146,NA,"Bad",NA,NA,NA,NA
"205","Disc T Q",NA,"UOGV","789","guttata","immutabilis","gi C Gro-Pinotepa+",NA,"Gro","Puente La Sabana, carretera Chilpancingo-Zihuatanejo (Mex 200), pasando la desviación a Zihuatanejo",16.9817222222222,-99.8205277777778,NA,NA,NA,NA,NA,"CARD","A7",NA,NA,"Bad. Mostly degraded","4,20","UH6",NA,"83",6.02409638554217,NA,"Bad",NA,NA,NA,NA
"206","Disc T NQ",NA,"UOGV","837","deppii","deppii","db Cacalutla-S Cruz",NA,"Gro","Km 149 carretera Marquelia-Pinotepa Nacional (Mex 200)",16.6092777777778,-98.7146666666667,NA,NA,NA,NA,NA,"CARD","E9",NA,NA,"Poor. Mostly degraded",NA,"UH2","50","455",1.0989010989011,NA,"Bad",NA,NA,NA,NA
"207","T Q",NA,"UOGV","967","guttata","flavilineata","gf-gi Cintalapa-P. Escondido+","14-","Chis","Km 20 carretera Agrónomos Mexicanos-Tiltepec",16.4121388888889,-93.7229722222222,NA,NA,NA,NA,NA,"1","H9",1,"F12","Good. Lots degraded dna","4,17","UH5",NA,"68",7.35294117647059,NA,"R*","14-R*","UOGV967",NA,NA
"208","Disc NT NQ",NA,"UOGV","846","deppii","deppii",NA,NA,"Oax","Aprox 28 Km E de Pinotepa Nacional, x carretera Pinotepa-Pto. Escondido (Mex 200)",16.2868333333333,-97.8418888888889,NA,NA,NA,NA,NA,"CARD","D5",NA,NA,"Bad. Very little","6,1",NA,NA,NA,NA,NA,"Bad",NA,NA,"Poco DNA en gel",NA
"209","Disc T Q",NA,"UOGV","876","guttata","flavilineata","wrong clade (d d costa Chis-CR)",NA,"Chis","Rancho Ojo de Agua, aprox 3 km SE Pijijiapan por carretera Mex 200",15.6736944444444,-93.1826944444445,NA,NA,NA,NA,NA,"CARD","A4",NA,NA,"Bad. Mostly degraded",NA,"UH2",">50","297",1.68350168350168,NA,"Bad",NA,NA,NA,NA
"210","T Q",NA,"ANMO","432","deppii","infernalis","di Gro-Pue","11-","Mor","Aproximadamente 2 km NE Puente de Ixtla; desviación de la autopista México-Acapulco hacia Iguala y Taxco (carr 95D, km 0)",18.6511166666667,-99.2985666666667,NA,NA,NA,NA,NA,"1","I7",1,"G7","Regular. Mostly degraded","4,2","UH5",NA,"62.4",8.01282051282051,533,"R*","11-R*","ANMO432",NA,NA
"211","T Q",NA,"UOGV","228","guttata","guttata","guttata","15-","Ver","Barra de Tecolutla",20.45925,-96.9871388888889,NA,NA,NA,NA,NA,"1","I8",1,"G8","Regular. Lots degraded dna","3,14","UH5",NA,"61",8.19672131147541,NA,"R*","15-R*","UOGV228",NA,NA
"212","NT Q",NA,"ANMO","3095","deppii","infernalis","di Mich","12-","Mich","Alrededores de Cumburindio, camino a Turitzio",18.5421944444444,-100.958222222222,NA,NA,NA,NA,NA,"2","A3",1,"G12","Good. Lots degraded dna","8,7","UH7","60","59.1",8.46023688663283,NA,"R*","12-R*","ANMO3095",NA,NA
"213","T Q",NA,"IDF","149","guttata","flavilineata","wrong clade (d d costa Chis-CR)","d d 2-","Chis","Desviación al ejido El Progreso, carretera Mex 200,  aprox6 km SE Pijijiapan",15.6226388888889,-93.1298333333333,NA,NA,NA,NA,NA,"2","A5",1,"H2","Regular. Mostly degraded","1,20","UH5",NA,"58.4",8.56164383561644,NA,"R*","d d 2-R*","IDF149",NA,NA
"214","T Q",NA,"ANMO","884","guttata","immutabilis","gi C Gro-Pinotepa+","16-","Oax","Aprox 2 km por carretera hacia Sn. Pedro Orizaba desde la desviación de la carretera 200 Cruz Grande-Pinotepa Nacional (desviación @ aprox 7 km por carretera 200 de Cuajinicuilapa hacia Pinotepa Nacional)",16.4503833333333,-98.3313333333333,NA,NA,NA,NA,NA,"2","B1",1,"H7","Regular. Some degraded dna","5,30","UH6",NA,"52.8",9.46969696969697,NA,"R*","16-R*","ANMO884",NA,NA
"215","T Q",NA,"ANMO","926","guttata","immutabilis","gf-gi Cintalapa-P. Escondido+","14-","Oax","Alrededores (NE) de Zanatepec",16.4861333333333,-94.3515333333333,NA,NA,NA,NA,NA,"2","B3",1,"H9","Regular. Lots degraded dna","3,19","UH3",">50","52.1",9.59692898272553,NA,"R*","14-R*","ANMO926",NA,NA
"216","Disc T NQ",NA,"UOGV","1015","deppii","deppii",NA,NA,"Ver","Rumbo a la playa de Lerdo de Tejada, aprox. 8 km de Lerdo de Tejada por el camino a la playa",18.6994444444444,-95.4903611111111,NA,NA,NA,NA,NA,"CARD","I1",NA,NA,"Poor. Mostly degraded","1,13","UH7",NA,NA,NA,NA,"Bad",NA,NA,NA,NA
"217","Disc T NQ",NA,"UOGV","1019","deppii","deppii","dr V Rica-L Tejada",NA,"Ver","Arbolillo, playa de Alvarado",18.8189166666667,-95.8356944444444,NA,NA,NA,NA,NA,"CARD","F1",NA,NA,"Poor. Mostly degraded",NA,"UH2","50","377",1.3262599469496,NA,"Bad",NA,NA,NA,NA
"218","T Q",NA,"ANMO","3151","deppii","deppii","dr V Rica-L Tejada","10-","Ver","Playa de Villa Rica",19.6753055555556,-96.3980833333333,NA,NA,NA,NA,NA,"2","C3",2,"B2","Good. Lots degraded dna",NA,"UH7","40","44.1",11.3378684807256,NA,"R*","10-R*","ANMO3151",NA,NA
"219","T Q",NA,"ANMO","3093","deppii","infernalis","di Mich","12-","Mich","Alrededores de Cumburindio, camino a Turitzio",18.5421944444444,-100.958222222222,NA,NA,NA,NA,NA,"2","D8",2,"E4","Good. Some degraded dna",NA,"UH1","20","17.3",28.9017341040462,NA,"R*","12-R*","ANMO3093",NA,"Se requerían 28.9 ul; pero sólo hubo 20 ul"
"220","T Q",NA,"ANMO","883","guttata","immutabilis","gi C Gro-Pinotepa+",NA,"Oax","Aprox 2 km por carretera hacia Sn. Pedro Orizaba desde la desviación de la carretera 200 Cruz Grande-Pinotepa Nacional (desviación @ aprox 7 km por carretera 200 de Cuajinicuilapa hacia Pinotepa Nacional)",16.4503833333333,-98.3313333333333,NA,NA,NA,NA,NA,"3","A4",NA,NA,"Regular. Mostly degraded","2,4","UH3",">50","147",3.40136054421769,NA,"R**",NA,NA,NA,NA
"221","T Q",NA,"ANMO","935","deppii","deppii","dr I Tehuantepec",NA,"Oax","Aprox 4 km por carretera hacia las ruinas de Guiengola desde la desviación de la carretera 190 Tehuantepec-Oaxaca (desviación @ aprox 10 km por carretera de Tehuantepec hacia Oaxaca)",16.37595,-95.31785,NA,NA,NA,NA,NA,"3","A3",NA,NA,"Regular. Mostly degraded",NA,"UH2",">50","162",3.08641975308642,NA,"R**",NA,NA,NA,NA
"222","Disc NT Q",NA,"UOGV","1526","lineatissima","exorista","l exo",NA,"Mich","Carr. Nueva Italia-Arteaga, Puente Capirio",18.8532222222222,-102.142055555556,NA,NA,NA,NA,NA,"3","A1",NA,NA,"Regular. Lots degraded dna, too little",NA,"UH1","25","10",50,NA,"Bad",NA,NA,NA,NA
"223","Unn NT NQ dup",NA,"UOGV","1526","lineatissima","exorista",NA,NA,"Mich","Carr. Nueva Italia-Arteaga, Puente Capirio",18.85322222,-102.1420556,NA,NA,NA,NA,NA,"3","B6",NA,NA,NA,"ND",NA,NA,NA,NA,NA,NA,NA,NA,"Tejido",NA
"224","T Q",NA,"JJW","s/n","guttata","Juchatengo","gi C Gro-Pinotepa+","16-","Oax","Cerro Vidrio",16.251839,-97.152322,NA,NA,NA,NA,NA,"2","D3",2,"D3","Poor. Some degraded, little less than needed","5,13","no","16.5","26.3",19.0114068441065,NA,"R**","16-R**","JJWs/n",NA,"Se requerían 19.01, pero sólo hubo 16.5"
"225","T Q",NA,"ANMO","762","guttata","Juchatengo","gi C Gro-Pinotepa+",NA,"Oax","Sierra Madre del Sur, carr 131 Oaxaca-Puerto Escondido, caserío ""La Luna"", aprox. Km 138",16.3389166666667,-97.1118333333333,NA,NA,NA,NA,NA,"2","F2",2,"H4","Poor. Mostly degraded","5,12","UH6",NA,"72.599999999999994",6.8870523415978,NA,"R**",NA,NA,NA,NA
"226","Disc T NQ",NA,"UOGV","893a","deppii","deppii",NA,NA,"Chis","Camino de Paraiso Grijalva a Col. Nuevo Jordan, alrededores de la Presa La Angostura",16.19325,-92.6078889,NA,NA,NA,NA,NA,"CARD","H9",NA,NA,"Poor. Mostly degraded","4,9","UH7",NA,NA,NA,NA,"Bad",NA,NA,NA,NA
