"","identificadorUnico","siglasColecciónMZFC","númeroCatálogoMZFC","etiquetaCampo","nombreEtiquetaCampo","catálogoCampo","colectorPrimario","siglasColectorPrimario","colectoresSecundarios","cantidadMuestras","tipoMuestra","sexo","etapaDesarrollo","actividadReproductiva","actividad","tipoPreparación","localización","otrosNúmerosCatálogo","obervacionesOrganismo","fotografías","autorFotografías","taxonesAsociados","tipoTejido","tejidoCajaCelda","TipoPreservaciónTejido","otroMaterialAsociado","horaColecta","añoColecta","mesColecta","díaColecta","hábitat","sitioColecta","observacionesColecta","país","estado","municipio","localidad","altitud","latitudGrados","latitudMinutos","latitudSegundos","longitudGrados","longitudMinutos","longitudSegundos","latitudDecimal","longitudDecimal","determinador","añoDeterminación","comentariosIdentificación","tipoNomenclatural","nombreCientífico","clase","familia","género","epítetoEspecífico","donador","correoElectrónicoContacto","fechaCatalogación","Subespecie","Subserie","Voucher (otro que MZFC)","Secuencia DNAmt","RADseq","EjemplarNoCatálogo","StatusID","Notas1","Notas2","TejCol_BUC","TejCaja_BUC","TejCelda_BUC"
"1",NA,NA,NA,"ANMO:5156","Adrián Nieto Montes de Oca",NA,"Adrián Nieto Montes de Oca","ANMO","MMS, UOGV, AGV, Anthony Barley, Robert Thomson",NA,"Organismo completo","Macho",NA,NA,"Forrajeando","Alcohol 85%",NA,NA,NA,NA,NA,NA,"Hígado",NA,"Alcohol absoluto",NA,NA,2023,"Junio",4,"Selva baja caducifolia","Sobre suelo",NA,"México","Chiapas","Mazatán","Barra de San Simón",0,NA,NA,NA,NA,NA,NA,14.793,-92.50207,NA,NA,NA,NA,"Aspidoscelis deppeii","Reptilia","Teiidae","Aspidoscelis","deppeii",NA,NA,NA,NA,NA,NA,NA,NA,NA,NA,NA,NA,NA,NA,NA
"2",NA,NA,NA,"ANMO:5157","Adrián Nieto Montes de Oca",NA,"Adrián Nieto Montes de Oca","ANMO","MMS, UOGV, AGV, Anthony Barley, Robert Thomson",NA,"Organismo completo","Macho",NA,NA,"Forrajeando","Alcohol 85%",NA,NA,NA,NA,NA,NA,"Hígado",NA,"Alcohol absoluto",NA,NA,2023,"Junio",4,"Selva baja caducifolia","Sobre suelo",NA,"México","Chiapas","Mazatán","Barra de San Simón",0,NA,NA,NA,NA,NA,NA,14.793,-92.50207,NA,NA,NA,NA,"Aspidoscelis deppeii","Reptilia","Teiidae","Aspidoscelis","deppeii",NA,NA,NA,NA,NA,NA,NA,NA,NA,NA,NA,NA,NA,NA,NA
"3",NA,NA,NA,"ANMO:5158","Adrián Nieto Montes de Oca",NA,"Adrián Nieto Montes de Oca","ANMO","MMS, UOGV, AGV, Anthony Barley, Robert Thomson",NA,"Organismo completo","Hembra",NA,NA,"Activo","Alcohol 85%",NA,NA,NA,NA,NA,NA,"Hígado",NA,"Alcohol absoluto",NA,NA,2023,"Junio",4,"Cafetal y selva baja subcaducifolia","Sobre tronco de cafetal",NA,"México","Chiapas","Tapachula","Aproximadamente a 19.5 km al Norte de Tapachula, en Finca San Andrés",580,NA,NA,NA,NA,NA,NA,15.06519,-92.23459,NA,NA,NA,NA,"Anolis unilobatus","Reptilia","Dactyloidae","Anolis","unilobatus",NA,NA,NA,NA,NA,NA,NA,NA,NA,NA,NA,NA,NA,NA,NA
"4",NA,NA,NA,"ANMO:5159","Adrián Nieto Montes de Oca",NA,"Adrián Nieto Montes de Oca","ANMO","MMS, UOGV, AGV, Anthony Barley, Robert Thomson",NA,"Organismo completo",NA,NA,NA,"Activo","Alcohol 85%",NA,NA,NA,NA,NA,NA,"Hígado",NA,"Alcohol absoluto",NA,NA,2023,"Junio",4,"Cafetal y selva baja subcaducifolia","Sobre hojarasca",NA,"México","Chiapas","Tapachula","Aproximadamente a 19.5 km al Norte de Tapachula, en Finca San Andrés",580,NA,NA,NA,NA,NA,NA,15.06519,-92.23459,NA,NA,NA,NA,"Anolis dolphosianus","Reptilia","Dactyloidae","Anolis","dolphosianus",NA,NA,NA,NA,NA,NA,NA,NA,NA,NA,NA,NA,NA,NA,NA
"5",NA,NA,NA,"ANMO:5160","Adrián Nieto Montes de Oca",NA,"Adrián Nieto Montes de Oca","ANMO","MMS, UOGV, AGV, Anthony Barley, Robert Thomson",NA,"Organismo completo",NA,NA,NA,"Activo","Alcohol 85%",NA,NA,NA,NA,NA,NA,"Hígado",NA,"Alcohol absoluto",NA,NA,2023,"Junio",4,"Cafetal y selva baja subcaducifolia","Sobre hojarasca",NA,"México","Chiapas","Tapachula","Aproximadamente a 19.5 km al Norte de Tapachula, en Finca San Andrés",580,NA,NA,NA,NA,NA,NA,15.06519,-92.23459,NA,NA,NA,NA,"Anolis dolphosianus","Reptilia","Dactyloidae","Anolis","dolphosianus",NA,NA,NA,NA,NA,NA,NA,NA,NA,NA,NA,NA,NA,NA,NA
"6",NA,NA,NA,"ANMO:5161","Adrián Nieto Montes de Oca",NA,"Adrián Nieto Montes de Oca","ANMO","MMS, UOGV, AGV, Anthony Barley, Robert Thomson",NA,"Organismo completo",NA,NA,NA,"Activo","Alcohol 85%",NA,NA,NA,NA,NA,NA,"Hígado",NA,"Alcohol absoluto",NA,NA,2023,"Junio",4,"Cafetal y selva baja subcaducifolia","Sobre hojarasca",NA,"México","Chiapas","Tapachula","Aproximadamente a 19.5 km al Norte de Tapachula, en Finca San Andrés",580,NA,NA,NA,NA,NA,NA,15.06519,-92.23459,NA,NA,NA,NA,"Anolis dolphosianus","Reptilia","Dactyloidae","Anolis","dolphosianus",NA,NA,NA,NA,NA,NA,NA,NA,NA,NA,NA,NA,NA,NA,NA
"7",NA,NA,NA,"ANMO:5162","Adrián Nieto Montes de Oca",NA,"Adrián Nieto Montes de Oca","ANMO","MMS, UOGV, AGV, Anthony Barley, Robert Thomson",NA,"Organismo completo",NA,NA,NA,"Desplazándose","Alcohol 85%",NA,NA,NA,NA,NA,NA,"Hígado",NA,"Alcohol absoluto",NA,NA,2023,"Junio",4,"Cafetal y selva baja subcaducifolia","Sobre hojarasca",NA,"México","Chiapas","Tapachula","Aproximadamente a 19.5 km al Norte de Tapachula, en Finca San Andrés",580,NA,NA,NA,NA,NA,NA,15.06519,-92.23459,NA,NA,NA,NA,"Incilius canaliferus","Amphibia","Bufonidae","Incilius","canalliferus",NA,NA,NA,NA,NA,NA,NA,NA,NA,NA,NA,NA,NA,NA,NA
"8",NA,NA,NA,"ANMO:5163","Adrián Nieto Montes de Oca",NA,"Adrián Nieto Montes de Oca","ANMO","MMS, UOGV, AGV, Anthony Barley, Robert Thomson",NA,"Organismo completo",NA,NA,NA,"Desplazándose","Alcohol 85%",NA,NA,NA,NA,NA,NA,"Hígado",NA,"Alcohol absoluto",NA,NA,2023,"Junio",4,"Cafetal y selva baja subcaducifolia","Sobre hojarasca",NA,"México","Chiapas","Tapachula","Aproximadamente a 19.5 km al Norte de Tapachula, en Finca San Andrés",580,NA,NA,NA,NA,NA,NA,15.06519,-92.23459,NA,NA,NA,NA,"Incilius canaliferus","Amphibia","Bufonidae","Incilius","canalliferus",NA,NA,NA,NA,NA,NA,NA,NA,NA,NA,NA,NA,NA,NA,NA
"9",NA,NA,NA,"ANMO:5164","Adrián Nieto Montes de Oca",NA,"Adrián Nieto Montes de Oca","ANMO","MMS, UOGV, AGV, Anthony Barley, Robert Thomson",NA,"Organismo completo",NA,NA,NA,"Forrajeando","Alcohol 85%",NA,NA,NA,NA,NA,NA,"Hígado",NA,"Alcohol absoluto",NA,NA,2023,"Junio",4,"Cafetal y selva baja subcaducifolia","Sobre hojarasca",NA,"México","Chiapas","Tapachula","Aproximadamente a 19.5 km al Norte de Tapachula, en Finca San Andrés",580,NA,NA,NA,NA,NA,NA,15.06519,-92.23459,NA,NA,NA,NA,"Craugastor rhodopis","Amphibia","Craugastoridae","Craugastor","loki",NA,NA,NA,NA,NA,NA,NA,NA,NA,NA,NA,NA,NA,NA,NA
"10",NA,NA,NA,"ANMO:5165","Adrián Nieto Montes de Oca",NA,"Adrián Nieto Montes de Oca","ANMO","MMS, UOGV, AGV, Anthony Barley, Robert Thomson",NA,"Organismo completo",NA,NA,NA,"Forrajeando","Alcohol 85%",NA,NA,NA,NA,NA,NA,"Hígado",NA,"Alcohol absoluto",NA,NA,2023,"Junio",4,"Cafetal y selva baja subcaducifolia","Sobre hojarasca",NA,"México","Chiapas","Tapachula","Aproximadamente a 19.5 km al Norte de Tapachula, en Finca San Andrés",580,NA,NA,NA,NA,NA,NA,15.06519,-92.23459,NA,NA,NA,NA,"Craugastor rhodopis","Amphibia","Craugastoridae","Craugastor","loki",NA,NA,NA,NA,NA,NA,NA,NA,NA,NA,NA,NA,NA,NA,NA
"11",NA,NA,NA,"ANMO:5166","Adrián Nieto Montes de Oca",NA,"Adrián Nieto Montes de Oca","ANMO","MMS, UOGV, AGV, Anthony Barley, Robert Thomson",NA,"Organismo completo",NA,NA,NA,"Forrajeando","Alcohol 85%",NA,NA,NA,NA,NA,NA,"Hígado",NA,"Alcohol absoluto",NA,NA,2023,"Junio",4,"Cafetal y selva baja subcaducifolia","Sobre hojarasca",NA,"México","Chiapas","Tapachula","Aproximadamente a 19.5 km al Norte de Tapachula, en Finca San Andrés",580,NA,NA,NA,NA,NA,NA,15.06519,-92.23459,NA,NA,NA,NA,"Craugastor berkenbuschi","Amphibia","Craugastoridae","Craugastor","berkenbuschi",NA,NA,NA,NA,NA,NA,NA,NA,NA,NA,NA,NA,NA,NA,NA
"12",NA,NA,NA,"ANMO:5167","Adrián Nieto Montes de Oca",NA,"Adrián Nieto Montes de Oca","ANMO","MMS, UOGV, AGV, Anthony Barley, Robert Thomson",NA,"Organismo completo","Macho",NA,NA,"Inactiva","Alcohol 85%",NA,NA,NA,NA,NA,NA,"Hígado",NA,"Alcohol absoluto",NA,NA,2023,"Junio",4,"Cafetal y selva baja subcaducifolia","Sobre hojarasca",NA,"México","Chiapas","Tapachula","Aproximadamente a 19.5 km al Norte de Tapachula, en Finca San Andrés",580,NA,NA,NA,NA,NA,NA,15.06519,-92.23459,NA,NA,NA,NA,"Ninia sebae","Reptilia","Dipsadidae","Ninia","sebae",NA,NA,NA,NA,NA,NA,NA,NA,NA,NA,NA,NA,NA,NA,NA
"13",NA,NA,NA,"ANMO:5168","Adrián Nieto Montes de Oca",NA,"Adrián Nieto Montes de Oca","ANMO","MMS, UOGV, AGV, Anthony Barley, Robert Thomson",NA,"Organismo completo","Hembra",NA,NA,"Inactiva","Alcohol 85%",NA,NA,NA,NA,NA,NA,"Hígado",NA,"Alcohol absoluto",NA,NA,2023,"Junio",4,"Cafetal y selva baja subcaducifolia","Entre corteza de árbol",NA,"México","Chiapas","Tapachula","Aproximadamente a 19.5 km al Norte de Tapachula, en Finca San Andrés",580,NA,NA,NA,NA,NA,NA,15.06519,-92.23459,NA,NA,NA,NA,"Lepidophyma smithi","Reptilia","Xantusidae","Lepidophyma","smithi",NA,NA,NA,NA,NA,NA,NA,NA,NA,NA,NA,NA,NA,NA,NA
"14",NA,NA,NA,"ANMO:5169","Adrián Nieto Montes de Oca",NA,"Adrián Nieto Montes de Oca","ANMO","MMS, UOGV, AGV, Anthony Barley, Robert Thomson",NA,"Organismo completo",NA,NA,NA,"Inactiva","Alcohol 85%",NA,NA,NA,NA,NA,NA,"Hígado",NA,"Alcohol absoluto",NA,NA,2023,"Junio",4,"Selva baja subcaducifolia","Bajo tronco",NA,"México","Chiapas","Tapachula","Aproximadamente a 19.5 km al Norte de Tapachula, en Finca San Andrés",580,NA,NA,NA,NA,NA,NA,15.06519,-92.23459,NA,NA,NA,NA,"Bolitoglossa occidentalis","Amphibia","Plethodontidae","Bolitoglossa","occidentalis",NA,NA,NA,NA,NA,NA,NA,NA,NA,NA,NA,NA,NA,NA,NA
"15",NA,NA,NA,"ANMO:5170","Adrián Nieto Montes de Oca",NA,"Adrián Nieto Montes de Oca","ANMO","MMS, UOGV, AGV, Anthony Barley, Robert Thomson",NA,"Organismo completo",NA,NA,NA,"Forrajeando","Alcohol 85%","Universidad del Valle de Guatemala (UVG)",NA,NA,NA,NA,NA,"Hígado",NA,"Alcohol absoluto",NA,NA,2023,"Junio",6,"Selva baja caducifolia","Sobre suelo",NA,"Guatemala","Zacapa","Cabañas","Sobre río El Tambor",283,NA,NA,NA,NA,NA,NA,14.908739,-89.816189,NA,NA,NA,NA,"Aspidoscelis motague","Reptilia","Teiidae","Aspidoscelis","motaguae",NA,NA,NA,NA,NA,NA,NA,NA,NA,NA,NA,NA,NA,NA,NA
"16",NA,NA,NA,"ANMO:5171","Adrián Nieto Montes de Oca",NA,"Adrián Nieto Montes de Oca","ANMO","MMS, UOGV, AGV, Anthony Barley, Robert Thomson",NA,"Organismo completo",NA,NA,NA,"Forrajeando","Alcohol 85%","Universidad del Valle de Guatemala (UVG)",NA,NA,NA,NA,NA,"Hígado",NA,"Alcohol absoluto",NA,NA,2023,"Junio",6,"Selva baja caducifolia","Sobre suelo",NA,"Guatemala","Zacapa","Cabañas","Sobre río El Tambor",283,NA,NA,NA,NA,NA,NA,14.908739,-89.816189,NA,NA,NA,NA,"Aspidoscelis motague","Reptilia","Teiidae","Aspidoscelis","motaguae",NA,NA,NA,NA,NA,NA,NA,NA,NA,NA,NA,NA,NA,NA,NA
"17",NA,NA,NA,"ANMO:5172","Adrián Nieto Montes de Oca",NA,"Adrián Nieto Montes de Oca","ANMO","MMS, UOGV, AGV, Anthony Barley, Robert Thomson",NA,"Organismo completo",NA,NA,NA,"Forrajeando","Alcohol 85%","Universidad del Valle de Guatemala (UVG)",NA,NA,NA,NA,NA,"Hígado",NA,"Alcohol absoluto",NA,NA,2023,"Junio",6,"Selva baja caducifolia","Sobre suelo",NA,"Guatemala","Zacapa","Cabañas","Al suroeste de Cabañas, sobre carretera de terracería",239,NA,NA,NA,NA,NA,NA,14.92808,-89.79513,NA,NA,NA,NA,"Aspidoscelis deppeii","Reptilia","Teiidae","Aspidoscelis","deppeii",NA,NA,NA,NA,NA,NA,NA,NA,NA,NA,NA,NA,NA,NA,NA
"18",NA,NA,NA,"ANMO:5173","Adrián Nieto Montes de Oca",NA,"Adrián Nieto Montes de Oca","ANMO","MMS, UOGV, AGV, Anthony Barley, Robert Thomson",NA,"Organismo completo",NA,NA,NA,"Forrajeando","Alcohol 85%",NA,NA,NA,NA,NA,NA,"Hígado",NA,"Alcohol absoluto",NA,NA,2023,"Junio",6,"Selva baja caducifolia","Sobre suelo",NA,"Guatemala","Zacapa","Cabañas","Al suroeste de Cabañas, sobre carretera de terracería",239,NA,NA,NA,NA,NA,NA,14.92808,-89.79513,NA,NA,NA,NA,"Aspidoscelis deppeii","Reptilia","Teiidae","Aspidoscelis","deppeii",NA,NA,NA,NA,NA,NA,NA,NA,NA,NA,NA,NA,NA,NA,NA
"19",NA,NA,NA,"ANMO:5174","Adrián Nieto Montes de Oca",NA,"Adrián Nieto Montes de Oca","ANMO","MMS, UOGV, AGV, Anthony Barley, Robert Thomson",NA,"Organismo completo",NA,NA,NA,"Forrajeando","Alcohol 85%","Universidad del Valle de Guatemala (UVG)",NA,NA,NA,NA,NA,"Hígado",NA,"Alcohol absoluto",NA,NA,2023,"Junio",6,"Selva baja caducifolia","Sobre suelo",NA,"Guatemala","Zacapa","Cabañas","Al suroeste de Cabañas, sobre carretera de terracería",239,NA,NA,NA,NA,NA,NA,14.92808,-89.79513,NA,NA,NA,NA,"Aspidoscelis deppeii","Reptilia","Teiidae","Aspidoscelis","deppeii",NA,NA,NA,NA,NA,NA,NA,NA,NA,NA,NA,NA,NA,NA,NA
"20",NA,NA,NA,"ANMO:5175","Adrián Nieto Montes de Oca",NA,"Adrián Nieto Montes de Oca","ANMO","MMS, UOGV, AGV, Anthony Barley, Robert Thomson",NA,"Organismo completo",NA,NA,NA,"Forrajeando","Alcohol 85%",NA,NA,NA,NA,NA,NA,"Hígado",NA,"Alcohol absoluto",NA,NA,2023,"Junio",6,"Selva baja caducifolia","Sobre suelo",NA,"Guatemala","Zacapa","Cabañas","Al suroeste de Cabañas, sobre carretera de terracería",239,NA,NA,NA,NA,NA,NA,14.92808,-89.79513,NA,NA,NA,NA,"Aspidoscelis deppeii","Reptilia","Teiidae","Aspidoscelis","deppeii",NA,NA,NA,NA,NA,NA,NA,NA,NA,NA,NA,NA,NA,NA,NA
"21",NA,NA,NA,"ANMO:5176","Adrián Nieto Montes de Oca",NA,"Adrián Nieto Montes de Oca","ANMO","MMS, UOGV, AGV, Anthony Barley, Robert Thomson",NA,"Organismo completo",NA,NA,NA,"Forrajeando","Alcohol 85%","Universidad del Valle de Guatemala (UVG)",NA,NA,NA,NA,NA,"Hígado",NA,"Alcohol absoluto",NA,NA,2023,"Junio",6,"Selva baja caducifolia","Sobre suelo",NA,"Guatemala","Zacapa","Cabañas","Sobre río El Tambor",283,NA,NA,NA,NA,NA,NA,14.908739,-89.816189,NA,NA,NA,NA,"Aspidoscelis motague","Reptilia","Teiidae","Aspidoscelis","motaguae",NA,NA,NA,NA,NA,NA,NA,NA,NA,NA,NA,NA,NA,NA,NA
"22",NA,NA,NA,"ANMO:5177","Adrián Nieto Montes de Oca",NA,"Adrián Nieto Montes de Oca","ANMO","MMS, UOGV, AGV, Anthony Barley, Robert Thomson",NA,"Organismo completo",NA,NA,NA,"Forrajeando","Alcohol 85%","Universidad del Valle de Guatemala (UVG)",NA,NA,NA,NA,NA,"Hígado",NA,"Alcohol absoluto",NA,NA,2023,"Junio",6,"Selva baja caducifolia","Sobre suelo",NA,"Guatemala","Zacapa","Cabañas","Sobre río El Tambor",283,NA,NA,NA,NA,NA,NA,14.908739,-89.816189,NA,NA,NA,NA,"Aspidoscelis motague","Reptilia","Teiidae","Aspidoscelis","motaguae",NA,NA,NA,NA,NA,NA,NA,NA,NA,NA,NA,NA,NA,NA,NA
"23",NA,NA,NA,"ANMO:5178","Adrián Nieto Montes de Oca",NA,"Adrián Nieto Montes de Oca","ANMO","MMS, UOGV, AGV, Anthony Barley, Robert Thomson",NA,"Organismo completo",NA,NA,NA,"Forrajeando","Alcohol 85%",NA,NA,NA,NA,NA,NA,"Hígado",NA,"Alcohol absoluto",NA,NA,2023,"Junio",6,"Selva baja caducifolia","Sobre suelo",NA,"Guatemala","Zacapa","Cabañas","Sobre río El Tambor",283,NA,NA,NA,NA,NA,NA,14.908739,-89.816189,NA,NA,NA,NA,"Aspidoscelis motague","Reptilia","Teiidae","Aspidoscelis","motaguae",NA,NA,NA,NA,NA,NA,NA,NA,NA,NA,NA,NA,NA,NA,NA
"24",NA,NA,NA,"ANMO:5179","Adrián Nieto Montes de Oca",NA,"Adrián Nieto Montes de Oca","ANMO","MMS, UOGV, AGV, Anthony Barley, Robert Thomson",NA,"Organismo completo",NA,NA,NA,"Forrajeando","Alcohol 85%",NA,NA,NA,NA,NA,NA,"Hígado",NA,"Alcohol absoluto",NA,NA,2023,"Junio",6,"Selva baja caducifolia","Sobre suelo",NA,"Guatemala","Zacapa","Cabañas","Al suroeste de Cabañas, sobre carretera de terracería",239,NA,NA,NA,NA,NA,NA,14.92808,-89.79513,NA,NA,NA,NA,"Aspidoscelis deppeii","Reptilia","Teiidae","Aspidoscelis","deppeii",NA,NA,NA,NA,NA,NA,NA,NA,NA,NA,NA,NA,NA,NA,NA
"25",NA,NA,NA,"ANMO:5180","Adrián Nieto Montes de Oca",NA,"Adrián Nieto Montes de Oca","ANMO","MMS, UOGV, AGV, Anthony Barley, Robert Thomson",NA,"Organismo completo",NA,NA,NA,"Forrajeando","Alcohol 85%",NA,NA,NA,NA,NA,NA,"Hígado",NA,"Alcohol absoluto",NA,NA,2023,"Junio",6,"Selva baja caducifolia","Sobre suelo",NA,"Guatemala","Zacapa","Cabañas","Al suroeste de Cabañas, sobre carretera de terracería",239,NA,NA,NA,NA,NA,NA,14.92808,-89.79513,NA,NA,NA,NA,"Aspidoscelis deppeii","Reptilia","Teiidae","Aspidoscelis","deppeii",NA,NA,NA,NA,NA,NA,NA,NA,NA,NA,NA,NA,NA,NA,NA
"26",NA,NA,NA,"ANMO:5181","Adrián Nieto Montes de Oca",NA,"Adrián Nieto Montes de Oca","ANMO","MMS, UOGV, AGV, Anthony Barley, Robert Thomson",NA,"Organismo completo",NA,NA,NA,"Muerta sobre carretera","Alcohol 85%","Universidad del Valle de Guatemala (UVG)",NA,NA,NA,NA,NA,"Hígado",NA,"Alcohol absoluto",NA,NA,2023,"Junio",6,"Selva baja caducifolia","Sobre carretera",NA,"Guatemala","Zacapa","Cabañas","Al suroeste de Cabañas, sobre carretera de terracería",264,NA,NA,NA,NA,NA,NA,14.91847,-89.81357,NA,NA,NA,NA,"Leptophis mexicanus","Reptilia","Colubridae","Leptophis","mexicanus",NA,NA,NA,NA,NA,NA,NA,NA,NA,NA,NA,NA,NA,NA,NA
"27",NA,NA,NA,"ANMO:5182","Adrián Nieto Montes de Oca",NA,"Adrián Nieto Montes de Oca","ANMO","MMS, UOGV, AGV, Anthony Barley, Robert Thomson",NA,"Organismo completo",NA,NA,NA,"Inactiva","Alcohol 85%",NA,NA,NA,NA,NA,NA,"Hígado",NA,"Alcohol absoluto",NA,NA,2023,"Junio",6,"Selva baja caducifolia","Debajo de tronco",NA,"Guatemala","Zacapa","Cabañas","Al suroeste de Cabañas, sobre carretera de terracería",239,NA,NA,NA,NA,NA,NA,14.92808,-89.79513,NA,NA,NA,NA,"Marisora lineola","Reptilia","Scincidae","Marisora","lineola",NA,NA,NA,NA,NA,NA,NA,NA,NA,NA,NA,NA,NA,NA,NA
"28",NA,NA,NA,"ANMO:5183","Adrián Nieto Montes de Oca",NA,"Adrián Nieto Montes de Oca","ANMO","MMS, UOGV, AGV, Anthony Barley, Robert Thomson",NA,"Organismo completo",NA,NA,NA,"Inactivo","Alcohol 85%","Universidad del Valle de Guatemala (UVG)",NA,NA,NA,NA,NA,"Hígado",NA,"Alcohol absoluto",NA,NA,2023,"Junio",6,"Selva baja caducifolia","Debajo de roca",NA,"Guatemala","Zacapa","Cabañas","Al suroeste de Cabañas, sobre carretera de terracería",239,NA,NA,NA,NA,NA,NA,14.92808,-89.79513,NA,NA,NA,NA,"Hemidactylus frenatus","Reptilia","Geckonidae","Hemidactylus","frenatus",NA,NA,NA,NA,NA,NA,NA,NA,NA,NA,NA,NA,NA,NA,NA
"29",NA,NA,NA,"ANMO:5184","Adrián Nieto Montes de Oca",NA,"Adrián Nieto Montes de Oca","ANMO","MMS, UOGV, AGV, Anthony Barley, Robert Thomson",NA,"Organismo completo",NA,NA,NA,"Inactivo","Alcohol 85%","Universidad del Valle de Guatemala (UVG)",NA,NA,NA,NA,NA,"Hígado",NA,"Alcohol absoluto",NA,NA,2023,"Junio",6,"Selva baja caducifolia","Debajo de roca",NA,"Guatemala","Zacapa","Cabañas","Al suroeste de Cabañas, sobre carretera de terracería",239,NA,NA,NA,NA,NA,NA,14.92808,-89.79513,NA,NA,NA,NA,"Indotyphlops braminus","Reptilia","Typhlopoidae","Indotyphlops","braaminus",NA,NA,NA,NA,NA,NA,NA,NA,NA,NA,NA,NA,NA,NA,NA
"30",NA,NA,NA,"ANMO:5185","Adrián Nieto Montes de Oca",NA,"Adrián Nieto Montes de Oca","ANMO","MMS, UOGV, AGV, Anthony Barley, Robert Thomson",NA,"Organismo completo",NA,NA,NA,"Activa","Alcohol 85%","Universidad del Valle de Guatemala (UVG)",NA,NA,NA,NA,NA,"Hígado",NA,"Alcohol absoluto",NA,NA,2023,"Junio",6,"Selva baja caducifolia","Entre ramas en el suelo",NA,"Guatemala","Zacapa","Cabañas","Al suroeste de Cabañas, sobre carretera de terracería",239,NA,NA,NA,NA,NA,NA,14.92808,-89.79513,NA,NA,NA,NA,"Sceloporus siniferus","Reptilia","Phrynosomatidae","Sceloporus","siniferus",NA,NA,NA,NA,NA,NA,NA,NA,NA,NA,NA,NA,NA,NA,NA
"31",NA,NA,NA,"ANMO:5186","Adrián Nieto Montes de Oca",NA,"Adrián Nieto Montes de Oca","ANMO","MMS, UOGV, AGV, Anthony Barley, Robert Thomson",NA,"Organismo completo",NA,NA,NA,"Forrajeando","Alcohol 85%",NA,NA,NA,NA,NA,NA,"Hígado",NA,"Alcohol absoluto",NA,NA,2023,"Junio",6,"Selva baja caducifolia","Sobre suelo",NA,"Guatemala","Zacapa","Cabañas","Sobre río El Tambor",283,NA,NA,NA,NA,NA,NA,14.908739,-89.816189,NA,NA,NA,NA,"Aspidoscelis motague","Reptilia","Teiidae","Aspidoscelis","motaguae",NA,NA,NA,NA,NA,NA,NA,NA,NA,NA,NA,NA,NA,NA,NA
"32",NA,NA,NA,"ANMO:5187","Adrián Nieto Montes de Oca",NA,"Adrián Nieto Montes de Oca","ANMO","MMS, UOGV, AGV, Anthony Barley, Robert Thomson",NA,"Organismo completo",NA,NA,NA,"Forrajeando","Alcohol 85%",NA,NA,NA,NA,NA,NA,"Hígado",NA,"Alcohol absoluto",NA,NA,2023,"Junio",6,"Selva baja caducifolia","Sobre suelo",NA,"Guatemala","Zacapa","Cabañas","Sobre río El Tambor",283,NA,NA,NA,NA,NA,NA,14.908739,-89.816189,NA,NA,NA,NA,"Aspidoscelis motague","Reptilia","Teiidae","Aspidoscelis","motaguae",NA,NA,NA,NA,NA,NA,NA,NA,NA,NA,NA,NA,NA,NA,NA
"33",NA,NA,NA,"ANMO:5188","Adrián Nieto Montes de Oca",NA,"Adrián Nieto Montes de Oca","ANMO","MMS, UOGV, AGV, Anthony Barley, Robert Thomson",NA,"Organismo completo",NA,NA,NA,"Forrajeando","Alcohol 85%","Universidad del Valle de Guatemala (UVG)",NA,NA,NA,NA,NA,"Hígado",NA,"Alcohol absoluto",NA,NA,2023,"Junio",7,"Plantación de caucho","Sobre hojarasca",NA,"Guatemala","Izabal","Buenos Aires","2 km al norte de Buenos Aires, sobre un camino paralelo a la carretera",55,NA,NA,NA,NA,NA,NA,15.596306,88.929333,NA,NA,NA,NA,"Holcosus hartwegi","Reptilia","Teiidae","Holcosus","hartwegi",NA,NA,NA,NA,NA,NA,NA,NA,NA,NA,NA,NA,NA,NA,NA
"34",NA,NA,NA,"ANMO:5189","Adrián Nieto Montes de Oca",NA,"Adrián Nieto Montes de Oca","ANMO","MMS, UOGV, AGV, Anthony Barley, Robert Thomson",NA,"Organismo completo",NA,NA,NA,"Forrajeando","Alcohol 85%",NA,NA,NA,NA,NA,NA,"Hígado",NA,"Alcohol absoluto",NA,NA,2023,"Junio",7,"Plantación de caucho","Sobre hojarasca",NA,"Guatemala","Izabal","Buenos Aires","2 km al norte de Buenos Aires, sobre un camino paralelo a la carretera",55,NA,NA,NA,NA,NA,NA,15.596306,88.929333,NA,NA,NA,NA,"Holcosus hartwegi","Reptilia","Teiidae","Holcosus","hartwegi",NA,NA,NA,NA,NA,NA,NA,NA,NA,NA,NA,NA,NA,NA,NA
"35",NA,NA,NA,"ANMO:5190","Adrián Nieto Montes de Oca",NA,"Adrián Nieto Montes de Oca","ANMO","MMS, UOGV, AGV, Anthony Barley, Robert Thomson",NA,"Organismo completo","Hembra",NA,NA,"Activa","Alcohol 85%","Universidad del Valle de Guatemala (UVG)",NA,NA,NA,NA,NA,"Hígado",NA,"Alcohol absoluto",NA,NA,2023,"Junio",7,"Plantación de caucho","Sobre tronco",NA,"Guatemala","Izabal","Buenos Aires","2 km al norte de Buenos Aires, sobre un camino paralelo a la carretera",55,NA,NA,NA,NA,NA,NA,15.596306,88.929333,NA,NA,NA,NA,"Anolis lemurinus","Reptilia","Dactyloidae","Anolis","lemurinus",NA,NA,NA,NA,NA,NA,NA,NA,NA,NA,NA,NA,NA,NA,NA
"36",NA,NA,NA,"ANMO:5191","Adrián Nieto Montes de Oca",NA,"Adrián Nieto Montes de Oca","ANMO","MMS, UOGV, AGV, Anthony Barley, Robert Thomson",NA,"Organismo completo","Hembra",NA,NA,"Activa","Alcohol 85%","Universidad del Valle de Guatemala (UVG)",NA,NA,NA,NA,NA,"Hígado",NA,"Alcohol absoluto",NA,NA,2023,"Junio",7,"Plantación de caucho","Sobre hojarasca",NA,"Guatemala","Izabal","Buenos Aires","2 km al norte de Buenos Aires, sobre un camino paralelo a la carretera",55,NA,NA,NA,NA,NA,NA,15.596306,88.929333,NA,NA,NA,NA,"Anolis lemurinus","Reptilia","Dactyloidae","Anolis","lemurinus",NA,NA,NA,NA,NA,NA,NA,NA,NA,NA,NA,NA,NA,NA,NA
"37",NA,NA,NA,"ANMO:5192","Adrián Nieto Montes de Oca",NA,"Adrián Nieto Montes de Oca","ANMO","MMS, UOGV, AGV, Anthony Barley, Robert Thomson",NA,"Organismo completo",NA,NA,NA,"Activa","Alcohol 85%",NA,NA,NA,NA,NA,NA,"Hígado",NA,"Alcohol absoluto",NA,NA,2023,"Junio",7,"Plantación de caucho","Sobre hojarasca",NA,"Guatemala","Izabal","Buenos Aires","2 km al norte de Buenos Aires, sobre un camino paralelo a la carretera",55,NA,NA,NA,NA,NA,NA,15.596306,88.929333,NA,NA,NA,NA,"Anolis lemurinus","Reptilia","Dactyloidae","Anolis","lemurinus",NA,NA,NA,NA,NA,NA,NA,NA,NA,NA,NA,NA,NA,NA,NA
"38",NA,NA,NA,"ANMO:5193","Adrián Nieto Montes de Oca",NA,"Adrián Nieto Montes de Oca","ANMO","MMS, UOGV, AGV, Anthony Barley, Robert Thomson",NA,"Organismo completo",NA,NA,NA,"Activa","Alcohol 85%",NA,NA,NA,NA,NA,NA,"Hígado",NA,"Alcohol absoluto",NA,NA,2023,"Junio",7,"Plantación de caucho","Sobre hojarasca",NA,"Guatemala","Izabal","Buenos Aires","2 km al norte de Buenos Aires, sobre un camino paralelo a la carretera",55,NA,NA,NA,NA,NA,NA,15.596306,88.929333,NA,NA,NA,NA,"Anolis lemurinus","Reptilia","Dactyloidae","Anolis","lemurinus",NA,NA,NA,NA,NA,NA,NA,NA,NA,NA,NA,NA,NA,NA,NA
"39",NA,NA,NA,"ANMO:5194","Adrián Nieto Montes de Oca",NA,"Adrián Nieto Montes de Oca","ANMO","MMS, UOGV, AGV, Anthony Barley, Robert Thomson",NA,"Organismo completo",NA,NA,NA,"Activa","Alcohol 85%","Universidad del Valle de Guatemala (UVG)",NA,NA,NA,NA,NA,"Hígado",NA,"Alcohol absoluto",NA,NA,2023,"Junio",7,"Vegetación secundaria de selva baja subcaducifolia","Sobre hojarasca",NA,"Guatemala","Petén","Poptún","Al sur de Poptún, en las afueras, sobre camino de terracería",540,NA,NA,NA,NA,NA,NA,16.3053367,-89.4100625,NA,NA,NA,NA,"Anolis lemurinus","Reptilia","Dactyloidae","Anolis","lemurinus",NA,NA,NA,NA,NA,NA,NA,NA,NA,NA,NA,NA,NA,NA,NA
"40",NA,NA,NA,"ANMO:5195","Adrián Nieto Montes de Oca",NA,"Adrián Nieto Montes de Oca","ANMO","MMS, UOGV, AGV, Anthony Barley, Robert Thomson",NA,"Organismo completo",NA,NA,NA,"Activa","Alcohol 85%",NA,NA,NA,NA,NA,NA,"Hígado",NA,"Alcohol absoluto",NA,NA,2023,"Junio",7,"Vegetación secundaria de selva baja subcaducifolia","Sobre hojarasca",NA,"Guatemala","Petén","Poptún","Al sur de Poptún, en las afueras, sobre camino de terracería",540,NA,NA,NA,NA,NA,NA,16.3053367,-89.4100625,NA,NA,NA,NA,"Anolis lemurinus","Reptilia","Dactyloidae","Anolis","lemurinus",NA,NA,NA,NA,NA,NA,NA,NA,NA,NA,NA,NA,NA,NA,NA
"41",NA,NA,NA,"ANMO:5196","Adrián Nieto Montes de Oca",NA,"Adrián Nieto Montes de Oca","ANMO","MMS, UOGV, AGV, Anthony Barley, Robert Thomson",NA,"Organismo completo",NA,NA,NA,"Activa","Alcohol 85%",NA,NA,NA,NA,NA,NA,"Hígado",NA,"Alcohol absoluto",NA,NA,2023,"Junio",7,"Vegetación secundaria de selva baja subcaducifolia","Sobre hojarasca",NA,"Guatemala","Petén","Poptún","Al sur de Poptún, en las afueras, sobre camino de terracería",540,NA,NA,NA,NA,NA,NA,16.3053367,-89.4100625,NA,NA,NA,NA,"Anolis rodriguezii","Reptilia","Dactyloidae","Anolis","rodriguezii",NA,NA,NA,NA,NA,NA,NA,NA,NA,NA,NA,NA,NA,NA,NA
"42",NA,NA,NA,"ANMO:5197","Adrián Nieto Montes de Oca",NA,"Adrián Nieto Montes de Oca","ANMO","MMS, UOGV, AGV, Anthony Barley, Robert Thomson",NA,"Organismo completo",NA,NA,NA,"Activa","Alcohol 85%","Universidad del Valle de Guatemala (UVG)",NA,NA,NA,NA,NA,"Hígado",NA,"Alcohol absoluto",NA,NA,2023,"Junio",7,"Vegetación secundaria de selva baja subcaducifolia","Sobre hojarasca",NA,"Guatemala","Petén","Poptún","Al sur de Poptún, en las afueras, sobre camino de terracería",540,NA,NA,NA,NA,NA,NA,16.3053367,-89.4100625,NA,NA,NA,NA,"Anolis rodriguezii","Reptilia","Dactyloidae","Anolis","rodriguezii",NA,NA,NA,NA,NA,NA,NA,NA,NA,NA,NA,NA,NA,NA,NA
"43",NA,NA,NA,"ANMO:5198","Adrián Nieto Montes de Oca",NA,"Adrián Nieto Montes de Oca","ANMO","MMS, UOGV, AGV, Anthony Barley, Robert Thomson",NA,"Organismo completo",NA,NA,NA,"Activa","Alcohol 85%",NA,NA,NA,NA,NA,NA,"Hígado",NA,"Alcohol absoluto",NA,NA,2023,"Junio",7,"Vegetación secundaria de selva baja subcaducifolia","Sobre hojarasca",NA,"Guatemala","Petén","Poptún","Al sur de Poptún, en las afueras, sobre camino de terracería",540,NA,NA,NA,NA,NA,NA,16.3053367,-89.4100625,NA,NA,NA,NA,"Anolis rodriguezii","Reptilia","Dactyloidae","Anolis","rodriguezii",NA,NA,NA,NA,NA,NA,NA,NA,NA,NA,NA,NA,NA,NA,NA
"44",NA,NA,NA,"ANMO:5199","Adrián Nieto Montes de Oca",NA,"Adrián Nieto Montes de Oca","ANMO","MMS, UOGV, AGV, Anthony Barley, Robert Thomson",NA,"Organismo completo",NA,NA,NA,"Activa","Alcohol 85%",NA,NA,NA,NA,NA,NA,"Hígado",NA,"Alcohol absoluto",NA,NA,2023,"Junio",7,"Vegetación secundaria de selva baja subcaducifolia","Entre hojarasca",NA,"Guatemala","Petén","Poptún","Al sur de Poptún, en las afueras, sobre camino de terracería",540,NA,NA,NA,NA,NA,NA,16.3053367,-89.4100625,NA,NA,NA,NA,"Scincella cherriei","Reptilia","Scincidae","Scincella","cherriei",NA,NA,NA,NA,NA,NA,NA,NA,NA,NA,NA,NA,NA,NA,NA
"45",NA,NA,NA,"ANMO:5200","Adrián Nieto Montes de Oca",NA,"Adrián Nieto Montes de Oca","ANMO","MMS, UOGV, AGV, Anthony Barley, Robert Thomson",NA,"Organismo completo",NA,NA,NA,"Muerta","Alcohol 85%","Universidad del Valle de Guatemala (UVG)",NA,NA,NA,NA,NA,"Hígado",NA,"Alcohol absoluto",NA,NA,2023,"Junio",7,"Vegetación secundaria de selva baja subcaducifolia","Carretera, atropellada",NA,"Guatemala","Petén","Poptún","Al sur de Poptún, en las afueras, sobre camino de terracería",540,NA,NA,NA,NA,NA,NA,16.3053367,-89.4100625,NA,NA,NA,NA,"Leptophis mexicanus","Reptilia","Colubridae","Leptophis","mexicanus",NA,NA,NA,NA,NA,NA,NA,NA,NA,NA,NA,NA,NA,NA,NA
"46",NA,NA,NA,"ANMO:5201","Adrián Nieto Montes de Oca",NA,"Adrián Nieto Montes de Oca","ANMO","MMS, UOGV, AGV, Anthony Barley, Robert Thomson",NA,"Organismo completo",NA,NA,NA,"Forrajeando","Alcohol 85%",NA,NA,NA,NA,NA,NA,"Hígado",NA,"Alcohol absoluto",NA,NA,2023,"Junio",7,"Pastizal, terrenos recién quemados","Sobre suelo",NA,"Guatemala","Petén","Santa Ana","Al sur de Santa Ana, yendo hacia Flores",210,NA,NA,NA,NA,NA,NA,16.7952253,-89.8092195,NA,NA,NA,NA,"Aspidoscelis angusticeps","Reptilia","Teiidae","Aspidoscelis","angusticeps",NA,NA,NA,NA,NA,NA,NA,NA,NA,NA,NA,NA,NA,NA,NA
"47",NA,NA,NA,"ANMO:5202","Adrián Nieto Montes de Oca",NA,"Adrián Nieto Montes de Oca","ANMO","MMS, UOGV, AGV, Anthony Barley, Robert Thomson",NA,"Organismo completo",NA,NA,NA,"Forrajeando","Alcohol 85%","Universidad del Valle de Guatemala (UVG)",NA,NA,NA,NA,NA,"Hígado",NA,"Alcohol absoluto",NA,NA,2023,"Junio",8,"Pastizal, terrenos recién quemados","Sobre suelo",NA,"Guatemala","Petén","Santa Ana","Al sur de Santa Ana, yendo hacia Flores",210,NA,NA,NA,NA,NA,NA,16.7952253,-89.8092195,NA,NA,NA,NA,"Aspidoscelis angusticeps","Reptilia","Teiidae","Aspidoscelis","angusticeps",NA,NA,NA,NA,NA,NA,NA,NA,NA,NA,NA,NA,NA,NA,NA
"48",NA,NA,NA,"ANMO:5203","Adrián Nieto Montes de Oca",NA,"Adrián Nieto Montes de Oca","ANMO","MMS, UOGV, AGV, Anthony Barley, Robert Thomson",NA,"Organismo completo",NA,NA,NA,"Forrajeando","Alcohol 85%","Universidad del Valle de Guatemala (UVG)",NA,NA,NA,NA,NA,"Hígado",NA,"Alcohol absoluto",NA,NA,2023,"Junio",8,"Pastizal, terrenos recién quemados","Sobre suelo",NA,"Guatemala","Petén","Santa Ana","Al sur de Santa Ana, yendo hacia Flores",210,NA,NA,NA,NA,NA,NA,16.7952253,-89.8092195,NA,NA,NA,NA,"Aspidoscelis angusticeps","Reptilia","Teiidae","Aspidoscelis","angusticeps",NA,NA,NA,NA,NA,NA,NA,NA,NA,NA,NA,NA,NA,NA,NA
"49",NA,NA,NA,"ANMO:5204","Adrián Nieto Montes de Oca",NA,"Adrián Nieto Montes de Oca","ANMO","MMS, UOGV, AGV, Anthony Barley, Robert Thomson",NA,"Organismo completo",NA,NA,NA,"Forrajeando","Alcohol 85%",NA,NA,NA,NA,NA,NA,"Hígado",NA,"Alcohol absoluto",NA,NA,2023,"Junio",8,"Pastizal, terrenos recién quemados","Sobre suelo",NA,"Guatemala","Petén","Santa Ana","Al sur de Santa Ana, yendo hacia Flores",210,NA,NA,NA,NA,NA,NA,16.7952253,-89.8092195,NA,NA,NA,NA,"Aspidoscelis angusticeps","Reptilia","Teiidae","Aspidoscelis","angusticeps",NA,NA,NA,NA,NA,NA,NA,NA,NA,NA,NA,NA,NA,NA,NA
"50",NA,NA,NA,"ANMO:5205","Adrián Nieto Montes de Oca",NA,"Adrián Nieto Montes de Oca","ANMO","MMS, UOGV, AGV, Anthony Barley, Robert Thomson",NA,"Organismo completo","Hembra",NA,NA,"Activa","Alcohol 85%",NA,NA,NA,NA,NA,NA,"Hígado",NA,"Alcohol absoluto",NA,NA,2023,"Junio",8,"Pastizal, terrenos recién quemados","Sobre suelo",NA,"Guatemala","Petén","Santa Ana","Al sur de Santa Ana, yendo hacia Flores",210,NA,NA,NA,NA,NA,NA,16.7952253,-89.8092195,NA,NA,NA,NA,"Anolis sericeus","Reptilia","Dactyloidae","Anolis","sericeus",NA,NA,NA,NA,NA,NA,NA,NA,NA,NA,NA,NA,NA,NA,NA
"51",NA,NA,NA,"ANMO:5206","Adrián Nieto Montes de Oca",NA,"Adrián Nieto Montes de Oca","ANMO","MMS, UOGV, AGV, Anthony Barley, Robert Thomson",NA,"Organismo completo",NA,NA,NA,"Activa","Alcohol 85%",NA,NA,NA,NA,NA,NA,"Hígado",NA,"Alcohol absoluto",NA,NA,2023,"Junio",7,"Suelos de uso antropogénico","Bajo tronco",NA,"Guatemala","Petén","Santa Ana","Hotel Ixpone, al norte de Santa Ana, hacia Flores",204,NA,NA,NA,NA,NA,NA,16.8424,-89.818259,NA,NA,NA,NA,"Marisora lineola","Reptilia","Scincidae","Marisora","lineola",NA,NA,NA,NA,NA,NA,NA,NA,NA,NA,NA,NA,NA,NA,NA
"52",NA,NA,NA,"ANMO:5207","Adrián Nieto Montes de Oca",NA,"Adrián Nieto Montes de Oca","ANMO","MMS, UOGV, AGV, Anthony Barley, Robert Thomson",NA,"Organismo completo",NA,NA,NA,"Activa","Alcohol 85%","Universidad del Valle de Guatemala (UVG)",NA,NA,NA,NA,NA,"Hígado",NA,"Alcohol absoluto",NA,NA,2023,"Junio",7,"Suelos de uso antropogénico","Bajo tronco",NA,"Guatemala","Petén","Santa Ana","Hotel Ixpone, al norte de Santa Ana, hacia Flores",204,NA,NA,NA,NA,NA,NA,16.8424,-89.818259,NA,NA,NA,NA,"Marisora lineola","Reptilia","Scincidae","Marisora","lineola",NA,NA,NA,NA,NA,NA,NA,NA,NA,NA,NA,NA,NA,NA,NA
"53",NA,NA,NA,"ANMO:5208","Adrián Nieto Montes de Oca",NA,"Adrián Nieto Montes de Oca","ANMO","MMS, UOGV, AGV, Anthony Barley, Robert Thomson",NA,"Organismo completo",NA,NA,NA,"Perchando","Alcohol 85%",NA,NA,NA,NA,NA,NA,"Hígado",NA,"Alcohol absoluto",NA,NA,2023,"Junio",7,"Suelos de uso antropogénico","Sobre rama",NA,"Guatemala","Petén","Santa Ana","Hotel Ixpone, al norte de Santa Ana, hacia Flores",204,NA,NA,NA,NA,NA,NA,16.8424,-89.818259,NA,NA,NA,NA,"Anolis sagrei","Reptilia","Dactyloidae","Anolis","sagrei",NA,NA,NA,NA,NA,NA,NA,NA,NA,NA,NA,NA,NA,NA,NA
"54",NA,NA,NA,"ANMO:5209","Adrián Nieto Montes de Oca",NA,"Adrián Nieto Montes de Oca","ANMO","MMS, UOGV, AGV, Anthony Barley, Robert Thomson",NA,"Organismo completo",NA,NA,NA,"Recién muerta por los locales","Alcohol 85%","Universidad del Valle de Guatemala (UVG)",NA,NA,NA,NA,NA,"Hígado",NA,"Alcohol absoluto",NA,NA,2023,"Junio",8,"Suelos de uso antropogénico","Muerta",NA,"Guatemala","Petén","Santa Ana","Hotel Ixpone, al norte de Santa Ana, hacia Flores",204,NA,NA,NA,NA,NA,NA,16.8424,-89.818259,NA,NA,NA,NA,"Conophis lineatus","Reptilia","Colubridae","Conophis","lineatus",NA,NA,NA,NA,NA,NA,NA,NA,NA,NA,NA,NA,NA,NA,NA
"55",NA,NA,NA,"ANMO:5210","Adrián Nieto Montes de Oca",NA,"Adrián Nieto Montes de Oca","ANMO","MMS, UOGV, AGV, Anthony Barley, Robert Thomson",NA,"Organismo completo",NA,NA,NA,"Activa","Alcohol 85%","Universidad del Valle de Guatemala (UVG)",NA,NA,NA,NA,NA,"Hígado",NA,"Alcohol absoluto",NA,NA,2023,"Junio",8,"Bosque tropical perenifolio","Sobre rama",NA,"Guatemala","Petén","Flores","Al norte de la ciudad de Flores, cruzando el lago en su sección más estrecha",160,NA,NA,NA,NA,NA,NA,16.939095,-89.89166,NA,NA,NA,NA,"Anolis tropidonotus","Reptilia","Dactyloidae","Anolis","tropidonotus",NA,NA,NA,NA,NA,NA,NA,NA,NA,NA,NA,NA,NA,NA,NA
"56",NA,NA,NA,"ANMO:5211","Adrián Nieto Montes de Oca",NA,"Adrián Nieto Montes de Oca","ANMO","MMS, UOGV, AGV, Anthony Barley, Robert Thomson",NA,"Organismo completo",NA,NA,NA,"Activa","Alcohol 85%",NA,NA,NA,NA,NA,NA,"Hígado",NA,"Alcohol absoluto",NA,NA,2023,"Junio",8,"Bosque tropical perenifolio","Sobre hojarasca",NA,"Guatemala","Petén","Flores","Al norte de la ciudad de Flores, cruzando el lago en su sección más estrecha",160,NA,NA,NA,NA,NA,NA,16.939095,-89.89166,NA,NA,NA,NA,"Anolis tropidonotus","Reptilia","Dactyloidae","Anolis","tropidonotus",NA,NA,NA,NA,NA,NA,NA,NA,NA,NA,NA,NA,NA,NA,NA
"57",NA,NA,NA,"ANMO:5212","Adrián Nieto Montes de Oca",NA,"Adrián Nieto Montes de Oca","ANMO","MMS, UOGV, AGV, Anthony Barley, Robert Thomson",NA,"Organismo completo",NA,NA,NA,"Activa","Alcohol 85%","Universidad del Valle de Guatemala (UVG)",NA,NA,NA,NA,NA,"Hígado",NA,"Alcohol absoluto",NA,NA,2023,"Junio",8,"Bosque tropical perenifolio","Sobre hojarasca",NA,"Guatemala","Petén","Flores","Al norte de la ciudad de Flores, cruzando el lago en su sección más estrecha",160,NA,NA,NA,NA,NA,NA,16.939095,-89.89166,NA,NA,NA,NA,"Anolis tropidonotus","Reptilia","Dactyloidae","Anolis","tropidonotus",NA,NA,NA,NA,NA,NA,NA,NA,NA,NA,NA,NA,NA,NA,NA
"58",NA,NA,NA,"ANMO:5213","Adrián Nieto Montes de Oca",NA,"Adrián Nieto Montes de Oca","ANMO","MMS, UOGV, AGV, Anthony Barley, Robert Thomson",NA,"Organismo completo",NA,NA,NA,"Activa","Alcohol 85%",NA,NA,NA,NA,NA,NA,"Hígado",NA,"Alcohol absoluto",NA,NA,2023,"Junio",8,"Bosque tropical perenifolio","Sobre hojarasca",NA,"Guatemala","Petén","Flores","Al norte de la ciudad de Flores, cruzando el lago en su sección más estrecha",160,NA,NA,NA,NA,NA,NA,16.939095,-89.89166,NA,NA,NA,NA,"Anolis rodriguezii","Reptilia","Dactyloidae","Anolis","rodriguezii",NA,NA,NA,NA,NA,NA,NA,NA,NA,NA,NA,NA,NA,NA,NA
"59",NA,NA,NA,"ANMO:5214","Adrián Nieto Montes de Oca",NA,"Adrián Nieto Montes de Oca","ANMO","MMS, UOGV, AGV, Anthony Barley, Robert Thomson",NA,"Organismo completo",NA,NA,NA,"Activa","Alcohol 85%",NA,NA,NA,NA,NA,NA,"Hígado",NA,"Alcohol absoluto",NA,NA,2023,"Junio",8,"Bosque tropical perenifolio","Entre hojarasca",NA,"Guatemala","Petén","Flores","Al norte de la ciudad de Flores, cruzando el lago en su sección más estrecha",160,NA,NA,NA,NA,NA,NA,16.939095,-89.89166,NA,NA,NA,NA,"Mesoscincus schwartzei","Reptilia","Scincidae","Mesoscincus","schwartzei",NA,NA,NA,NA,NA,NA,NA,NA,NA,NA,NA,NA,NA,NA,NA
"60",NA,NA,NA,"ANMO:5215","Adrián Nieto Montes de Oca",NA,"Adrián Nieto Montes de Oca","ANMO","MMS, UOGV, AGV, Anthony Barley, Robert Thomson",NA,"Organismo completo",NA,NA,NA,"Activa","Alcohol 85%",NA,NA,NA,NA,NA,NA,"Hígado",NA,"Alcohol absoluto",NA,NA,2023,"Junio",9,"Bosque tropical perenifolio","Sobre hojarasca",NA,"Guatemala","Petén","Flores","Al norte de la ciudad de Flores, cruzando el lago en su sección más estrecha",160,NA,NA,NA,NA,NA,NA,16.939095,-89.89166,NA,NA,NA,NA,"Holcosus hartwegi","Reptilia","Teiidae","Holcosus","hartwegi",NA,NA,NA,NA,NA,NA,NA,NA,NA,NA,NA,NA,NA,NA,NA
"61",NA,NA,NA,"ANMO:5216","Adrián Nieto Montes de Oca",NA,"Adrián Nieto Montes de Oca","ANMO","MMS, UOGV, AGV, Anthony Barley, Robert Thomson",NA,"Organismo completo",NA,NA,NA,"Activa","Alcohol 85%","Universidad del Valle de Guatemala (UVG)",NA,NA,NA,NA,NA,"Hígado",NA,"Alcohol absoluto",NA,NA,2023,"Junio",9,"Bosque tropical perenifolio","Sobre hojarasca",NA,"Guatemala","Petén","Flores","Al norte de la ciudad de Flores, cruzando el lago en su sección más estrecha",160,NA,NA,NA,NA,NA,NA,16.939095,-89.89166,NA,NA,NA,NA,"Holcosus hartwegi","Reptilia","Teiidae","Holcosus","hartwegi",NA,NA,NA,NA,NA,NA,NA,NA,NA,NA,NA,NA,NA,NA,NA
"62",NA,NA,NA,"ANMO:5217","Adrián Nieto Montes de Oca",NA,"Adrián Nieto Montes de Oca","ANMO","MMS, UOGV, AGV, Anthony Barley, Robert Thomson",NA,"Organismo completo","Hembra",NA,NA,"Activa","Alcohol 85%",NA,NA,NA,NA,NA,NA,"Hígado",NA,"Alcohol absoluto",NA,NA,2023,"Junio",9,"Bosque tropical perenifolio","Sobre hojarasca",NA,"Guatemala","Petén","Flores","Al norte de la ciudad de Flores, cruzando el lago en su sección más estrecha",160,NA,NA,NA,NA,NA,NA,16.939095,-89.89166,NA,NA,NA,NA,"Anolis lemurinus","Reptilia","Dactyloidae","Anolis","lemurinus",NA,NA,NA,NA,NA,NA,NA,NA,NA,NA,NA,NA,NA,NA,NA
"63",NA,NA,NA,"ANMO:5218","Adrián Nieto Montes de Oca",NA,"Adrián Nieto Montes de Oca","ANMO","MMS, UOGV, AGV, Anthony Barley, Robert Thomson",NA,"Organismo completo","Hembra",NA,NA,"Activa","Alcohol 85%","Universidad del Valle de Guatemala (UVG)",NA,NA,NA,NA,NA,"Hígado",NA,"Alcohol absoluto",NA,NA,2023,"Junio",9,"Bosque tropical perenifolio","Sobre hojarasca",NA,"Guatemala","Petén","Flores","Al norte de la ciudad de Flores, cruzando el lago en su sección más estrecha",160,NA,NA,NA,NA,NA,NA,16.939095,-89.89166,NA,NA,NA,NA,"Anolis rodriguezii","Reptilia","Dactyloidae","Anolis","rodriguezii",NA,NA,NA,NA,NA,NA,NA,NA,NA,NA,NA,NA,NA,NA,NA
"64",NA,NA,NA,"ANMO:5219","Adrián Nieto Montes de Oca",NA,"Adrián Nieto Montes de Oca","ANMO","MMS, UOGV, AGV, Anthony Barley, Robert Thomson",NA,"Organismo completo","Macho",NA,NA,"Activa","Alcohol 85%",NA,NA,NA,NA,NA,NA,"Hígado",NA,"Alcohol absoluto",NA,NA,2023,"Junio",9,"Bosque tropical perenifolio","Sobre hojarasca",NA,"Guatemala","Petén","Flores","Ixpop",154,NA,NA,NA,NA,NA,NA,16.9474062,-89.7015137,NA,NA,NA,NA,"Anolis lemurinus","Reptilia","Dactyloidae","Anolis","lemurinus",NA,NA,NA,NA,NA,NA,NA,NA,NA,NA,NA,NA,NA,NA,NA
"65",NA,NA,NA,"ANMO:5220","Adrián Nieto Montes de Oca",NA,"Adrián Nieto Montes de Oca","ANMO","MMS, UOGV, AGV, Anthony Barley, Robert Thomson",NA,"Organismo completo","Hembra",NA,NA,"Activa","Alcohol 85%","Universidad del Valle de Guatemala (UVG)",NA,NA,NA,NA,NA,"Hígado",NA,"Alcohol absoluto",NA,NA,2023,"Junio",9,"Bosque tropical perenifolio","Sobre hojarasca",NA,"Guatemala","Petén","Flores","Ixpop",154,NA,NA,NA,NA,NA,NA,16.9474062,-89.7015137,NA,NA,NA,NA,"Anolis lemurinus","Reptilia","Dactyloidae","Anolis","lemurinus",NA,NA,NA,NA,NA,NA,NA,NA,NA,NA,NA,NA,NA,NA,NA
"66",NA,NA,NA,"ANMO:5221","Adrián Nieto Montes de Oca",NA,"Adrián Nieto Montes de Oca","ANMO","MMS, UOGV, AGV, Anthony Barley, Robert Thomson",NA,"Organismo completo","Macho",NA,NA,"Activa","Alcohol 85%","Universidad del Valle de Guatemala (UVG)",NA,NA,NA,NA,NA,"Hígado",NA,"Alcohol absoluto",NA,NA,2023,"Junio",9,"Bosque tropical perenifolio","Sobre hojarasca",NA,"Guatemala","Petén","Flores","Ixpop",154,NA,NA,NA,NA,NA,NA,16.9474062,-89.7015137,NA,NA,NA,NA,"Anolis lemurinus","Reptilia","Dactyloidae","Anolis","lemurinus",NA,NA,NA,NA,NA,NA,NA,NA,NA,NA,NA,NA,NA,NA,NA
"67",NA,NA,NA,"ANMO:5222","Adrián Nieto Montes de Oca",NA,"Adrián Nieto Montes de Oca","ANMO","MMS, UOGV, AGV, Anthony Barley, Robert Thomson",NA,"Organismo completo","Macho",NA,NA,"Activa","Alcohol 85%",NA,NA,NA,NA,NA,NA,"Hígado",NA,"Alcohol absoluto",NA,NA,2023,"Junio",9,"Bosque tropical perenifolio","Sobre hojarasca",NA,"Guatemala","Petén","Flores","Ixpop",154,NA,NA,NA,NA,NA,NA,16.9474062,-89.7015137,NA,NA,NA,NA,"Anolis unilobatus","Reptilia","Dactyloidae","Anolis","unilobatus",NA,NA,NA,NA,NA,NA,NA,NA,NA,NA,NA,NA,NA,NA,NA
"68",NA,NA,NA,"ANMO:5223","Adrián Nieto Montes de Oca",NA,"Adrián Nieto Montes de Oca","ANMO","MMS, UOGV, AGV, Anthony Barley, Robert Thomson",NA,"Organismo completo","Hembra",NA,NA,"Activa","Alcohol 85%","Universidad del Valle de Guatemala (UVG)",NA,NA,NA,NA,NA,"Hígado",NA,"Alcohol absoluto",NA,NA,2023,"Junio",9,"Remanente de bosque tropical subcaducifolio","Sobre roca",NA,"Guatemala","Petén","La Libertad","Parque Ecológico Venus Verdoso",198,NA,NA,NA,NA,NA,NA,16.7895,-90.1096715410335,NA,NA,NA,NA,"Anolis lemurinus","Reptilia","Dactyloidae","Anolis","lemurinus",NA,NA,NA,NA,NA,NA,NA,NA,NA,NA,NA,NA,NA,NA,NA
"69",NA,NA,NA,"ANMO:5224","Adrián Nieto Montes de Oca",NA,"Adrián Nieto Montes de Oca","ANMO","MMS, UOGV, AGV, Anthony Barley, Robert Thomson",NA,"Organismo completo","Macho",NA,NA,"Activa","Alcohol 85%",NA,NA,NA,NA,NA,NA,"Hígado",NA,"Alcohol absoluto",NA,NA,2023,"Junio",9,"Remanente de bosque tropical subcaducifolio","Sobre hojarasca",NA,"Guatemala","Petén","La Libertad","Parque Ecológico Venus Verdoso",198,NA,NA,NA,NA,NA,NA,16.7895,-90.1096715410335,NA,NA,NA,NA,"Anolis lemurinus","Reptilia","Dactyloidae","Anolis","lemurinus",NA,NA,NA,NA,NA,NA,NA,NA,NA,NA,NA,NA,NA,NA,NA
"70",NA,NA,NA,"ANMO:5225 (no lo encontramos)","Adrián Nieto Montes de Oca",NA,"Adrián Nieto Montes de Oca","ANMO","MMS, UOGV, AGV, Anthony Barley, Robert Thomson",NA,"Organismo completo","Hembra",NA,NA,"Activa","Alcohol 85%",NA,NA,NA,NA,NA,NA,"Hígado",NA,"Alcohol absoluto",NA,NA,2023,"Junio",9,"Remanente de bosque tropical subcaducifolio","Sobre hojarasca",NA,"Guatemala","Petén","La Libertad","Parque Ecológico Venus Verdoso",198,NA,NA,NA,NA,NA,NA,16.7895,-90.1096715410335,NA,NA,NA,NA,"Anolis rodriguezii","Reptilia","Dactyloidae","Anolis","rodriguezii",NA,NA,NA,NA,NA,NA,NA,NA,NA,NA,NA,NA,NA,NA,NA
"71",NA,NA,NA,"ANMO:5226","Adrián Nieto Montes de Oca",NA,"Adrián Nieto Montes de Oca","ANMO","MMS, UOGV, AGV, Anthony Barley, Robert Thomson",NA,"Organismo completo",NA,NA,NA,"Activo","Alcohol 85%","Universidad del Valle de Guatemala (UVG)",NA,NA,NA,NA,NA,"Hígado",NA,"Alcohol absoluto",NA,NA,2023,"Junio",10,"Suelos de uso antropogénico para corte de madera. Pastizal y pinos plantados","Sobre suelo",NA,"Guatemala","Petén","La Libertad","Al sur de La Libertad, en las afueras. En auto hotel Los Pinos, antes de la Refinería La Libertad",191,NA,NA,NA,NA,NA,NA,16.7729,-90.1254,NA,NA,NA,NA,"Aspidoscelis angusticeps","Reptilia","Teiidae","Aspidoscelis","angusticeps",NA,NA,NA,NA,NA,NA,NA,NA,NA,NA,NA,NA,NA,NA,NA
"72",NA,NA,NA,"ANMO:5227","Adrián Nieto Montes de Oca",NA,"Adrián Nieto Montes de Oca","ANMO","MMS, UOGV, AGV, Anthony Barley, Robert Thomson",NA,"Organismo completo",NA,NA,NA,"Activo","Alcohol 85%",NA,NA,NA,NA,NA,NA,"Hígado",NA,"Alcohol absoluto",NA,NA,2023,"Junio",10,"Suelos de uso antropogénico para corte de madera. Pastizal y pinos plantados","Sobre suelo",NA,"Guatemala","Petén","La Libertad","Al sur de La Libertad, en las afueras. En auto hotel Los Pinos, antes de la Refinería La Libertad",191,NA,NA,NA,NA,NA,NA,16.7729,-90.1254,NA,NA,NA,NA,"Aspidoscelis angusticeps","Reptilia","Teiidae","Aspidoscelis","angusticeps",NA,NA,NA,NA,NA,NA,NA,NA,NA,NA,NA,NA,NA,NA,NA
"73",NA,NA,NA,"ANMO:5228","Adrián Nieto Montes de Oca",NA,"Adrián Nieto Montes de Oca","ANMO","MMS, UOGV, AGV, Anthony Barley, Robert Thomson",NA,"Organismo completo",NA,NA,NA,"Activo","Alcohol 85%","Todo el tejido se lo quedó Anthony Barley para extraer todo el genoma",NA,NA,NA,NA,NA,"Hígado",NA,"Alcohol absoluto",NA,NA,2023,"Junio",10,"Suelos de uso antropogénico para corte de madera. Pastizal y pinos plantados","Sobre suelo",NA,"Guatemala","Petén","La Libertad","Al sur de La Libertad, en las afueras. En auto hotel Los Pinos, antes de la Refinería La Libertad",191,NA,NA,NA,NA,NA,NA,16.7729,-90.1254,NA,NA,NA,NA,"Aspidoscelis angusticeps","Reptilia","Teiidae","Aspidoscelis","angusticeps",NA,NA,NA,NA,NA,NA,NA,NA,NA,NA,NA,NA,NA,NA,NA
"74",NA,NA,NA,"ANMO:5229","Adrián Nieto Montes de Oca",NA,"Adrián Nieto Montes de Oca","ANMO","MMS, UOGV, AGV, Anthony Barley, Robert Thomson",NA,"Organismo completo",NA,NA,NA,"Activa","Alcohol 85%",NA,NA,NA,NA,NA,NA,"Hígado",NA,"Alcohol absoluto",NA,NA,2023,"Junio",10,"Remanentes de Bosque tropical perennifolio. Los alrededores estaban deforestados","Sobre suelo",NA,"Guatemala","Petén","San Francisco","Entre La Libertad y San Francisco. Sobre carretera PET-11, a 10.7 km en línea recta hacia NE con dirección a San Francisco",187,NA,NA,NA,NA,NA,NA,16.81131,-90.02009,NA,NA,NA,NA,"Holcosus hartwegi","Reptilia","Teiidae","Holcosus","hartwegi",NA,NA,NA,NA,NA,NA,NA,NA,NA,NA,NA,NA,NA,NA,NA
"75",NA,NA,NA,"ANMO:5230","Adrián Nieto Montes de Oca",NA,"Adrián Nieto Montes de Oca","ANMO","MMS, UOGV, AGV, Anthony Barley, Robert Thomson",NA,"Organismo completo",NA,NA,NA,"Activa","Alcohol 85%",NA,NA,NA,NA,NA,NA,"Hígado",NA,"Alcohol absoluto",NA,NA,2023,"Junio",10,"Remanentes de Bosque tropical perennifolio. Los alrededores estaban deforestados","Sobre tronco caído",NA,"Guatemala","Petén","San Francisco","Entre La Libertad y San Francisco. Sobre carretera PET-11, a 10.7 km en línea recta hacia NE con dirección a San Francisco",187,NA,NA,NA,NA,NA,NA,16.81131,-90.02009,NA,NA,NA,NA,"Anolis rodriguezii","Reptilia","Dactyloidae","Anolis","rodriguezii",NA,NA,NA,NA,NA,NA,NA,NA,NA,NA,NA,NA,NA,NA,NA
"76",NA,NA,NA,"ANMO:5231","Adrián Nieto Montes de Oca",NA,"Adrián Nieto Montes de Oca","ANMO","MMS, UOGV, AGV, Anthony Barley, Robert Thomson",NA,"Organismo completo","Macho",NA,NA,"Activa","Alcohol 85%",NA,NA,NA,NA,NA,NA,"Hígado",NA,"Alcohol absoluto",NA,NA,2023,"Junio",10,"Bosque tropical caducifolio",NA,NA,"Guatemala","Petén","Sayaxché","Sobre carretera PET-11, aproximadamente a 6.5 km hacia el S de las Pozas. Desviándose sobre un camino de terracería del lado derecho de la carretera",173,NA,NA,NA,NA,NA,NA,16.2714,-90.18244,NA,NA,NA,NA,"Anolis lemurinus","Reptilia","Dactyloidae","Anolis","lemurinus",NA,NA,NA,NA,NA,NA,NA,NA,NA,NA,NA,NA,NA,NA,NA
"77",NA,NA,NA,"ANMO:5232","Adrián Nieto Montes de Oca",NA,"Adrián Nieto Montes de Oca","ANMO","MMS, UOGV, AGV, Anthony Barley, Robert Thomson",NA,"Organismo completo","Macho",NA,NA,"Activa","Alcohol 85%",NA,NA,NA,NA,NA,NA,"Hígado",NA,"Alcohol absoluto",NA,NA,2023,"Junio",10,"Bosque tropical perenifolio y cultivos de maíz","Sobre hojarasca",NA,"Guatemala","Alta Verapaz","Caserío Sechinaml y Fray Bartolomé de las Casas",NA,NA,NA,NA,NA,NA,NA,NA,NA,NA,NA,NA,NA,NA,"Anolis lemurinus","Reptilia","Dactyloidae","Anolis","lemurinus",NA,NA,NA,NA,NA,NA,NA,NA,NA,NA,NA,NA,NA,NA,NA
"78",NA,NA,NA,"ANMO:5233","Adrián Nieto Montes de Oca",NA,"Adrián Nieto Montes de Oca","ANMO","MMS, UOGV, AGV, Anthony Barley, Robert Thomson",NA,"Organismo completo","Macho",NA,NA,"Activa","Alcohol 85%","Universidad del Valle de Guatemala (UVG)",NA,NA,NA,NA,NA,"Hígado",NA,"Alcohol absoluto",NA,NA,2023,"Junio",10,"Bosque tropical perenifolio y cultivos de maíz","Sobre hojarasca",NA,"Guatemala","Alta Verapaz","Caserío Sechinaml y Fray Bartolomé de las Casas",NA,NA,NA,NA,NA,NA,NA,NA,NA,NA,NA,NA,NA,NA,"Anolis lemurinus","Reptilia","Dactyloidae","Anolis","lemurinus",NA,NA,NA,NA,NA,NA,NA,NA,NA,NA,NA,NA,NA,NA,NA
"79",NA,NA,NA,"ANMO:5234","Adrián Nieto Montes de Oca",NA,"Adrián Nieto Montes de Oca","ANMO","MMS, UOGV, AGV, Anthony Barley, Robert Thomson",NA,"Organismo completo","Hembra",NA,NA,"Activa","Alcohol 85%","Universidad del Valle de Guatemala (UVG)",NA,NA,NA,NA,NA,"Hígado",NA,"Alcohol absoluto",NA,NA,2023,"Junio",10,"Bosque tropical perenifolio y cultivos de maíz","Dentro de cueva, a 2 m de la entrada",NA,"Guatemala","Alta Verapaz","Caserío Sechinaml y Fray Bartolomé de las Casas",NA,NA,NA,NA,NA,NA,NA,NA,NA,NA,NA,NA,NA,NA,"Craugastor sp.","Amphibia","Craugastoridae","Craugastor","sp.",NA,NA,NA,NA,NA,NA,NA,NA,NA,NA,NA,NA,NA,NA,NA
"80",NA,NA,NA,"ANMO:5235","Adrián Nieto Montes de Oca",NA,"Adrián Nieto Montes de Oca","ANMO","MMS, UOGV, AGV, Anthony Barley, Robert Thomson",NA,"Organismo completo",NA,NA,NA,"Activa","Alcohol 85%","Universidad del Valle de Guatemala (UVG)",NA,NA,NA,NA,NA,"Hígado",NA,"Alcohol absoluto",NA,NA,2023,"Junio",10,"Bosque tropical perenifolio y cultivos de maíz","Dentro de cueva, a 2 m de la entrada",NA,"Guatemala","Alta Verapaz","Caserío Sechinaml y Fray Bartolomé de las Casas",NA,NA,NA,NA,NA,NA,NA,NA,NA,NA,NA,NA,NA,NA,"Craugastor sp.","Amphibia","Craugastoridae","Craugastor","sp.",NA,NA,NA,NA,NA,NA,NA,NA,NA,NA,NA,NA,NA,NA,NA
"81",NA,NA,NA,"ANMO:5236","Adrián Nieto Montes de Oca",NA,"Adrián Nieto Montes de Oca","ANMO","MMS, UOGV, AGV, Anthony Barley, Robert Thomson",NA,"Organismo completo","Hembra",NA,NA,"Activa","Alcohol 85%","Universidad del Valle de Guatemala (UVG)",NA,NA,NA,NA,NA,"Hígado",NA,"Alcohol absoluto",NA,NA,2023,"Junio",10,"Bosque tropical perenifolio y cultivos de maíz","Dentro de cueva, a 2 m de la entrada",NA,"Guatemala","Alta Verapaz","Caserío Sechinaml y Fray Bartolomé de las Casas",NA,NA,NA,NA,NA,NA,NA,NA,NA,NA,NA,NA,NA,NA,"Craugastor xucanebi","Amphibia","Craugastoridae","Craugastor","xucanebi",NA,NA,NA,NA,NA,NA,NA,NA,NA,NA,NA,NA,NA,NA,NA
"82",NA,NA,NA,"ANMO:5237","Adrián Nieto Montes de Oca",NA,"Adrián Nieto Montes de Oca","ANMO","MMS, UOGV, AGV, Anthony Barley, Robert Thomson",NA,"Organismo completo",NA,NA,NA,"Activa","Alcohol 85%","Universidad del Valle de Guatemala (UVG)",NA,NA,NA,NA,NA,"Hígado",NA,"Alcohol absoluto",NA,NA,2023,"Junio",10,"Bosque tropical perenifolio y cultivos de maíz","Dentro de cueva, a 2 m de la entrada",NA,"Guatemala","Alta Verapaz","Caserío Sechinaml y Fray Bartolomé de las Casas",NA,NA,NA,NA,NA,NA,NA,NA,NA,NA,NA,NA,NA,NA,"Craugastor xucanebi","Amphibia","Craugastoridae","Craugastor","xucanebi",NA,NA,NA,NA,NA,NA,NA,NA,NA,NA,NA,NA,NA,NA,NA
"83",NA,NA,NA,"ANMO:5238","Adrián Nieto Montes de Oca",NA,"Adrián Nieto Montes de Oca","ANMO","MMS, UOGV, AGV, Anthony Barley, Robert Thomson",NA,"Organismo completo",NA,NA,NA,"Activa","Alcohol 85%",NA,NA,NA,NA,NA,NA,"Hígado",NA,"Alcohol absoluto",NA,NA,2023,"Junio",10,"Bosque tropical perenifolio y cultivos de maíz","Dentro de cueva, a 2 m de la entrada en una grieta",NA,"Guatemala","Alta Verapaz","Caserío Sechinaml y Fray Bartolomé de las Casas",NA,NA,NA,NA,NA,NA,NA,NA,NA,NA,NA,NA,NA,NA,"Lepidophyma mayae","Reptilia","Xantusidae","Lepidophyma","mayae",NA,NA,NA,NA,NA,NA,NA,NA,NA,NA,NA,NA,NA,NA,NA
"84",NA,NA,NA,"ANMO:5239","Adrián Nieto Montes de Oca",NA,"Adrián Nieto Montes de Oca","ANMO","MMS, UOGV, AGV, Anthony Barley, Robert Thomson",NA,"Organismo completo","Macho",NA,NA,"Activa","Alcohol 85%",NA,NA,NA,NA,NA,NA,"Hígado",NA,"Alcohol absoluto",NA,NA,2023,"Junio",11,"Vegetación riparia de bosque tropical perenifolio y suelos de uso antropogénico","Cruzando el camino de terracería hacia un cultivo de maíz a la orilla del río",NA,"Guatemala","Alta Verapaz","Santa María Cahabón","Finca Canihor, a la orilla del río",185,NA,NA,NA,NA,NA,NA,15.57823,-89.89985,NA,NA,NA,NA,"Holcosus hartwegi","Reptilia","Teiidae","Holcosus","hartwegi",NA,NA,NA,NA,NA,NA,NA,NA,NA,NA,NA,NA,NA,NA,NA
"85",NA,NA,NA,"ANMO:5240","Adrián Nieto Montes de Oca",NA,"Adrián Nieto Montes de Oca","ANMO","MMS, UOGV, AGV, Anthony Barley, Robert Thomson",NA,"Organismo completo","Macho",NA,NA,"Activa","Alcohol 85%",NA,NA,NA,NA,NA,NA,"Hígado",NA,"Alcohol absoluto",NA,NA,2023,"Junio",11,"Bosque tropical perenifolio con presencia de algunos pinos","Sobre hojarasca",NA,"Guatemala","Alta Verapaz","Santa María Cahabón","Canihor, 2 km al N de Finca Canihor",353,NA,NA,NA,NA,NA,NA,15.59171,-89.84769,NA,NA,NA,NA,"Anolis unilobatus","Reptilia","Dactyloidae","Anolis","unilobatus",NA,NA,NA,NA,NA,NA,NA,NA,NA,NA,NA,NA,NA,NA,NA
"86",NA,NA,NA,"ANMO:5241","Adrián Nieto Montes de Oca",NA,"Adrián Nieto Montes de Oca","ANMO","MMS, UOGV, AGV, Anthony Barley, Robert Thomson",NA,"Organismo completo","Hembra",NA,NA,"Activa","Alcohol 85%",NA,NA,NA,NA,NA,NA,"Hígado",NA,"Alcohol absoluto",NA,NA,2023,"Junio",11,"Bosque tropical perenifolio con presencia de algunos pinos","Sobre hojarasca",NA,"Guatemala","Alta Verapaz","Santa María Cahabón","Canihor, 1 km al N de la Finca Canihor",276,NA,NA,NA,NA,NA,NA,15.58895,-89.84666,NA,NA,NA,NA,"Anolis rodriguezii","Reptilia","Dactyloidae","Anolis","rodriguezii",NA,NA,NA,NA,NA,NA,NA,NA,NA,NA,NA,NA,NA,NA,NA
"87",NA,NA,NA,"ANMO:5242","Adrián Nieto Montes de Oca",NA,"Adrián Nieto Montes de Oca","ANMO","MMS, UOGV, AGV, Anthony Barley, Robert Thomson",NA,"Organismo completo","Macho",NA,NA,"Activa","Alcohol 85%","Universidad del Valle de Guatemala (UVG)",NA,NA,NA,NA,NA,"Hígado",NA,"Alcohol absoluto",NA,NA,2023,"Junio",11,"Bosque tropical perenifolio con presencia de algunos pinos","Sobre hojarasca",NA,"Guatemala","Alta Verapaz","Santa María Cahabón","Río Canihor",183,NA,NA,NA,NA,NA,NA,15.5847,-89.84616,NA,NA,NA,NA,"Anolis lemurinus","Reptilia","Dactyloidae","Anolis","lemurinus",NA,NA,NA,NA,NA,NA,NA,NA,NA,NA,NA,NA,NA,NA,NA
"88",NA,NA,NA,"ANMO:5243","Adrián Nieto Montes de Oca",NA,"Adrián Nieto Montes de Oca","ANMO","MMS, UOGV, AGV, Anthony Barley, Robert Thomson",NA,"Organismo completo","Macho",NA,NA,"Activa","Alcohol 85%",NA,NA,NA,NA,NA,NA,"Hígado",NA,"Alcohol absoluto",NA,NA,2023,"Junio",11,"Bosque tropical perenifolio con presencia de algunos pinos","Sobre hojarasca",NA,"Guatemala","Alta Verapaz","Santa María Cahabón","Río Canihor",183,NA,NA,NA,NA,NA,NA,15.5847,-89.84616,NA,NA,NA,NA,"Anolis lemurinus","Reptilia","Dactyloidae","Anolis","lemurinus",NA,NA,NA,NA,NA,NA,NA,NA,NA,NA,NA,NA,NA,NA,NA
"89",NA,NA,NA,"ANMO:5244","Adrián Nieto Montes de Oca",NA,"Adrián Nieto Montes de Oca","ANMO","MMS, UOGV, AGV, Anthony Barley, Robert Thomson",NA,"Organismo completo",NA,NA,NA,"Activa","Alcohol 85%",NA,NA,NA,NA,NA,NA,"Hígado",NA,"Alcohol absoluto",NA,NA,2023,"Junio",11,"Bosque de pino","Entre hojarasca",NA,"Guatemala","Alta Verapaz","Chiacam","3.3 km en línea recta antes de Chiacam. Camino de terracería que se separa de la carretera principal RN-5",1297,NA,NA,NA,NA,NA,NA,15.5631,-90.09695,NA,NA,NA,NA,"Scincella cherriei","Reptilia","Scincidae","Scincella","cherriei",NA,NA,NA,NA,NA,NA,NA,NA,NA,NA,NA,NA,NA,NA,NA
"90",NA,NA,NA,"ANMO:5245","Adrián Nieto Montes de Oca",NA,"Adrián Nieto Montes de Oca","ANMO","MMS, UOGV, AGV, Anthony Barley, Robert Thomson",NA,"Organismo completo",NA,NA,NA,"Muerta","Alcohol 85%",NA,NA,NA,NA,NA,NA,"Hígado",NA,"Alcohol absoluto",NA,NA,2023,"Junio",12,"Bosque de pino","Muerta a la orilla de la carretera",NA,"Guatemala","Alta Verapaz","Tactic","Sobre carretera hacia Purulá",1437,NA,NA,NA,NA,NA,NA,15.34323,-90.4213,NA,NA,NA,NA,"Ninia sebae","Reptilia","Dipsadidae","Ninia","sebae",NA,NA,NA,NA,NA,NA,NA,NA,NA,NA,NA,NA,NA,NA,NA
"91",NA,NA,NA,"ANMO:5246","Adrián Nieto Montes de Oca",NA,"Adrián Nieto Montes de Oca","ANMO","MMS, UOGV, AGV, Anthony Barley, Robert Thomson",NA,"Organismo completo",NA,NA,NA,"Perchando","Alcohol 85%",NA,NA,NA,NA,NA,NA,"Hígado",NA,"Alcohol absoluto",NA,NA,2023,"Junio",12,"Bosque de pino","Sobre rama, perchando",NA,"Guatemala","Alta Verapaz","Tactic","Sobre carretera hacia Purulá",1407,NA,NA,NA,NA,NA,NA,15.34625,-90.42299,NA,NA,NA,NA,"Anolis unilobatus (?)","Reptilia","Dactyloidae","Anolis","unilobatus (?)",NA,NA,NA,NA,NA,NA,NA,NA,NA,NA,NA,NA,NA,NA,NA
"92",NA,NA,NA,"ANMO:5247","Adrián Nieto Montes de Oca",NA,"Adrián Nieto Montes de Oca","ANMO","MMS, UOGV, AGV, Anthony Barley, Robert Thomson",NA,"Organismo completo",NA,NA,NA,"Perchando","Alcohol 85%",NA,NA,NA,NA,NA,NA,"Hígado",NA,"Alcohol absoluto",NA,NA,2023,"Junio",12,"Bosque de pino","Sobre rama, perchando",NA,"Guatemala","Alta Verapaz","Tactic","Sobre carretera hacia Purulá",1407,NA,NA,NA,NA,NA,NA,15.34625,-90.42299,NA,NA,NA,NA,"Anolis petersi","Reptilia","Dactyloidae","Anolis","petersi",NA,NA,NA,NA,NA,NA,NA,NA,NA,NA,NA,NA,NA,NA,NA
"93",NA,NA,NA,"ANMO:5248","Adrián Nieto Montes de Oca",NA,"Adrián Nieto Montes de Oca","ANMO","MMS, UOGV, AGV, Anthony Barley, Robert Thomson",NA,"Organismo completo",NA,NA,NA,"Activa","Alcohol 85%",NA,NA,NA,NA,NA,NA,"Hígado",NA,"Alcohol absoluto",NA,NA,2023,"Junio",12,"Bosque de pino","Entre hojarasca",NA,"Guatemala","Baja Verapaz","Santa María Cahabón","Finca San Francisco",1297,NA,NA,NA,NA,NA,NA,15.5631,-90.09695,NA,NA,NA,NA,"Scincella","Reptilia","Scincidae","Scincella",NA,NA,NA,NA,NA,NA,NA,NA,NA,NA,NA,NA,NA,NA,NA,NA
"94",NA,NA,NA,"ANMO:5249","Adrián Nieto Montes de Oca",NA,"Adrián Nieto Montes de Oca","ANMO","MMS, UOGV, AGV, Anthony Barley, Robert Thomson",NA,"Organismo completo",NA,NA,NA,"Activa","Alcohol 85%",NA,NA,NA,NA,NA,NA,"Hígado",NA,"Alcohol absoluto",NA,NA,2023,"Junio",12,"Bosque de pino","Entre hojarasca",NA,"Guatemala","Baja Verapaz","Purulá","Hotel Posada Montaña del Quetzal",1640,NA,NA,NA,NA,NA,NA,15.196,-90.2072,NA,NA,NA,NA,"Scincella","Reptilia","Scincidae","Scincella",NA,NA,NA,NA,NA,NA,NA,NA,NA,NA,NA,NA,NA,NA,NA,NA
"95",NA,NA,NA,"ANMO:5250","Adrián Nieto Montes de Oca",NA,"Adrián Nieto Montes de Oca","ANMO","MMS, UOGV, AGV, Anthony Barley, Robert Thomson",NA,"Organismo completo",NA,NA,NA,"Activa","Alcohol 85%","Universidad del Valle de Guatemala (UVG)",NA,NA,NA,NA,NA,"Hígado",NA,"Alcohol absoluto",NA,NA,2023,"Junio",12,"Bosque de pino","Entre hojarasca",NA,"Guatemala","Baja Verapaz","Purulá","Hotel Posada Montaña del Quetzal",1640,NA,NA,NA,NA,NA,NA,15.196,-90.2072,NA,NA,NA,NA,"Scincella","Reptilia","Scincidae","Scincella",NA,NA,NA,NA,NA,NA,NA,NA,NA,NA,NA,NA,NA,NA,NA,NA
"96",NA,NA,NA,"ANMO:5251","Adrián Nieto Montes de Oca",NA,"Adrián Nieto Montes de Oca","ANMO","MMS, UOGV, AGV, Anthony Barley, Robert Thomson",NA,"Organismo completo",NA,NA,NA,"Perchando","Alcohol 85%",NA,NA,NA,NA,NA,NA,"Hígado",NA,"Alcohol absoluto",NA,NA,2023,"Junio",12,"Bosque de pino","Sobre rama, perchando",NA,"Guatemala","Baja Verapaz","Purulá","Hotel Posada Montaña del Quetzal",1640,NA,NA,NA,NA,NA,NA,15.196,-90.2072,NA,NA,NA,NA,"Anolis","Reptilia","Dactyloidae","Anolis",NA,NA,NA,NA,NA,NA,NA,NA,NA,NA,NA,NA,NA,NA,NA,NA
"97",NA,NA,NA,"ANMO:5252","Adrián Nieto Montes de Oca",NA,"Adrián Nieto Montes de Oca","ANMO","MMS, UOGV, AGV, Anthony Barley, Robert Thomson",NA,"Organismo completo","Hembra",NA,NA,"Activa","Alcohol 85%","Universidad del Valle de Guatemala (UVG)",NA,NA,NA,NA,NA,"Hígado",NA,"Alcohol absoluto",NA,NA,2023,"Junio",11,"Bosque tropical perenifolio con presencia de algunos pinos","Sobre hojarasca",NA,"Guatemala","Alta Verapaz","Santa María Cahabón","Canihor, 1 km al N de la Finca Canihor",276,NA,NA,NA,NA,NA,NA,15.58895,-89.84666,NA,NA,NA,NA,"Anolis (?)","Reptilia","Dactyloidae","Anolis",NA,NA,NA,NA,NA,NA,NA,NA,NA,NA,NA,NA,NA,NA,NA,NA
"98",NA,NA,NA,"ANMO:5253","Adrián Nieto Montes de Oca",NA,"Adrián Nieto Montes de Oca","ANMO","MMS, UOGV, AGV, Anthony Barley, Robert Thomson",NA,"Organismo completo","Macho",NA,NA,"Activa","Alcohol 85%","Universidad del Valle de Guatemala (UVG)",NA,NA,NA,NA,NA,"Hígado",NA,"Alcohol absoluto",NA,NA,2023,"Junio",11,"Bosque tropical perenifolio con presencia de algunos pinos","Sobre hojarasca",NA,"Guatemala","Alta Verapaz","Santa María Cahabón","Río Canihor",183,NA,NA,NA,NA,NA,NA,15.5847,-89.84616,NA,NA,NA,NA,"Anolis (?)","Reptilia","Dactyloidae","Anolis",NA,NA,NA,NA,NA,NA,NA,NA,NA,NA,NA,NA,NA,NA,NA,NA
"99",NA,NA,NA,"ANMO:5254","Adrián Nieto Montes de Oca",NA,"Adrián Nieto Montes de Oca","ANMO","MMS, UOGV, AGV, Anthony Barley, Robert Thomson",NA,"Organismo completo","Macho",NA,NA,"Activa","Alcohol 85%",NA,NA,NA,NA,NA,NA,"Hígado",NA,"Alcohol absoluto",NA,NA,2023,"Junio",11,"Bosque tropical perenifolio con presencia de algunos pinos","Sobre hojarasca",NA,"Guatemala","Alta Verapaz","Santa María Cahabón","Río Canihor",183,NA,NA,NA,NA,NA,NA,15.5847,-89.84616,NA,NA,NA,NA,"Anolis (?)","Reptilia","Dactyloidae","Anolis",NA,NA,NA,NA,NA,NA,NA,NA,NA,NA,NA,NA,NA,NA,NA,NA
"100",NA,NA,NA,"ANMO:5255","Adrián Nieto Montes de Oca",NA,"Adrián Nieto Montes de Oca","ANMO","MMS, UOGV, AGV, Anthony Barley, Robert Thomson",NA,"Organismo completo",NA,NA,NA,"Activa","Alcohol 85%","Universidad del Valle de Guatemala (UVG)",NA,NA,NA,NA,NA,"Hígado",NA,"Alcohol absoluto",NA,NA,2023,"Junio",13,"Vegetación riparia de selva seca",NA,NA,"Guatemala","Progreso","El Progreso","Sobre río Motagua. 5.2 km al NE de San Cristóbal Acasaguastlán",306,NA,NA,NA,NA,NA,NA,14.94383,-89.82429,NA,NA,NA,NA,"Aspidoscelis deppeii","Reptilia","Teiidae","Aspidoscelis","deppeii",NA,NA,NA,NA,NA,NA,NA,NA,NA,NA,NA,NA,NA,NA,NA
"101",NA,NA,NA,"ANMO:5256","Adrián Nieto Montes de Oca",NA,"Adrián Nieto Montes de Oca","ANMO","MMS, UOGV, AGV, Anthony Barley, Robert Thomson",NA,"Organismo completo",NA,NA,NA,"Activa","Alcohol 85%","Universidad del Valle de Guatemala (UVG)",NA,NA,NA,NA,NA,"Hígado",NA,"Alcohol absoluto",NA,NA,2023,"Junio",13,"Vegetación riparia de selva seca",NA,NA,"Guatemala","Progreso","El Progreso","Sobre río Motagua. 5.2 km al NE de San Cristóbal Acasaguastlán",306,NA,NA,NA,NA,NA,NA,14.94383,-89.82429,NA,NA,NA,NA,"Aspidoscelis deppeii","Reptilia","Teiidae","Aspidoscelis","deppeii",NA,NA,NA,NA,NA,NA,NA,NA,NA,NA,NA,NA,NA,NA,NA
"102",NA,NA,NA,"ANMO:5257","Adrián Nieto Montes de Oca",NA,"Adrián Nieto Montes de Oca","ANMO","MMS, UOGV, AGV, Anthony Barley, Robert Thomson",NA,"Organismo completo",NA,NA,NA,"Activa","Alcohol 85%",NA,NA,NA,NA,NA,NA,"Hígado",NA,"Alcohol absoluto",NA,NA,2023,"Junio",13,"Vegetación riparia con potreros a los costados","Sobre suelo",NA,"Guatemala","Progreso","Morazán","Gallegos",374,NA,NA,NA,NA,NA,NA,14.91722,-90.14998,NA,NA,NA,NA,"Aspidoscelis deppeii","Reptilia","Teiidae","Aspidoscelis","deppeii",NA,NA,NA,NA,NA,NA,NA,NA,NA,NA,NA,NA,NA,NA,NA
"103",NA,NA,NA,"ANMO:5258","Adrián Nieto Montes de Oca",NA,"Adrián Nieto Montes de Oca","ANMO","MMS, UOGV, AGV, Anthony Barley, Robert Thomson",NA,"Organismo completo",NA,NA,NA,"Activa","Alcohol 85%",NA,NA,NA,NA,NA,NA,"Hígado",NA,"Alcohol absoluto",NA,NA,2023,"Junio",13,"Vegetación riparia con potreros a los costados","Sobre suelo",NA,"Guatemala","Progreso","Morazán","Gallegos",374,NA,NA,NA,NA,NA,NA,14.91722,-90.14998,NA,NA,NA,NA,"Aspidoscelis motague","Reptilia","Teiidae","Aspidoscelis","motaguae",NA,NA,NA,NA,NA,NA,NA,NA,NA,NA,NA,NA,NA,NA,NA
"104",NA,NA,NA,"ANMO:5259","Adrián Nieto Montes de Oca",NA,"Adrián Nieto Montes de Oca","ANMO","MMS, UOGV, AGV, Anthony Barley, Robert Thomson",NA,"Organismo completo",NA,NA,NA,"Activa","Alcohol 85%","Universidad del Valle de Guatemala (UVG)",NA,NA,NA,NA,NA,"Hígado",NA,"Alcohol absoluto",NA,NA,2023,"Junio",13,"Vegetación riparia con potreros a los costados","Sobre suelo, apareándose",NA,"Guatemala","Progreso","Morazán","Gallegos",374,NA,NA,NA,NA,NA,NA,14.91722,-90.14998,NA,NA,NA,NA,"Holcosus parvus","Reptilia","Teiidae","Holcosus","parvus",NA,NA,NA,NA,NA,NA,NA,NA,NA,NA,NA,NA,NA,NA,NA
"105",NA,NA,NA,"ANMO:5260","Adrián Nieto Montes de Oca",NA,"Adrián Nieto Montes de Oca","ANMO","MMS, UOGV, AGV, Anthony Barley, Robert Thomson",NA,"Organismo completo",NA,NA,NA,"Activa","Alcohol 85%",NA,NA,NA,NA,NA,NA,"Hígado",NA,"Alcohol absoluto",NA,NA,2023,"Junio",13,"Vegetación riparia con potreros a los costados","Sobre suelo, apareándose",NA,"Guatemala","Progreso","Morazán","Gallegos",374,NA,NA,NA,NA,NA,NA,14.91722,-90.14998,NA,NA,NA,NA,"Holcosus parvus","Reptilia","Teiidae","Holcosus","parvus",NA,NA,NA,NA,NA,NA,NA,NA,NA,NA,NA,NA,NA,NA,NA
"106",NA,NA,NA,"ANMO:5261","Adrián Nieto Montes de Oca",NA,"Adrián Nieto Montes de Oca","ANMO","MMS, UOGV, AGV, Anthony Barley, Robert Thomson",NA,"Organismo completo",NA,NA,NA,"Activa","Alcohol 85%","Universidad del Valle de Guatemala (UVG)",NA,NA,NA,NA,NA,"Hígado",NA,"Alcohol absoluto",NA,NA,2023,"Junio",13,"Vegetación riparia de selva seca","Sobre nopal, subiendo",NA,"Guatemala","Progreso","El Progreso","Sobre río Motagua. 5.2 km al NE de San Cristóbal Acasaguastlán",306,NA,NA,NA,NA,NA,NA,14.94383,-89.82429,NA,NA,NA,NA,"Leptophis mexicanus","Reptilia","Colubridae","Leptophis","mexicanus",NA,NA,NA,NA,NA,NA,NA,NA,NA,NA,NA,NA,NA,NA,NA
"107",NA,NA,NA,"ANMO:5262","Adrián Nieto Montes de Oca",NA,"Adrián Nieto Montes de Oca","ANMO","MMS, UOGV, AGV, Anthony Barley, Robert Thomson",NA,"Cola",NA,NA,NA,"Activa","Alcohol 85%",NA,NA,NA,NA,NA,NA,"Cola",NA,"Alcohol absoluto",NA,NA,2023,"Junio",14,"Bosque tropical caducifolio","Sobre suelo",NA,"Guatemala","Progreso","El Jícaro","Cerca de El Jícaro",NA,NA,NA,NA,NA,NA,NA,14.9091,-89.8189,NA,NA,NA,NA,"Aspidoscelis deppeii","Reptilia","Teiidae","Aspidoscelis","deppeii",NA,NA,NA,NA,NA,NA,NA,NA,NA,NA,NA,NA,NA,NA,NA
"108",NA,NA,NA,"ANMO:5263","Adrián Nieto Montes de Oca",NA,"Adrián Nieto Montes de Oca","ANMO","MMS, UOGV, AGV, Anthony Barley, Robert Thomson",NA,"Organismo completo",NA,NA,NA,"Activa","Alcohol 85%",NA,NA,NA,NA,NA,NA,"Hígado",NA,"Alcohol absoluto",NA,NA,2023,"Junio",14,"Bosque tropical caducifolio","Sobre suelo",NA,"Guatemala","Progreso","El Jícaro","Cerca de El Jícaro",NA,NA,NA,NA,NA,NA,NA,14.9091,-89.8189,NA,NA,NA,NA,"Aspidoscelis deppeii","Reptilia","Teiidae","Aspidoscelis","deppeii",NA,NA,NA,NA,NA,NA,NA,NA,NA,NA,NA,NA,NA,NA,NA
"109",NA,NA,NA,"ANMO:5264","Adrián Nieto Montes de Oca",NA,"Adrián Nieto Montes de Oca","ANMO","MMS, UOGV, AGV, Anthony Barley, Robert Thomson",NA,"Organismo completo",NA,NA,NA,"Activa","Alcohol 85%",NA,NA,NA,NA,NA,NA,"Hígado",NA,"Alcohol absoluto",NA,NA,2023,"Junio",14,"Bosque tropical caducifolio","Sobre suelo",NA,"Guatemala","Progreso","El Jícaro","Cerca de El Jícaro",NA,NA,NA,NA,NA,NA,NA,14.9091,-89.8189,NA,NA,NA,NA,"Aspidoscelis deppeii","Reptilia","Teiidae","Aspidoscelis","deppeii",NA,NA,NA,NA,NA,NA,NA,NA,NA,NA,NA,NA,NA,NA,NA
"110",NA,NA,NA,"ANMO:5265","Adrián Nieto Montes de Oca",NA,"Adrián Nieto Montes de Oca","ANMO","MMS, UOGV, AGV, Anthony Barley, Robert Thomson",NA,"Organismo completo",NA,NA,NA,"Activa","Alcohol 85%","Universidad del Valle de Guatemala (UVG)",NA,NA,NA,NA,NA,"Hígado",NA,"Alcohol absoluto",NA,NA,2023,"Junio",14,"Bosque tropical caducifolio","Sobre suelo",NA,"Guatemala","Progreso","El Jícaro","Cerca de El Jícaro",NA,NA,NA,NA,NA,NA,NA,14.9091,-89.8189,NA,NA,NA,NA,"Aspidoscelis deppeii","Reptilia","Teiidae","Aspidoscelis","deppeii",NA,NA,NA,NA,NA,NA,NA,NA,NA,NA,NA,NA,NA,NA,NA
"111",NA,NA,NA,"ANMO:5266","Adrián Nieto Montes de Oca",NA,"Adrián Nieto Montes de Oca","ANMO","MMS, UOGV, AGV, Anthony Barley, Robert Thomson",NA,"Organismo completo",NA,NA,NA,"Activa","Alcohol 85%","Universidad del Valle de Guatemala (UVG)",NA,NA,NA,NA,NA,"Hígado",NA,"Alcohol absoluto",NA,NA,2023,"Junio",14,"Bosque tropical caducifolio","Sobre suelo",NA,"Guatemala","Progreso","El Jícaro","Cerca de El Jícaro",NA,NA,NA,NA,NA,NA,NA,14.9091,-89.8189,NA,NA,NA,NA,"Aspidoscelis deppeii","Reptilia","Teiidae","Aspidoscelis","deppeii",NA,NA,NA,NA,NA,NA,NA,NA,NA,NA,NA,NA,NA,NA,NA
"112",NA,NA,NA,"ANMO:5267","Adrián Nieto Montes de Oca",NA,"Adrián Nieto Montes de Oca","ANMO","MMS, UOGV, AGV, Anthony Barley, Robert Thomson",NA,"Organismo completo",NA,NA,NA,"Activa","Alcohol 85%","Universidad del Valle de Guatemala (UVG)",NA,NA,NA,NA,NA,"Hígado",NA,"Alcohol absoluto",NA,NA,2023,"Junio",14,"Bosque tropical caducifolio","Sobre suelo",NA,"Guatemala","Progreso","El Jícaro","Cerca de El Jícaro",NA,NA,NA,NA,NA,NA,NA,14.9091,-89.8189,NA,NA,NA,NA,"Aspidoscelis motague","Reptilia","Teiidae","Aspidoscelis","motaguae",NA,NA,NA,NA,NA,NA,NA,NA,NA,NA,NA,NA,NA,NA,NA
"113",NA,NA,NA,"ANMO:5268","Adrián Nieto Montes de Oca",NA,"Adrián Nieto Montes de Oca","ANMO","MMS, UOGV, AGV, Anthony Barley, Robert Thomson",NA,"Organismo completo",NA,NA,NA,"Activa","Alcohol 85%",NA,NA,NA,NA,NA,NA,"Hígado",NA,"Alcohol absoluto",NA,NA,2023,"Junio",14,"Bosque tropical caducifolio","Sobre suelo",NA,"Guatemala","Progreso","El Jícaro","Cerca de El Jícaro",NA,NA,NA,NA,NA,NA,NA,14.9091,-89.8189,NA,NA,NA,NA,"Aspidoscelis motague","Reptilia","Teiidae","Aspidoscelis","motaguae",NA,NA,NA,NA,NA,NA,NA,NA,NA,NA,NA,NA,NA,NA,NA
"114",NA,NA,NA,"ANMO:5269","Adrián Nieto Montes de Oca",NA,"Adrián Nieto Montes de Oca","ANMO","MMS, UOGV, AGV, Anthony Barley, Robert Thomson",NA,"Organismo completo",NA,NA,NA,"Activa","Alcohol 85%","Universidad del Valle de Guatemala (UVG)",NA,NA,NA,NA,NA,"Hígado",NA,"Alcohol absoluto",NA,NA,2023,"Junio",14,"Bosque tropical caducifolio","Sobre suelo",NA,"Guatemala","Progreso","El Jícaro","Cerca de El Jícaro",NA,NA,NA,NA,NA,NA,NA,14.9091,-89.8189,NA,NA,NA,NA,"Aspidoscelis deppeii","Reptilia","Teiidae","Aspidoscelis","deppeii",NA,NA,NA,NA,NA,NA,NA,NA,NA,NA,NA,NA,NA,NA,NA
"115",NA,NA,NA,"ANMO:5270","Adrián Nieto Montes de Oca",NA,"Adrián Nieto Montes de Oca","ANMO","MMS, UOGV, AGV, Anthony Barley, Robert Thomson",NA,"Organismo completo",NA,NA,NA,"Activa","Alcohol 85%","Todo el tejido se lo quedó Anthony Barley para extraer todo el genoma",NA,NA,NA,NA,NA,"Hígado",NA,"Alcohol absoluto",NA,NA,2023,"Junio",14,"Bosque tropical caducifolio","Sobre suelo",NA,"Guatemala","Progreso","El Jícaro","Cerca de El Jícaro",NA,NA,NA,NA,NA,NA,NA,14.9091,-89.8189,NA,NA,NA,NA,"Aspidoscelis motague","Reptilia","Teiidae","Aspidoscelis","motaguae",NA,NA,NA,NA,NA,NA,NA,NA,NA,NA,NA,NA,NA,NA,NA
"116",NA,NA,NA,"ANMO:5271","Adrián Nieto Montes de Oca",NA,"Adrián Nieto Montes de Oca","ANMO","MMS, UOGV, AGV, Anthony Barley, Robert Thomson",NA,"Organismo completo",NA,NA,NA,"Activa","Alcohol 85%",NA,NA,NA,NA,NA,NA,"Hígado",NA,"Alcohol absoluto",NA,NA,2023,"Junio",15,"Remanentes de Bosque tropical perennifolio. Terreno con pastizal y construcciones humanas a los alrededores","Sobre suelo",NA,"Guatemala","Santa Rosa","Iztapa","Sobre carretera R D SRO-35, en dirección a Papaturro, en el límite entre Escuintla y Santa Rosa",0,NA,NA,NA,NA,NA,NA,13.9304,-90.654,NA,NA,NA,NA,"Aspidoscelis deppeii","Reptilia","Teiidae","Aspidoscelis","deppeii",NA,NA,NA,NA,NA,NA,NA,NA,NA,NA,NA,NA,NA,NA,NA
"117",NA,NA,NA,"ANMO:5272","Adrián Nieto Montes de Oca",NA,"Adrián Nieto Montes de Oca","ANMO","MMS, UOGV, AGV, Anthony Barley, Robert Thomson",NA,"Organismo completo",NA,NA,NA,"Activa","Alcohol 85%",NA,NA,NA,NA,NA,NA,"Hígado",NA,"Alcohol absoluto",NA,NA,2023,"Junio",15,"Remanentes de Bosque tropical perennifolio. Terreno con pastizal y construcciones humanas a los alrededores","Sobre suelo",NA,"Guatemala","Santa Rosa","Iztapa","Sobre carretera R D SRO-35, en dirección a Papaturro, en el límite entre Escuintla y Santa Rosa",0,NA,NA,NA,NA,NA,NA,13.9304,-90.654,NA,NA,NA,NA,"Aspidoscelis deppeii","Reptilia","Teiidae","Aspidoscelis","deppeii",NA,NA,NA,NA,NA,NA,NA,NA,NA,NA,NA,NA,NA,NA,NA
"118",NA,NA,NA,"ANMO:5273","Adrián Nieto Montes de Oca",NA,"Adrián Nieto Montes de Oca","ANMO","MMS, UOGV, AGV, Anthony Barley, Robert Thomson",NA,"Organismo completo",NA,NA,NA,"Activa","Alcohol 85%",NA,NA,NA,NA,NA,NA,"Hígado",NA,"Alcohol absoluto",NA,NA,2023,"Junio",15,"Remanentes de Bosque tropical perennifolio. Terreno con pastizal y construcciones humanas a los alrededores","Sobre suelo",NA,"Guatemala","Santa Rosa","Iztapa","Sobre carretera R D SRO-35, en dirección a Papaturro, en el límite entre Escuintla y Santa Rosa",0,NA,NA,NA,NA,NA,NA,13.9304,-90.654,NA,NA,NA,NA,"Aspidoscelis deppeii","Reptilia","Teiidae","Aspidoscelis","deppeii",NA,NA,NA,NA,NA,NA,NA,NA,NA,NA,NA,NA,NA,NA,NA
"119",NA,NA,NA,"ANMO:5274","Adrián Nieto Montes de Oca",NA,"Adrián Nieto Montes de Oca","ANMO","MMS, UOGV, AGV, Anthony Barley, Robert Thomson",NA,"Organismo completo",NA,NA,NA,"Activa","Alcohol 85%",NA,NA,NA,NA,NA,NA,"Hígado",NA,"Alcohol absoluto",NA,NA,2023,"Junio",15,"Remanentes de Bosque tropical perennifolio. Terreno con pastizal y construcciones humanas a los alrededores","Sobre suelo",NA,"Guatemala","Santa Rosa","Iztapa","Sobre carretera R D SRO-35, en dirección a Papaturro, en el límite entre Escuintla y Santa Rosa",0,NA,NA,NA,NA,NA,NA,13.9304,-90.654,NA,NA,NA,NA,"Aspidoscelis deppeii","Reptilia","Teiidae","Aspidoscelis","deppeii",NA,NA,NA,NA,NA,NA,NA,NA,NA,NA,NA,NA,NA,NA,NA
"120",NA,NA,NA,"ANMO:5275","Adrián Nieto Montes de Oca",NA,"Adrián Nieto Montes de Oca","ANMO","MMS, UOGV, AGV, Anthony Barley, Robert Thomson",NA,"Organismo completo",NA,NA,NA,"Activa","Alcohol 85%",NA,NA,NA,NA,NA,NA,"Hígado",NA,"Alcohol absoluto",NA,NA,2023,"Junio",15,"Remanentes de Bosque tropical perennifolio. Terreno con pastizal y construcciones humanas a los alrededores","Sobre suelo",NA,"Guatemala","Santa Rosa","Iztapa","Sobre carretera R D SRO-35, en dirección a Papaturro, en el límite entre Escuintla y Santa Rosa",0,NA,NA,NA,NA,NA,NA,13.9304,-90.654,NA,NA,NA,NA,"Aspidoscelis deppeii","Reptilia","Teiidae","Aspidoscelis","deppeii",NA,NA,NA,NA,NA,NA,NA,NA,NA,NA,NA,NA,NA,NA,NA
"121",NA,NA,NA,"ANMO:5276","Adrián Nieto Montes de Oca",NA,"Adrián Nieto Montes de Oca","ANMO","MMS, UOGV, AGV, Anthony Barley, Robert Thomson",NA,"Organismo completo",NA,NA,NA,"Activa","Alcohol 85%",NA,NA,NA,NA,NA,NA,"Hígado",NA,"Alcohol absoluto",NA,NA,2023,"Junio",15,"Remanentes de Bosque tropical perennifolio. Terreno con pastizal y construcciones humanas a los alrededores","Sobre suelo",NA,"Guatemala","Santa Rosa","Iztapa","Sobre carretera R D SRO-35, en dirección a Papaturro, en el límite entre Escuintla y Santa Rosa",0,NA,NA,NA,NA,NA,NA,13.9304,-90.654,NA,NA,NA,NA,"Aspidoscelis deppeii","Reptilia","Teiidae","Aspidoscelis","deppeii",NA,NA,NA,NA,NA,NA,NA,NA,NA,NA,NA,NA,NA,NA,NA
"122",NA,NA,NA,"ANMO:5277","Adrián Nieto Montes de Oca",NA,"Adrián Nieto Montes de Oca","ANMO","MMS, UOGV, AGV, Anthony Barley, Robert Thomson",NA,"Organismo completo",NA,NA,NA,"Activa","Alcohol 85%",NA,NA,NA,NA,NA,NA,"Hígado",NA,"Alcohol absoluto",NA,NA,2023,"Junio",15,"Remanentes de Bosque tropical perennifolio. Terreno con pastizal y construcciones humanas a los alrededores","Sobre suelo",NA,"Guatemala","Santa Rosa","Iztapa","Sobre carretera R D SRO-35, en dirección a Papaturro, en el límite entre Escuintla y Santa Rosa",0,NA,NA,NA,NA,NA,NA,13.9304,-90.654,NA,NA,NA,NA,"Aspidoscelis deppeii","Reptilia","Teiidae","Aspidoscelis","deppeii",NA,NA,NA,NA,NA,NA,NA,NA,NA,NA,NA,NA,NA,NA,NA
"123",NA,NA,NA,"ANMO:5278","Adrián Nieto Montes de Oca",NA,"Adrián Nieto Montes de Oca","ANMO","MMS, UOGV, AGV, Anthony Barley, Robert Thomson",NA,"Organismo completo",NA,NA,NA,"Activa","Alcohol 85%",NA,NA,NA,NA,NA,NA,"Hígado",NA,"Alcohol absoluto",NA,NA,2023,"Junio",15,"Remanentes de Bosque tropical perennifolio. Terreno con pastizal y construcciones humanas a los alrededores","Sobre suelo",NA,"Guatemala","Santa Rosa","Iztapa","Sobre carretera R D SRO-35, en dirección a Papaturro, en el límite entre Escuintla y Santa Rosa",0,NA,NA,NA,NA,NA,NA,13.9304,-90.654,NA,NA,NA,NA,"Aspidoscelis deppeii","Reptilia","Teiidae","Aspidoscelis","deppeii",NA,NA,NA,NA,NA,NA,NA,NA,NA,NA,NA,NA,NA,NA,NA
"124",NA,NA,NA,"ANMO:5279","Adrián Nieto Montes de Oca",NA,"Adrián Nieto Montes de Oca","ANMO","MMS, UOGV, AGV, Anthony Barley, Robert Thomson",NA,"Organismo completo",NA,NA,NA,"Activa","Alcohol 85%",NA,NA,NA,NA,NA,NA,"Hígado",NA,"Alcohol absoluto",NA,NA,2023,"Junio",15,"Remanentes de Bosque tropical perennifolio. Terreno con pastizal y construcciones humanas a los alrededores","Sobre suelo",NA,"Guatemala","Santa Rosa","Iztapa","Sobre carretera R D SRO-35, en dirección a Papaturro, en el límite entre Escuintla y Santa Rosa",0,NA,NA,NA,NA,NA,NA,13.9304,-90.654,NA,NA,NA,NA,"Aspidoscelis deppeii","Reptilia","Teiidae","Aspidoscelis","deppeii",NA,NA,NA,NA,NA,NA,NA,NA,NA,NA,NA,NA,NA,NA,NA
"125",NA,NA,NA,"ANMO:5280","Adrián Nieto Montes de Oca",NA,"Adrián Nieto Montes de Oca","ANMO","MMS, UOGV, AGV, Anthony Barley, Robert Thomson",NA,"Organismo completo",NA,NA,NA,"Activa","Alcohol 85%","Todo el tejido se lo quedó Anthony Barley para extraer todo el genoma",NA,NA,NA,NA,NA,"Hígado",NA,"Alcohol absoluto",NA,NA,2023,"Junio",15,"Remanentes de Bosque tropical perennifolio. Terreno con pastizal y construcciones humanas a los alrededores","Sobre suelo",NA,"Guatemala","Santa Rosa","Iztapa","Sobre carretera R D SRO-35, en dirección a Papaturro, en el límite entre Escuintla y Santa Rosa",0,NA,NA,NA,NA,NA,NA,13.9304,-90.654,NA,NA,NA,NA,"Aspidoscelis deppeii","Reptilia","Teiidae","Aspidoscelis","deppeii",NA,NA,NA,NA,NA,NA,NA,NA,NA,NA,NA,NA,NA,NA,NA
