"","Specimen Number","Alternative tube info","DNA Concentration (ng/uL)","Species","LocalityInformation"
"1","AJB140",NA,NA,"velox","AJB"
"2","AJB141",NA,NA,"neomexicanus","AJB"
"3","AJB170",NA,NA,"burti","AJB"
"4","AJB178",NA,NA,"burti","AJB"
"5","AJB179",NA,NA,"burti","AJB"
"6","AJB190",NA,NA,"cozumelus","AJB"
"7","AJB192",NA,NA,"angusticeps","AJB"
"8","AJB218",NA,NA,"cozumelus","AJB"
"9","APG250",NA,NA,"exsanguis","AllRAD"
"10","APG254",NA,NA,"arizonae","AllRAD"
"11","APG255",NA,NA,"velox","AllRAD"
"12","APG259",NA,NA,"velox","AllRAD"
"13","APG281",NA,NA,"arizonae","AllRAD"
"14","APG282",NA,NA,"marmoratus","AllRAD"
"15","APG287",NA,NA,"arizonae","AllRAD"
"16","APG297",NA,NA,"arizonae","AllRAD"
"17","APG308",NA,NA,"exsanguis","AllRAD"
"18","AUHT6145",NA,NA,"gularis","AllRAD"
"19","CAS210988",NA,NA,"sexlineatus","AllRAD"
"20","CAS229014",NA,NA,"velox","AllRAD"
"21","GBP3592",NA,NA,"sonorae","AllRAD"
"22","GBP3593",NA,32.4,"sonorae","AllRAD"
"23","GBP4366",NA,NA,"sonorae","AllRAD"
"24","GBP4368",NA,NA,"sonorae","AllRAD"
"25","GBP4509",NA,NA,"sonorae","AllRAD"
"26","GBP4620",NA,NA,"tesselatus","AllRAD"
"27","GBP4623",NA,NA,"tesselatus","AllRAD"
"28","GBP4649",NA,NA,"tesselatus","AllRAD"
"29","GBP4665",NA,NA,"tesselatus","AllRAD"
"30","GBP4666",NA,NA,"tesselatus","AllRAD"
"31","LACM328",NA,131,"exsanguis","AllRAD"
"32","LACM33",NA,168,"cozumelus","AllRAD"
"33","LACM334",NA,81.7,"sonorae","AllRAD"
"34","LACM360",NA,31.1,"exsanguis","AllRAD"
"35","LACM386",NA,186,"sonorae","AllRAD"
"36","LACM397",NA,273,"sonorae","AllRAD"
"37","LACM534",NA,92.3,"sonorae","AllRAD"
"38","LACM929",NA,111,"exsanguis","AllRAD"
"39","LACMTC305",NA,NA,"velox","AllRAD"
"40","LACMTC394",NA,NA,"sonorae","AllRAD"
"41","LACMTC396",NA,NA,"sonorae","AllRAD"
"42","LACMTC565",NA,NA,"velox","AllRAD"
"43","LACMTC566",NA,NA,"velox","AllRAD"
"44","LACMTC567",NA,NA,"sonorae","AllRAD"
"45","LACMTC582",NA,NA,"exsanguis","AllRAD"
"46","LACMTC815",NA,NA,"exsanguis","AllRAD"
"47","LSUH-18938",NA,NA,"sexlineatus","AllRAD"
"48","LSUH21201",NA,NA,"sexlineatus","AllRAD"
"49","MSB74831",NA,NA,"marmoratus","AllRAD"
"50","MSB96644",NA,NA,"gularis","AllRAD"
"51","MSB98711",NA,NA,"exsanguis","AllRAD"
"52","MSB98728",NA,NA,"velox","AllRAD"
"53","MSB98729",NA,NA,"exsanguis","AllRAD"
"54","MSB98731",NA,NA,"exsanguis","AllRAD"
"55","MSB98740",NA,NA,"exsanguis","AllRAD"
"56","MSB98744",NA,NA,"velox","AllRAD"
"57","MSB98748",NA,NA,"tesselatus","AllRAD"
"58","MSB98749",NA,NA,"tesselatus","AllRAD"
"59","MSB98794",NA,NA,"velox","AllRAD"
"60","MSB98848",NA,NA,"exsanguis","AllRAD"
"61","MVZ252643",NA,NA,"arizonae","AllRAD"
"62","MVZ252645",NA,NA,"arizonae","AllRAD"
"63","MVZ252646",NA,NA,"arizonae","AllRAD"
"64","MVZ264331",NA,NA,"motaguae","AllRAD"
"65","MVZ265501",NA,NA,"motaguae","AllRAD"
"66","MVZ269735",NA,NA,"tesselatus","AllRAD"
"67","OCG6220",NA,28.2,"arizonae","AllRAD"
"68","OCGR12740",NA,NA,"sexlineatus","AllRAD"
"69","OCGR4942",NA,18.9,"marmoratus","AllRAD"
"70","OCGR4943",NA,21.3,"gularis","AllRAD"
"71","OCGR4952",NA,NA,"sexlineatus","AllRAD"
"72","OCGR6219",NA,52.2,"arizonae","AllRAD"
"73","OCGR6228",NA,NA,"arizonae","AllRAD"
"74","OCGR6229",NA,88.7,"arizonae","AllRAD"
"75","OCGR6230",NA,42.5,"arizonae","AllRAD"
"76","OCGR6243",NA,22.4,"burti","AllRAD"
"77","OCGR7048",NA,353,"sexlineatus","AllRAD"
"78","OCGR7510",NA,55,"velox","AllRAD"
"79","OCGR8439",NA,NA,"burti","AllRAD"
"80","OCGR8466",NA,NA,"exsanguis","AllRAD"
"81","OCGR8511",NA,85.6,"sonorae","AllRAD"
"82","OCGR8512",NA,18.4,"sonorae","AllRAD"
"83","OCGR8518",NA,93.3,"sonorae","AllRAD"
"84","OCGR8560",NA,NA,"velox","AllRAD"
"85","OCGR8564",NA,NA,"velox","AllRAD"
"86","AMNH102012",NA,NA,"velox","AMNH"
"87","AMNH104629",NA,NA,"sexlineatus","AMNH"
"88","AMNH104672",NA,NA,"neomexicanus","AMNH"
"89","AMNH104673",NA,NA,"neomexicanus","AMNH"
"90","AMNH104680",NA,NA,"neomexicanus","AMNH"
"91","AMNH104682",NA,NA,"neomexicanus","AMNH"
"92","AMNH109691",NA,NA,"neomexicanus","AMNH"
"93","AMNH111468",NA,NA,"sonorae","AMNH"
"94","AMNH111470",NA,NA,"sonorae","AMNH"
"95","AMNH111471",NA,NA,"sonorae","AMNH"
"96","AMNH111481",NA,NA,"sonorae","AMNH"
"97","AMNH111498",NA,NA,"sonorae","AMNH"
"98","AMNH111500",NA,NA,"sonorae","AMNH"
"99","AMNH111503",NA,NA,"sonorae","AMNH"
"100","AMNH111519",NA,NA,"sonorae","AMNH"
"101","AMNH111524",NA,NA,"sonorae","AMNH"
"102","AMNH111527",NA,NA,"sonorae","AMNH"
"103","AMNH111537",NA,NA,"sonorae","AMNH"
"104","AMNH111545",NA,NA,"sonorae","AMNH"
"105","AMNH111572",NA,NA,"sonorae","AMNH"
"106","AMNH111650",NA,NA,"sonorae","AMNH"
"107","AMNH111670",NA,NA,"sonorae","AMNH"
"108","AMNH111683",NA,NA,"sonorae","AMNH"
"109","AMNH111692",NA,NA,"exsanguis","AMNH"
"110","AMNH112014",NA,NA,"sonorae","AMNH"
"111","AMNH112085",NA,NA,"exsanguis","AMNH"
"112","AMNH112103",NA,NA,"exsanguis","AMNH"
"113","AMNH112661",NA,NA,"arizonae","AMNH"
"114","AMNH112675",NA,NA,"neotesselatus","AMNH"
"115","AMNH113489",NA,NA,"exsanguis","AMNH"
"116","AMNH113500",NA,NA,"exsanguis","AMNH"
"117","AMNH113504",NA,NA,"exsanguis","AMNH"
"118","AMNH113517",NA,NA,"exsanguis","AMNH"
"119","AMNH113520",NA,NA,"exsanguis","AMNH"
"120","AMNH113792",NA,NA,"exsanguis","AMNH"
"121","AMNH113798",NA,NA,"exsanguis","AMNH"
"122","AMNH113803",NA,NA,"exsanguis","AMNH"
"123","AMNH113810",NA,NA,"exsanguis","AMNH"
"124","AMNH113814",NA,NA,"exsanguis","AMNH"
"125","AMNH113816",NA,NA,"velox","AMNH"
"126","AMNH113819",NA,NA,"exsanguis","AMNH"
"127","AMNH113820",NA,NA,"exsanguis","AMNH"
"128","AMNH113854",NA,NA,"arizonae","AMNH"
"129","AMNH113870",NA,NA,"arizonae","AMNH"
"130","AMNH113871",NA,NA,"arizonae","AMNH"
"131","AMNH113884",NA,NA,"arizonae","AMNH"
"132","AMNH113886",NA,NA,"burti","AMNH"
"133","AMNH114406",NA,NA,"velox","AMNH"
"134","AMNH116530",NA,NA,"velox","AMNH"
"135","AMNH116536",NA,NA,"laredoensis","AMNH"
"136","AMNH165989",NA,NA,"exsanguis","AMNH"
"137","AMNHR131446",NA,NA,"sonorae","AMNH"
"138","ANMO4643",NA,NA,"tesselatus","ANMO_2021"
"139","ANMO4906",NA,NA,"gularis","ANMO_2021"
"140","ANMO4923",NA,NA,"arizonae","ANMO_2021"
"141","ANMO4936",NA,NA,"marmoratus","ANMO_2021"
"142","ANMO4937",NA,NA,"marmoratus","ANMO_2021"
"143","ANMO4943",NA,106,"marmoratus","ANMO_2021"
"144","ANMO4944",NA,49,"marmoratus","ANMO_2021"
"145","ANMO4945",NA,NA,"marmoratus","ANMO_2021"
"146","ANMO4948",NA,228,"arizonae","ANMO_2021"
"147","AMNO4920",NA,NA,"arizonae","ANMO1"
"148","AMNO4921",NA,NA,"arizonae","ANMO1"
"149","AMNO4922",NA,NA,"arizonae","ANMO1"
"150","AMNO4925",NA,NA,"marmoratus","ANMO1"
"151","AMNO4926",NA,NA,"marmoratus","ANMO1"
"152","AMNO4927",NA,NA,"marmoratus","ANMO1"
"153","AMNO4938",NA,NA,"marmoratus","ANMO1"
"154","AMNO4939",NA,NA,"marmoratus","ANMO1"
"155","AMNO4940",NA,NA,"marmoratus","ANMO1"
"156","AMNO4942",NA,NA,"marmoratus","ANMO1"
"157","ANMO1011",NA,NA,"deppii","ANMO2"
"158","ANMO2203",NA,NA,"deppii","ANMO2"
"159","ANMO2490",NA,104.19,"deppii","ANMO2"
"160","ANMO2502",NA,99.2,"deppii","ANMO2"
"161","ANMO2509",NA,99.8,"deppii","ANMO2"
"162","ANMO2510",NA,99.9,"deppii","ANMO2"
"163","ANMO2547",NA,108.1,"deppii","ANMO2"
"164","ANMO2574",NA,99.11,"deppii","ANMO2"
"165","ANMO2580",NA,104.6,"deppii","ANMO2"
"166","ANMO2599",NA,105.4,"deppii","ANMO2"
"167","ANMO2601",NA,105.5,"deppii","ANMO2"
"168","ANMO2808",NA,105.18,"deppii","ANMO2"
"169","ANMO2814",NA,47.5,"deppii","ANMO2"
"170","ANMO2823",NA,NA,"deppii","ANMO2"
"171","ANMO2857",NA,NA,"deppii","ANMO2"
"172","ANMO2904",NA,419,"deppii","ANMO2"
"173","ANMO2967",NA,NA,"deppii","ANMO2"
"174","ANMO3138",NA,98.14,"deppii","ANMO2"
"175","ANMO3149",NA,NA,"deppii","ANMO2"
"176","ANMO3353",NA,NA,"deppii","ANMO2"
"177","ANMO3457",NA,96.8,"deppii","ANMO2"
"178","ANMO3461",NA,NA,"guttatus","ANMO2"
"179","ANMO721",NA,35.9,"deppii","ANMO2"
"180","ANMO870",NA,174,"deppii","ANMO2"
"181","ANMO878",NA,NA,"deppii","ANMO2"
"182","ANMO886",NA,NA,"guttatus","ANMO2"
"183","ANMO887",NA,130,"guttatus","ANMO2"
"184","ANMO896",NA,NA,"guttatus","ANMO2"
"185","ANMO922",NA,59.5,"deppii","ANMO2"
"186","ANMO929",NA,NA,"deppii","ANMO2"
"187","ANMO934",NA,NA,"deppii","ANMO2"
"188","ANMO952",NA,320,"guttatus","ANMO2"
"189","EPR1221",NA,NA,"deppii","ANMO2"
"190","EPR1222",NA,130,"guttatus","ANMO2"
"191","EPR1356",NA,95.7,"deppii","ANMO2"
"192","IDF166",NA,NA,"deppii","ANMO2"
"193","IDF172",NA,84.9,"guttatus","ANMO2"
"194","IDF194",NA,NA,"guttatus","ANMO2"
"195","IDF199",NA,NA,"deppii","ANMO2"
"196","IDF58",NA,NA,"guttatus","ANMO2"
"197","JAC22134",NA,NA,"guttatus","ANMO2"
"198","JAC22198",NA,NA,"guttatus","ANMO2"
"199","LNG429",NA,NA,"deppii","ANMO2"
"200","MSM389",NA,NA,"deppii","ANMO2"
"201","MVZ204070",NA,NA,"deppii","ANMO2"
"202","UGOV1251",NA,NA,"guttatus","ANMO2"
"203","UGOV228",NA,NA,"guttatus","ANMO2"
"204","UGOV2668",NA,NA,"guttatus","ANMO2"
"205","UGOV845",NA,NA,"guttatus","ANMO2"
"206","UGOV967",NA,NA,"guttatus","ANMO2"
"207","UGOV968",NA,NA,"guttatus","ANMO2"
"208","UOGV1002",NA,NA,"deppii","ANMO2"
"209","UOGV1015",NA,700,"deppii","ANMO2"
"210","UOGV1019",NA,710,"deppii","ANMO2"
"211","UOGV1020",NA,NA,"guttatus","ANMO2"
"212","UOGV181",NA,NA,"deppii","ANMO2"
"213","UOGV229",NA,NA,"deppii","ANMO2"
"214","UOGV231",NA,23.6,"guttatus","ANMO2"
"215","UOGV780",NA,493,"guttatus","ANMO2"
"216","UOGV786",NA,NA,"guttatus","ANMO2"
"217","UOGV789",NA,416,"guttatus","ANMO2"
"218","UOGV846",NA,17.5,"guttatus","ANMO2"
"219","UOGV893a",NA,482,"deppii","ANMO2"
"220","UOGV917",NA,NA,"deppii","ANMO2"
"221","UOGV971",NA,NA,"guttatus","ANMO2"
"222","ANMO1014",NA,NA,"motaguae","ANMO3"
"223","ANMO1845","JCAM28.9",NA,"angusticeps","ANMO3"
"224","ANMO1846",NA,NA,"angusticeps","ANMO3"
"225","ANMO3769",NA,NA,"burti","ANMO3"
"226","ANMO3770","JCAM28.12",NA,"burti","ANMO3"
"227","ANMO4093","JCAM28.16",NA,"burti","ANMO3"
"228","ANMO4100",NA,26,"burti","ANMO3"
"229","ANMO4101","JCAM28.18",NA,"burti","ANMO3"
"230","ANMO4102",NA,NA,"burti","ANMO3"
"231","ANMO4103",NA,49.1,"burti","ANMO3"
"232","ANMO4104","JCAM28.19",NA,"burti","ANMO3"
"233","ANMO4105","JCAM28.20",NA,"burti","ANMO3"
"234","ANMO4109",NA,83.8,"burti","ANMO3"
"235","ANMO4110","JCAM30.1",NA,"burti","ANMO3"
"236","ANMO4118","JCAM30.2",NA,"burti","ANMO3"
"237","ANMO4155","JCAM30.3",NA,"burti","ANMO3"
"238","IDF160",NA,NA,"G","ANMO3"
"239","LACM119",NA,24,"G","ANMO3"
"240","LACM120",NA,50.7,"G","ANMO3"
"241","MC314",NA,NA,"motaguae","ANMO3"
"242","UGOV1302","JCAM50.9",NA,"burti","ANMO3"
"243","UOGV1104","JCAM28.5",NA,"motaguae","ANMO3"
"244","UOGV1321","JCAM89.7",NA,"burti","ANMO3"
"245","UOGV1322",NA,93.6,"burti","ANMO3"
"246","UOGV1647",NA,102,"G","ANMO3"
"247","UOGV861",NA,NA,"motaguae","ANMO3"
"248","UOGV894",NA,NA,"G","ANMO3"
"249","ANMO1498",NA,NA,"gularis","ANMO4"
"250","ANMO1502",NA,132,"gularis","ANMO4"
"251","ANMO1512",NA,NA,"gularis","ANMO4"
"252","ANMO4419",NA,NA,"guttatus","ANMO5"
"253","ANMO4541",NA,NA,"guttatus","ANMO5"
"254","ANMO4542",NA,NA,"guttatus","ANMO5"
"255","ANMO4575",NA,NA,"guttatus","ANMO5"
"256","ANMO4577",NA,NA,"guttatus","ANMO5"
"257","ANMO462",NA,NA,"guttatus","ANMO5"
"258","ANMO5170",NA,NA,"motaguae","Guatemala"
"259","ANMO5171",NA,NA,"motaguae","Guatemala"
"260","ANMO5176",NA,NA,"motaguae","Guatemala"
"261","ANMO5201",NA,NA,"angusticeps","Guatemala"
"262","ANMO5202",NA,NA,"angusticeps","Guatemala"
"263","ANMO5203",NA,NA,"angusticeps","Guatemala"
"264","ANMO5204",NA,NA,"angusticeps","Guatemala"
"265","ANMO5226",NA,NA,"angusticeps","Guatemala"
"266","ANMO5227",NA,NA,"angusticeps","Guatemala"
"267","ANMO5258",NA,NA,"motaguae","Guatemala"
"268","ANMO5267",NA,NA,"motaguae","Guatemala"
"269","ANMO5268",NA,NA,"motaguae","Guatemala"
"270","E125",NA,NA,"marmoratus","JEC"
"271","E38",NA,NA,"marmoratus","JEC"
"272","JEC9711",NA,NA,"gularis","JEC2"
"273","JEC9724",NA,NA,"laredoensis","JEC2"
"274","JEC9725",NA,NA,"gularis","JEC2"
"275","JEC9726",NA,NA,"gularis","JEC2"
"276","JEC9729",NA,NA,"gularis","JEC2"
"277","JEC9730",NA,NA,"laredoensis","JEC2"
"278","JEC9732",NA,NA,"laredoensis","JEC2"
"279","JEC9735",NA,NA,"laredoensis","JEC2"
"280","JEC9736",NA,NA,"laredoensis","JEC2"
"281","JEC9737",NA,NA,"gularis","JEC2"
"282","JEC9741",NA,NA,"gularis","JEC2"
"283","JEC9744",NA,NA,"laredoensis","JEC2"
"284","JEC9745",NA,NA,"laredoensis","JEC2"
"285","JEC9747",NA,NA,"laredoensis","JEC2"
"286","JEC9748",NA,NA,"laredoensis","JEC2"
"287","JEC9750",NA,NA,"laredoensis","JEC2"
"288","JEC9751",NA,NA,"laredoensis","JEC2"
"289","UADZ9714",NA,NA,"laredoensis","JEC2"
"290","LVL2021-01",NA,NA,"neotesselatus","LJL"
"291","LVL2021-02",NA,NA,"neotesselatus","LJL"
"292","LVL2021-03",NA,NA,"neotesselatus","LJL"
"293","LVL2021-04",NA,NA,"neotesselatus","LJL"
"294","LVL2021-05",NA,NA,"neotesselatus","LJL"
"295","LVL2021-06",NA,NA,"neotesselatus","LJL"
"296","LVL2021-08",NA,NA,"neotesselatus","LJL"
"297","LVL2021-09",NA,NA,"neotesselatus","LJL"
"298","LVL2021-10",NA,NA,"neotesselatus","LJL"
"299","LVL2021-11",NA,NA,"neotesselatus","LJL"
"300","LVL2021-12",NA,NA,"neotesselatus","LJL"
"301","LVL2021-13",NA,NA,"neotesselatus","LJL"
"302","LVL2021-14",NA,NA,"neotesselatus","LJL"
"303","LVL2021-15",NA,NA,"neotesselatus","LJL"
"304","LVL2021-16",NA,NA,"neotesselatus","LJL"
"305","LVL2021-17",NA,NA,"neotesselatus","LJL"
"306","RCT904",NA,NA,"sonorae","RCT"
"307","RCT905",NA,NA,"sonorae","RCT"
"308","RCT909",NA,NA,"sonorae","RCT"
"309","RCT914",NA,NA,"sonorae","RCT"
"310","RCT918",NA,NA,"velox","RCT"
"311","RCT922",NA,NA,"exsanguis","RCT"
"312","RCT924",NA,NA,"sonorae","RCT"
"313","RCT925",NA,NA,"marmoratus","RCT"
"314","RCT926",NA,NA,"marmoratus","RCT"
"315","RCT928",NA,NA,"tesselatus","RCT"
"316","RCT929",NA,NA,"arizonae","RCT"
"317","RCT931",NA,NA,"arizonae","RCT"
"318","RCT932",NA,NA,"arizonae","RCT"
"319","RCT939",NA,NA,"arizonae","RCT"
"320","RCT940",NA,NA,"arizonae","RCT"
"321","RCT948",NA,NA,"velox","RCT"
"322","RCT949",NA,NA,"velox","RCT"
"323","RCT954",NA,NA,"marmoratus","RCT"
"324","RCT957",NA,NA,"arizonae","RCT"
"325","RCT958",NA,NA,"arizonae","RCT"
"326","RCT960",NA,NA,"exsanguis","RCT"
"327","RCT961",NA,NA,"velox","RCT"
"328","RCT962",NA,NA,"velox","RCT"
"329","RCT964",NA,NA,"arizonae","RCT"
"330","RCT965",NA,NA,"arizonae","RCT"
"331","RCT966",NA,NA,"sonorae","RCT"
"332","RCT967",NA,NA,"sonorae","RCT"
"333","TWR1212",NA,NA,"velox","Reeder"
"334","TWR1213",NA,NA,"velox","Reeder"
"335","TWR1214",NA,NA,"velox","Reeder"
"336","TWR1215",NA,NA,"velox","Reeder"
"337","TWR1216",NA,NA,"velox","Reeder"
"338","TWR1219",NA,NA,"velox","Reeder"
"339","TWR1220",NA,NA,"velox","Reeder"
"340","TWR1234",NA,NA,"velox","Reeder"
"341","TWR1235",NA,NA,"velox","Reeder"
"342","TWR1236",NA,NA,"velox","Reeder"
"343","BKS1263",NA,NA,"arizonae","Sullivan"
"344","BKS1324",NA,NA,"arizonae","Sullivan"
"345","BKS1388",NA,NA,"arizonae","Sullivan"
"346","BKS1412",NA,NA,"arizonae","Sullivan"
"347","BKS1419",NA,NA,"velox","Sullivan"
"348","BKS1700",NA,NA,"velox","Sullivan"
"349","BKS1701",NA,NA,"velox","Sullivan"
"350","BKS1851",NA,NA,"burti","Sullivan"
"351","BKS1852",NA,NA,"burti","Sullivan"
"352","BKS1881",NA,NA,"arizonae","Sullivan"
"353","BKS2005",NA,NA,"tesselatus","Sullivan"
"354","BSK1893",NA,NA,"arizonae","Sullivan"
"355","AEH004",NA,NA,"angusticeps","UAEH"
"356","AER008",NA,NA,"angusticeps","UAEH"
"357","AER010",NA,NA,"angusticeps","UAEH"
"358","AER012",NA,NA,"angusticeps","UAEH"
"359","AER017",NA,NA,"angusticeps","UAEH"
"360","AER019",NA,NA,"cozumelus","UAEH"
"361","AER022",NA,NA,"angusticeps","UAEH"
"362","AER030",NA,NA,"angusticeps","UAEH"
"363","AER037",NA,NA,"cozumelus","UAEH"
"364","AER042",NA,NA,"angusticeps","UAEH"
"365","AER043",NA,NA,"angusticeps","UAEH"
"366","CY3",NA,NA,"cozumelus","UAEH"
"367","CY6",NA,NA,"cozumelus","UAEH"
"368","CY7",NA,NA,"cozumelus","UAEH"
"369","CY8",NA,76,"cozumelus","UAEH"
"370","LDOR057",NA,NA,"angusticeps","UAEH"
"371","NLMM017",NA,70,"cozumelus","UAEH"
"372","NLMM020",NA,NA,"cozumelus","UAEH"
"373","NLMM021",NA,NA,"cozumelus","UAEH"
"374","NLMM025",NA,NA,"cozumelus","UAEH"
"375","NLMM025",NA,NA,"cozumelus","UAEH"
"376","NLMM026",NA,NA,"cozumelus","UAEH"
"377","NLMM027",NA,NA,"cozumelus","UAEH"
"378","NLMM035",NA,NA,"cozumelus","UAEH"
"379","NLMM046",NA,NA,"cozumelus","UAEH"
"380","NLMM048",NA,NA,"cozumelus","UAEH"
"381","NLMM051",NA,NA,"cozumelus","UAEH"
"382","NLMM055",NA,NA,"cozumelus","UAEH"
"383","NLMM057",NA,NA,"cozumelus","UAEH"
"384","NLMM057",NA,NA,"cozumelus","UAEH"
"385","NLMM070",NA,NA,"cozumelus","UAEH"
"386","NLMM073",NA,NA,"cozumelus","UAEH"
"387","NLMM096",NA,NA,"cozumelus","UAEH"
"388","NLMM100",NA,NA,"cozumelus","UAEH"
"389","NLMM102",NA,NA,"cozumelus","UAEH"
"390","NLMM105",NA,NA,"cozumelus","UAEH"
"391","NLMM106",NA,NA,"cozumelus","UAEH"
"392","NLMM107",NA,NA,"cozumelus","UAEH"
"393","NLMM108",NA,NA,"cozumelus","UAEH"
"394","NLMM111",NA,NA,"cozumelus","UAEH"
"395","NLMM113",NA,NA,"cozumelus","UAEH"
"396","NLMM116",NA,NA,"cozumelus","UAEH"
"397","NLMM122",NA,NA,"cozumelus","UAEH"
"398","NLMM122",NA,NA,"cozumelus","UAEH"
"399","NLMM123",NA,NA,"cozumelus","UAEH"
"400","NLMM124",NA,NA,"cozumelus","UAEH"
"401","NLMM191",NA,NA,"cozumelus","UAEH"
"402","NLMM380",NA,NA,"angusticeps","UAEH"
"403","NLMM384",NA,NA,"angusticeps","UAEH"
"404","NLMM391",NA,NA,"angusticeps","UAEH"
"405","NLMM480",NA,NA,"angusticeps","UAEH"
"406","NLMM481",NA,NA,"cozumelus","UAEH"
"407","NLMM482",NA,90,"cozumelus","UAEH"
"408","SFDG114",NA,NA,"angusticeps","UAEH"
"409","SFDG120",NA,NA,"angusticeps","UAEH"
"410","SFDG121",NA,NA,"angusticeps","UAEH"
"411","SFDG162",NA,NA,"angusticeps","UAEH"
"412","SFDG164",NA,NA,"angusticeps","UAEH"
"413","SFDG167",NA,NA,"angusticeps","UAEH"
"414","SFDG179",NA,NA,"angusticeps","UAEH"
"415","SFDG362",NA,NA,"angusticeps","UAEH"
"416","UTEP17662",NA,NA,"velox","UTEP"
"417","UTEP18334",NA,NA,"arizonae","UTEP"
"418","UTEP18336",NA,NA,"velox","UTEP"
"419","UTEP19148",NA,NA,"arizonae","UTEP"
"420","UTEP19189",NA,NA,"exsanguis","UTEP"
"421","UTEP19841",NA,NA,"velox","UTEP"
"422","UTEP19949",NA,NA,"sexlineatus","UTEP"
"423","UTEP19952",NA,NA,"sexlineatus","UTEP"
"424","UTEP20320",NA,NA,"exsanguis","UTEP"
"425","UTEP20329",NA,NA,"gularis","UTEP"
"426","UTEP20688",NA,NA,"gularis","UTEP"
"427","UTEP20720",NA,NA,"velox","UTEP"
"428","UTEP20726",NA,NA,"gularis","UTEP"
"429","UTEP20928",NA,NA,"sexlineatus","UTEP"
"430","UTEP20964",NA,NA,"gularis","UTEP"
"431","UTEP21089",NA,NA,"arizonae","UTEP"
"432","UTEP21140",NA,NA,"gularis","UTEP"
"433","UTEP21143",NA,NA,"arizonae","UTEP"
"434","UTEP21547",NA,NA,"exsanguis","UTEP"
"435","UTEP21551",NA,NA,"velox","UTEP"
"436","UTEP21677",NA,NA,"neomexicanus","UTEP"
"437","UTEP21736",NA,NA,"sexlineatus","UTEP"
