"","BKS #","DATE","COL","SPECIES","LOCALITY"
"1",1168,"36659","BKS","C. arizonae","AZ: Cochise Co., Blue Sky Rd, N of SR 186, SE Willcox"
"2",1169,"36659","BKS","G. wislizenii","AZ: Cochise Co., Blue Sky Rd, N of SR 186, SE Willcox"
"3",1170,"36659","BKS","G. wislizenii","AZ: Cochise Co., Blue Sky Rd, N of SR 186, SE Willcox"
"4",1171,"36659","BKS","P. cornutum","AZ: Cochise Co., Blue Sky Rd, N of SR 186, SE Willcox"
"5",1172,"36690","BKS","C. arizonae","AZ: Cochise Co., Twin Lakes"
"6",1173,"36690","BKS","C. arizonae","AZ: Cochise Co., Twin Lakes"
"7",1174,"36690","BKS","C. arizonae","AZ: Cochise Co., Ex. 336, immediately N of I-10"
"8",1175,"36690","BKS","C. uniparens","AZ: Cochise Co., SR 186 at Fort Bowie Rd."
"9",1176,"36691","BKS","C. arizonae","AZ: Cochise Co., SR 186, 3.8 mi SE Willcox"
"10",1177,"36691","BKS","C. uniparens","AZ: Cochise Co., Moser Rd at Kan. Sett. Rd."
"11",1178,"36696","BKS","C. uniparens","AZ: Cochise Co., San Pedro River at Charleston"
"12",1179,"36696","BKS","C. uniparens","AZ: Cochise Co., San Pedro River at Fairbank"
"13",1180,"1-2 JUL 00","BKS","B. microscaphus","AZ: Yavapai Co., Sundog Ranch Rd along Granite Creek, N Prescott"
"14",1181,"1-2 JUL 00","BKS","B. microscaphus","AZ: Yavapai Co., Sundog Ranch Rd along Granite Creek, N Prescott"
"15",1182,"1-2 JUL 00","BKS","B. microscaphus","AZ: Yavapai Co., Sundog Ranch Rd along Granite Creek, N Prescott"
"16",1183,"1-2 JUL 00","BKS","B. microscaphus","AZ: Yavapai Co., Sundog Ranch Rd along Granite Creek, N Prescott"
"17",1184,"1-2 JUL 00","BKS","B. microscaphus","AZ: Yavapai Co., Sundog Ranch Rd along Granite Creek, N Prescott"
"18",1185,"1-2 JUL 00","BKS","B. microscaphus","AZ: Yavapai Co., Sundog Ranch Rd along Granite Creek, N Prescott"
"19",1186,"1-2 JUL 00","BKS","B. microscaphus","AZ: Yavapai Co., Sundog Ranch Rd along Granite Creek, N Prescott"
"20",1187,"1-2 JUL 00","BKS","B. microscaphus","AZ: Yavapai Co., Sundog Ranch Rd along Granite Creek, N Prescott"
"21",1188,"1-2 JUL 00","BKS","C. uniparens","AZ: Yavapai Co., Sundog Ranch Rd along Granite Creek, N Prescott"
"22",1189,"1-2 JUL 00","BKS","C. uniparens","AZ: Yavapai Co., Sundog Ranch Rd along Granite Creek, N Prescott"
"23",1190,"1-2 JUL 00","BKS","C. velox","AZ: Yavapai Co., Sundog Ranch Rd along Granite Creek, N Prescott"
"24",1191,"36709","BKS","C. velox","AZ: Yavapai Co., Sundog Ranch Rd along Granite Creek, N Prescott"
"25",1192,"36707","PSH","Hybrid? (C. spp)","AZ: Cochise Co., Railroad Rd, 3 mi W Willcox [poss. C. arizonae X C. uniparens]"
"26",1193,"36707","PSH","Hybrid? (C. spp)","AZ: Cochise Co., Kansas Sett. Rd, 10 mi so SR 186? [poss. C. arizonae X C. uniparens]"
"27",1194,"36707","PSH","Hybrid? (C. spp)","AZ: Cochise Co., Kansas Sett. Rd, 10 mi so SR 186? [poss. C. arizonae X C. uniparens]"
"28",1195,"36716","MAF","S. obesus","AZ: Maricopa Co., A mtn, Tempe Campus"
"29",1196,"36725","BKS","C. arizonae","AZ: Cochise Co., Twin Lakes, 2 mi SW Willcox"
"30",1197,"36725","BKS","C. arizonae","AZ: Cochise Co., Twin Lakes, 2 mi SW Willcox"
"31",1198,"36725","BKS","C. arizonae","AZ: Cochise Co., Twin Lakes, 2 mi SW Willcox"
"32",1199,"36725","BKS","C. arizonae","AZ: Cochise Co., Twin Lakes, 2 mi SW Willcox"
"33",1200,"36724","BKS","C. arizonae","AZ: Graham Co., Ft. Grant Rd, 23 mi N Willcox"
"34",1201,"36724","BKS","C. arizonae","AZ: Graham Co., Ft. Grant Rd, 23 mi N Willcox"
"35",1202,"36724","BKS","C. arizonae","AZ: Graham Co., Ft. Grant Rd, 23 mi N Willcox"
"36",1203,"36725","BKS","C. uniparens","AZ: Graham Co., Ash Cr. Rd, 1.2 mi W intersection with Ft. Gr. Rd"
"37",1204,"36725","BKS","C. uniparens","AZ: Graham Co., Ash Cr. Rd, 1.2 mi W intersection with Ft. Gr. Rd"
"38",1205,"36725","BKS","C. uniparens","AZ: Graham Co., Ash Cr. Rd, 1.2 mi W intersection with Ft. Gr. Rd"
"39",1206,"36725","BKS","C. uniparens","AZ: Graham Co., Ash Cr. Rd, 1.2 mi W intersection with Ft. Gr. Rd"
"40",1207,"36725","BKS","C. uniparens","AZ: Graham Co., Ash Cr. Rd, 1.2 mi W intersection with Ft. Gr. Rd"
"41",1208,"36725","BKS","C. uniparens","AZ: Cochise Co., Willcox (Days Inn, ex. 340)"
"42",1209,"36726","BKS","C. uniparens","AZ: Cochise Co., SR 191 at Cochise"
"43",1210,"36726","BKS","C. uniparens","AZ: Cochise Co., SR 191 at Apache Gen. Station"
"44",1211,"36773","MAF","B. woodhousii","NM: Dona Ana Co., Engle Rd, Las Cruces"
"45",1212,"36778","BKS","S. obesus","AZ: Maricopa Co., So Mtns"
"46",1213,"36778","BKS","S. obesus","AZ: Maricopa Co., So Mtns"
"47",1214,"36778","BKS","S. obesus","AZ: Maricopa Co., So Mtns"
"48",1215,"36778","BKS","S. obesus","AZ: Maricopa Co., So Mtns"
"49",1216,"36778","BKS","S. obesus","AZ: Maricopa Co., So Mtns"
"50",1217,"36778","BKS","S. obesus","AZ: Maricopa Co., So Mtns"
"51",1218,"36778","BKS","S. obesus","AZ: Maricopa Co., So Mtns"
"52",1219,"44986","CLeary","B. americanus","OK: Cleveland Co., Slaughterhouse Rd at Cleveland and Pottawatome Co. line"
"53",1220,"44986","CLeary","B. americanus","OK: Cleveland Co., Slaughterhouse Rd at Cleveland and Pottawatome Co. line"
"54",1221,"44986","CLeary","B. americanus","OK: Cleveland Co., Slaughterhouse Rd at Cleveland and Pottawatome Co. line"
"55",1222,"37432","BKS","C. arizonae","AZ: Cochise Co., Twin Lakes (610547, 3566454)"
"56",1223,"37432","BKS","Hybrid? (C. sp)","AZ: Cochise Co., Moser Rd (617596, 3557791)[poss. C. arizonae X C. uniparens]"
"57",1224,"37432","BKS","Hybrid? (C. sp)","AZ: Cochise Co., Moser Rd (617596, 3557791)[poss. C. arizonae X C. uniparens]"
"58",1225,"37432","BKS","C. uniparens","AZ: Cochise Co., Moser Rd (617596, 3557791)[poss. C. arizonae X C. uniparens]"
"59",1226,"37433","BKS","C. uniparens","AZ: Cochise Co., SR 191 at Kan. Sett. Rd (615461, 3530349)"
"60",1227,"37433","BKS","C. uniparens","AZ: Cochise Co., SR 191 at Kan. Sett. Rd (615461, 3530349)"
"61",1228,"37434","BKS","C. arizonae","AZ: Cochise Co., 0.5 mi N ex 340 of I-10, N of Stout’s (609115, 3572144)"
"62",1229,"37434","BKS","C. arizonae","AZ: Cochise Co., 0.5 mi N ex 340 of I-10, N of Stout’s (609115, 3572144)"
"63",1230,"37434","BKS","C. uniparens","AZ: Cochise Co., 0.5 mi N ex 340 of I-10, N of Stout’s (609115, 3572144)"
"64",1231,"37499","BKS","C. uniparens","NM: Hidalgo Co., SR 70 about 15 mi NW Lordsberg (698159, 3600437)"
"65",1232,"37499","BKS","C. uniparens","NM: Hidalgo Co., SR 70 about 15 mi NW Lordsberg (698159, 3600437)"
"66",1233,"37500","BKS","C. uniparens","AZ: Graham Co., Ft. Grant Rd, 2 mi S Bonita (596431, 3600142)"
"67",1234,"37750","BKS","C. uniparens","NM: Hidalgo Co., SR 338, 6 mi S I-10 (700049, 3563093)"
"68",1235,"37750","BKS","C. uniparens","NM: Hidalgo Co., SR 338, 3 mi S I-10 (700035, 3567138)"
"69",1236,"37751","BKS","C. uniparens","NM: Hidalgo Co., SR 80, S SR 9 (685820, 3532299)"
"70",1237,"37751","BKS","C. uniparens","AZ: Cochise Co., SR 191, S McNeil (630466, 3483931)"
"71",1238,"37751","BKS","C. uniparens","AZ: Cochise Co., SR 80 at Rucker Cyn Rd (667105, 3496668)"
"72",1239,"37751","BKS","C. uniparens","AZ: Cochise Co., SR 80 at Price Cyn Rd (671199, 3500960)"
"73",1240,"37751","BKS","C. uniparens","AZ: Cochise Co., SR 80 at Price Cyn Rd (671199, 3500960)"
"74",1241,"37752","BKS","hybrid? (C. sp)","AZ: Cochise Co., Airport NW of Willcox (604809, 3567878) [poss. C. arizonae X C. uniparens]"
"75",1242,"37752","BKS","C. uniparens","AZ: Cochise Co., Airport NW of Willcox (604809, 3567878) [poss. C. arizonae X C. uniparens]"
"76",1243,"37752","BKS","C. uniparens","AZ: Cochise Co., Ex. 340, I-10, 0.5 mi N Stout’s (609115, 3571316)"
"77",1244,"37752","BKS","C. uniparens","AZ: Cochise Co., Ex. 340, I-10, 0.5 mi N Stout’s (609115, 3571316)"
"78",1245,"37752","BKS","C. uniparens","AZ: Cochise Co., Moser Rd (617596, 3557791)"
"79",1246,"37752","BKS","hybrid? (C. sp)","AZ: Cochise Co., Moser Rd (617596, 3557791)[poss. C. arizonae X C. uniparens]"
"80",1247,"37752","BKS","C. uniparens","AZ: Cochise Co., Moser Rd (617596, 3557791)[poss. C. arizonae X C. uniparens]"
"81",1248,"37765","BKS","C. arizonae","AZ: Cochise Co., Twin Windmills, S ex. 336 on I-10 (606032, 3564493)"
"82",1249,"37751","BKS","T. nigriceps","AZ: Cochise Co., N ex. 336 on I-10"
"83",1250,"37765","BKS","hybrid? (C. sp)","AZ: Cochise Co., Moser Rd (617596, 3557791)[poss. C. arizonae X C. uniparens]"
"84",1251,"37765","BKS","C. arizonae","AZ: Cochise Co., Moser Rd (617596, 3557791)"
"85",1252,"37765","BKS","C. uniparens","AZ: Cochise Co., Moser Rd (617596, 3557791)"
"86",1253,"37765","BKS","C. arizonae","AZ: Cochise Co., Ash Creek Rd (593681, 3593729)"
"87",1254,"37765","BKS","C. uniparens","AZ: Cochise Co., Ash Creek Rd (593681, 3593729)"
"88",1255,"37765","BKS","C. arizonae","AZ: Graham Co., Ft. Grant Rd, 23 mi N Willcox (596466, 3597736)"
"89",1256,"37765","BKS","C. arizonae","AZ: Graham Co., Ft. Grant Rd, 23 mi N Willcox (596466, 3597736)"
"90",1257,"37765","BKS","C. exsanguis?","AZ: Graham Co., Ft. Grant Rd, 23 mi N Willcox (596466, 3597736)"
"91",1258,"37766","BKS","hybrid? (C. sp)","AZ: Graham Co., 1.2 mi W Bonita (595206, 3607484) [poss. C. arizonae X C. uniparens]"
"92",1259,"37766","BKS","C. uniparens","AZ: Graham Co., 1.2 mi W Bonita (595206, 3607484) [poss. C. arizonae X C. uniparens]"
"93",1260,"37766","BKS","hybrid? (C. sp)","AZ: Graham Co., 1.2 mi W Bonita (595206, 3607484) [poss. C. arizonae X C. uniparens]"
"94",1261,"37766","BKS","C. arizonae","AZ: Graham Co., 3.5 mi S Bonita (595953, 3600345)"
"95",1262,"37766","BKS","C. exsanguis?","AZ: Graham Co., 3.5 mi S Bonita (595953, 3600345)"
"96",1263,"37762","PSH","C. arizonae","AZ: Cochise Co., Twin Lakes, 2 mi SW Willcox"
"97",1264,"37762","PSH","C. arizonae","AZ: Cochise Co., Twin Lakes, 2 mi SW Willcox"
"98",1265,"37762","PSH","C. arizonae","AZ: Cochise Co., Twin Lakes, 2 mi SW Willcox"
"99",1266,"37762","PSH","C. arizonae","AZ: Cochise Co., Twin Lakes, 2 mi SW Willcox"
"100",1267,"37762","PSH","C. arizonae","AZ: Cochise Co., Twin Lakes, 2 mi SW Willcox"
"101",1267,"37762","PSH","C. arizonae","AZ: Cochise Co., Twin Lakes, 2 mi SW Willcox"
"102",1268,"37762","PSH","C. arizonae","AZ: Cochise Co., Twin Lakes, 2 mi SW Willcox"
"103",1269,"37786","BKS","C. uniparens","AZ: Graham Co., High Crk. Rd, east (590114, 3604199)"
"104",1270,"37786","BKS","C. uniparens","AZ: Graham Co., High Crk. Rd, east (590114, 3604199)"
"105",1271,"37786","BKS","C. uniparens","AZ: Graham Co., High Crk. Rd, east (590114, 3604199)"
"106",1272,"37786","BKS","C. uniparens","AZ: Graham Co., High Crk. Rd, west (584312, 3602417)"
"107",1273,"37786","BKS","C. uniparens","AZ: Graham Co., High Crk. Rd, west (584312, 3602417)"
"108",1274,"37786","BKS","C. uniparens","AZ: Graham Co., Wells Rd (585197, 3599891)"
"109",1275,"37786","BKS","C. uniparens","AZ: Graham Co., Wells Rd (585197, 3599891)"
"110",1276,"37787","BKS","C. tigris","AZ: Cochise Co., Fan Rd (645755, 3582169)"
"111",1277,"37787","BKS","C. tigris","AZ: Cochise Co., Fan Rd (645755, 3582169)"
"112",1278,"37787","BKS","C. uniparens","NM: Hidalgo Co., Gary, I-10 (704680, 3577787)"
"113",1279,"37787","BKS","C. tigris","NM: Hidalgo Co., SR 464  (713967, 3591239)"
"114",1280,"37787","BKS","C. tigris","NM: Hidalgo Co., SR 464  (713967, 3591239)"
"115",1281,"37787","BKS","C. tigris","NM: Hidalgo Co., SR 464  (713967, 3591239)"
"116",1282,"37787","BKS","C. tigris","NM: Hidalgo Co., SR 464  (713967, 3591239)"
"117",1283,"37787","BKS","C. uniparens","NM: Grant Co., ex 42 on I-10 (743637, 3567046)"
"118",1284,"37787","BKS","C. uniparens","NM: Grant Co., SR 146 (753249, 3558469)"
"119",1285,"37788","BKS","C. uniparens","AZ: Cochise Co., County Rd east (599241, 3588095)"
"120",1286,"37788","BKS","C. uniparens","AZ: Cochise Co., County Rd east (599241, 3588095)"
"121",1287,"37788","BKS","C. uniparens","AZ: Cochise Co., County Rd west (595296, 3588058)"
"122",1288,"37788","BKS","C. uniparens","AZ: Cochise Co., County Rd west (595296, 3588058)"
"123",1289,"45080","PSH","C. uniparens","NM: Grant Co., Hachita"
"124",1290,"37788","BKS","C. uniparens","AZ: Graham Co., Ash Crk Rd West (591540, 3595647)"
"125",1291,"37788","BKS","C. arizonae","AZ: Cochise Co., Twin Windmills, S ex. 336 on I-10 (606032, 3564493)"
"126",1292,"37808","BKS","C. uniparens","AZ: Cochise Co., W side Willcox Playa (603202, 3556329)"
"127",1293,"37808","BKS","C. uniparens","AZ: Cochise Co., SR 186 6 mi S Willcox (616443, 3563040)"
"128",1294,"37808","BKS","C. uniparens","AZ: Cochise Co., SR 186 6 mi S Willcox (616443, 3563040)"
"129",1295,"37808","BKS","C. uniparens","AZ: Cochise Co., SR 186 6 mi S Willcox (616443, 3563040)"
"130",1296,"37808","BKS","C. arizonae","AZ: Cochise Co., Twin Windmills, S ex. 336 on I-10 (606032, 3564493)"
"131",1297,"37808","BKS","C. arizonae","AZ: Cochise Co., Twin Windmills, S ex. 336 on I-10 (606032, 3564493)"
"132",1298,"37808","BKS","C. arizonae","AZ: Cochise Co., N ex 336 on I-10 (605225, 3565092)"
"133",1299,"37808","BKS","C. arizonae","AZ: Cochise Co., N ex 336 on I-10 (605225, 3565092)"
"134",1300,"37809","BKS","Aspidosce.  uniparens","AZ: Cochise Co., Birch Rd (614629, 3538446)"
"135",1301,"37809","BKS","Aspidosce.  uniparens","AZ: Cochise Co., Birch Rd (614629, 3538446)"
"136",1302,"37809","BKS","Aspidosce.  uniparens","AZ: Cochise Co., Baker Rd (613704, 3546468)"
"137",1303,"37809","BKS","A. arizonae","AZ: Cochise Co., Railroad Rd West (607565, 3564043)"
"138",1304,"37809","BKS","A. arizonae","AZ: Cochise Co., Railroad Rd West (607565, 3564043)"
"139",1305,"37809","BKS","A. tigris","AZ: Cochise Co., SR 82, 1.o mi W jct with SR 80 (584123, 3512681)"
"140",1306,"37809","BKS","A. uniparens","AZ: Cochise Co., Airport Rd, NW Willcox (600635, 3568809)"
"141",1307,"37809","BKS","A. uniparens","AZ: Cochise Co., Ex. 340, I-10, 0.5 mi N Stout’s (609115, 3571316)"
"142",1308,"37809","BKS","A. uniparens","AZ: Cochise Co., Ex. 340, I-10, 0.5 mi N Stout’s (609115, 3571316)"
"143",1309,"37821","BKS","A. uniparens","AZ: Yavapai Co., Indian Ruin Rd (358836, 3849805)"
"144",1310,"37821","BKS","A. flagellicauda","AZ: Yavapai Co., Indian Ruin Rd (358836, 3849805)"
"145",1311,"37821","BKS","A. velox?","AZ: Yavapai Co., Indian Ruin Rd (358836, 3849805)"
"146",1312,"37821","BKS","A. velox?","AZ: Yavapai Co., Indian Ruin Rd (358836, 3849805)"
"147",1313,"37821","BKS","A. flagellicauda","AZ: Yavapai Co., Indian Ruin Rd (358836, 3849805)"
"148",1314,"37822","BKS","A. flagellicauda","AZ: Yavapai Co., Indian Ruin Rd (358836, 3849805)"
"149",1315,"37822","BKS","A. flagellicauda","AZ: Yavapai Co., Indian Ruin Rd (358836, 3849805)"
"150",1316,"37822","BKS","A. uniparens","AZ: Yavapai Co., Chino Valley (379954, 3847554)"
"151",1317,"37826","BKS","A. flagellicauda","AZ: Yavapai Co., Black Mesa, Sunset Pt, I-17 (396006, 3783468)"
"152",1318,"37826","BKS","A. flagellicauda","AZ: Yavapai Co., Black Mesa, Sunset Pt, I-17 (396006, 3783468)"
"153",1319,"37826","BKS","A. tigris","AZ: Yavapai Co., Bloody Basin Rd, I-17 (397506, 3793664)"
"154",1320,"37826","BKS","A. tigris","AZ: Yavapai Co., Bloody Basin Rd, I-17 (397506, 3793664)"
"155",1321,"37826","BKS","A. tigris","AZ: Yavapai Co., Bloody Basin Rd, I-17 (397506, 3793664)"
"156",1322,"37826","BKS","A. tigris","AZ: Maricopa Co., New River Rd, I-17 (392268, 3751505)"
"157",1323,"37839","BKS","Aspidoscelis  pai","AZ: Coconino Co., Twin Arrows, I-40 (477590, 3889477)"
"158",1324,"37840","BKS","Aspidoscelis  pai","AZ: Coconino Co., Twin Arrows, I-40 (477590, 3889477)"
"159",1325,"37842","BKS","A. velox","AZ: Coconino Co., Wupatki (463604, 3919198)"
"160",1326,"37851","PSH","A. uniparens","NM: Grant Co., Hachita"
"161",1327,"37851","PSH","A. uniparens","NM: Grant Co., Hachita"
"162",1328,"37863","BKS","A. uniparens","AZ: Cochise Co., Moser Rd @ Kan Sett. Rd (617576, 3557780)"
"163",1329,"37864","BKS","Heterodon naiscus","AZ: Santa Cruz Co., 2 mi W Elgin (542288, 3502509)"
"164",1330,"37878","BKS","A. tigris","AZ: Maricopa Co., SR 87, S Sunflower (457203, 3747168)"
"165",1331,"37878","BKS","A. tigris","AZ: Maricopa Co., SR 87, S Sunflower (457203, 3747168)"
"166",1332,"37878","BKS","A. tigris","AZ: Maricopa Co., SR 87 at Four Peaks Rd (452991, 3726693)"
"167",1333,"38072","BKS","A. tigris","AZ: Maricopa Co., Sun Valley Parkway, 12 mi. east McMiken Dike (342887, 3723285)"
"168",1334,"38072","BKS","A. tigris","AZ: Maricopa Co., Sun Valley Parkway, 12 mi. east McMiken Dike (342887, 3723285)"
"169",1335,"38072","BKS","A. tigris","AZ: Maricopa Co., Sun Valley Parkway, 25 mi. east McMiken Dike (344372, 3705167)"
"170",1336,"38072","BKS","A. tigris","AZ: Maricopa Co., Sun Valley Parkway, 10 mi. east McMiken Dike (345060, 3725315)"
"171",1337,"38072","BKS","A. tigris","AZ: Maricopa Co., Sun Valley Parkway, 10 mi. east McMiken Dike (345060, 3725315)"
"172",1338,"38072","BKS","A. tigris","AZ: Maricopa Co., Sun Valley Parkway, 10 mi. east McMiken Dike (345060, 3725315)"
"173",1339,"38072","BKS","A. tigris","AZ: Maricopa Co., Sun Valley Parkway, 10 mi. east McMiken Dike (345060, 3725315)"
"174",1340,"38086","BKS","A. tigris","AZ: Pinal Co., Park Link Rd, east of I-10 about 4 mi (472435, 3608069)"
"175",1341,"38086","BKS","A. tigris","AZ: Pinal Co., Park Link Rd, east of I-10 about 4 mi (472435, 3608069)"
"176",1342,"38086","BKS","A. tigris","AZ: Pinal Co., Park Link Rd, east of I-10 about 11  mi (485185, 3610460)"
"177",1343,"38086","BKS","A. tigris","AZ: Pinal Co., Park Link Rd, east of I-10 about 11  mi (485185, 3610460)"
"178",1344,"38086","BKS","?","AZ: Pinal Co., SR 77, west of Oracle  (514651, 3608153)"
"179",1345,"38087","BKS","Mast. flagellum","AZ: Santa Cruz Co., Ruby Road, west of I-19 (496715, 3473235)"
"180",1346,"38087","BKS","Aspidoscelis tigris","AZ: Pima Co., Santa Rita Exp. Range, about 5 mi. east of I-19 (506600, 3520740)"
"181",1347,"38108","BKS","Aspidoscelis tigris","AZ: Maricopa Co., Phx (14425 north 9th street)"
"182",1348,"38115","BKS","A. uniparens","NM: Luna Co., I-10 at Gage (774749, 3568188)"
"183",1349,"38115","BKS","A. uniparens","NM: Luna Co., I-10 at Gage (774749, 3568188)"
"184",1350,"38115","BKS","A. marmorata","NM: Luna Co., I-10 at Gage (774749, 3568188)"
"185",1351,"38115","BKS","A. marmorata","NM: Luna Co., I-10 at Gage (774749, 3568188)"
"186",1352,"38115","BKS","A. marmorata","NM: Luna Co., I-10 at Gage (774749, 3568188)"
"187",1353,"38115","BKS","A. marmorata","NM: Luna Co., I-10 at Gage (774749, 3568188)"
"188",1354,"38115","BKS","A. marmorata","NM: Luna Co., I-10 at Gage (774749, 3568188)"
"189",1355,"38115","BKS","A. uniparens","NM: Grant Co., I-10 at HachitaExit (SR 70) (753774, 3562154)"
"190",1356,"38115","BKS","A. uniparens","NM: Grant Co., I-10 at HachitaExit (SR 70) (753774, 3562154)"
"191",1357,"38115","BKS","A. tigris","NM: Hidalgo Co., Pipeline south of Steins (689782, 3566599)"
"192",1358,"38115","BKS","A. tigris","NM: Hidalgo Co., Pipeline south of Steins (689782, 3566599)"
"193",1359,"38115","BKS","A. tigris","NM: Hidalgo Co., Pipeline south of Steins (689782, 3566599)"
"194",1360,"38115","BKS","A. tigris","NM: Hidalgo Co., Pipeline south of Steins (689782, 3566599)"
"195",1361,"38115","BKS","A. tigris","AZ: Cochise Co., south of I-10 exit 390, AZ side of Pipeline (681654, 3565898)"
"196",1362,"38115","BKS","Hybrid whiptail","NM: Hidalgo Co., SR 80, PLT (Pipeline Transect) (693305, 3565045)[A. tigris punctilinealis X A. marmorata]"
"197",1363,"38116","BKS","A. neomexicana","NM: Hidalgo Co., SR 70 12 mi NW of Lordsburg (705175, 3594141)"
"198",1364,"38116","BKS","A. neomexicana","NM: Hidalgo Co., SR 70 12 mi NW of Lordsburg (705175, 3594141)"
"199",1365,"38116","BKS","A. marmorata","NM: Hidalgo Co., SR 70 12 mi NW of Lordsburg (705175, 3594141)"
"200",1366,"38116","BKS","A. marmorata","NM: Hidalgo Co., SR 70 12 mi NW of Lordsburg (705175, 3594141)"
"201",1367,"38116","BKS","A. marmorata","NM: Hidalgo Co., SR 70 12 mi NW of Lordsburg (705175, 3594141)"
"202",1368,"38116","BKS","Salvadora","AZ: Cochise Co., south of I-10 exit 390, AZ side of Pipeline (681654, 3565898); apparent grahamiae"
"203",1369,"38116","BKS","Aspidoscelis  tigris","AZ: Graham Co., Whitlock Valley, at powerlines 5.5 mi south SR 70 (655898, 3616351)"
"204",1370,"38116","BKS","Aspidoscelis  tigris","AZ: Graham Co., Whitlock Valley, at powerlines 5.5 mi south SR 70 (655898, 3616351)"
"205",1371,"38116","BKS","Aspidoscelis  tigris","AZ: Graham Co., Whitlock Valley, at powerlines 5.5 mi south SR 70 (655898, 3616351)"
"206",1372,"38116","BKS","Aspidoscelis  tigris","AZ: Graham Co., Whitlock Valley, at powerlines 5.5 mi south SR 70 (655898, 3616351)"
"207",1373,"38116","BKS","Aspidoscelis  tigris","AZ: Graham Co., Whitlock Valley, immediately  south SR 70 (655283, 3624627)"
"208",1374,"38116","BKS","Aspidoscelis  tigris","AZ: Graham Co., Whitlock Valley, immediately  south SR 70 (655283, 3624627)"
"209",1375,"38116","BKS","Aspidoscelis  tigris","AZ: Graham Co., Whitlock Valley, immediately  south SR 70 (655283, 3624627)"
"210",1376,"38116","BKS","Aspidoscelis  tigris","AZ: Graham Co., Whitlock Valley, immediately  south SR 70 (655283, 3624627)"
"211",1377,"38116","BKS","A. arizonae","AZ: Graham Co., Whitlock Valley, immediately  south SR 70 (655283, 3624627)"
"212",1378,"38127","BKS","A. tigris","AZ: Maricopa Co., FR 143 to Four Peaks, 10 mi east of SR 80 (461977, 3731619)"
"213",1379,"38127","BKS","S. ater","AZ: Maricopa Co., FR 143 to Four Peaks, 5  mi east of SR 80 (457690, 3727769)"
"214",1380,"38129","BKS","A. velox","AZ: Navajo Co., SR 87  no. of Winslow (534389, 3876069)"
"215",1381,"38129","BKS","A. velox","AZ: Navajo Co., SR 87  no. of Winslow (534389, 3876069)"
"216",1382,"38129","BKS","A. velox","AZ: Navajo Co., SR 87  no. of Winslow (534389, 3876069)"
"217",1383,"38129","BKS","A. velox","AZ: Navajo Co., SR 99 so. of Winslow (532244, 3869095)"
"218",1384,"38129","BKS","A. velox","AZ: Coconino Co., Meteor Crater Rd, just south I-40 (497046, 3883331)"
"219",1385,"38129","BKS","A. velox","AZ: Coconino Co., Meteor Crater Rd, just south I-40 (497046, 3883331)"
"220",1386,"38129","BKS","A. pai","AZ: Coconino Co., Twin Arrows, just south I-40 (477596, 3889431)"
"221",1387,"38129","BKS","A. pai","AZ: Coconino Co., Twin Arrows, just south I-40 (477596, 3889431)"
"222",1388,"38129","BKS","A. pai","AZ: Coconino Co., Twin Arrows, just south I-40 (477596, 3889431)"
"223",1389,"38129","BKS","A. pai","AZ: Coconino Co., Twin Arrows, just south I-40 (477596, 3889431)"
"224",1390,"38129","BKS","A. velox","AZ: Coconino Co., Twin Arrows, just south I-40 (477596, 3889431)"
"225",1391,"38130","BKS","A. velox","AZ: Coconino Co., SR 87, 12 mi.  south Winslow (512296, 3861298)"
"226",1392,"38130","BKS","Aspidoscelis velox","AZ: Coconino Co., SR 87, 12 mi.  south Winslow (512296, 3861298)"
"227",1393,"38166","BKS","A. tigris","NM: Hidalgo Co., Cavot Rd exit I-10, 2 mi. east on Pipeline (686171, 3566396)"
"228",1394,"38166","BKS","A. tigris","AZ: Cochise Co., San Simon Rd, 5 mi. south I-10 ( 672052, 3563128)"
"229",1395,"38166","BKS","hybrid whiptail","NM: Hidalgo Co., PLT (Pipeline Transect), just west SR 80 (692827, 3566905)[A. t. punctilinealis X A. marmorata]"
"230",1396,"38166","BKS","hybrid whiptail","NM: Hidalgo Co., PLT, just east SR 80 (693023, 3566977)[A. t. punctilinealis X A. marmorata]"
"231",1397,"38166","BKS","hybrid whiptail","NM: Hidalgo Co., PLT, just east SR 80 (693023, 3566977)[A. t. punctilinealis X A. marmorata]"
"232",1398,"38166","BKS","A. marmorata","NM: Hidalgo Co., south Lordsburg (712685, 3576678)"
"233",1399,"38167","BKS","A. tigris","AZ: Graham Co., Whitlock Valley at SR 70 ( 655165, 3624535)"
"234",1400,"38167","BKS","A. tigris","AZ: Graham Co., Haekal Rd, 1 mi. south  SR 70 ( 632437, 3628762)"
"235",1401,"38167","BKS","A. tigris","AZ: Graham Co., Haekal Rd, 1 mi. south  SR 70 ( 632437, 3628762)"
"236",1402,"38167","BKS","A. tigris","AZ: Graham Co., SR 266, 2 mi. west SR 191 (620615, 3604768)"
"237",1403,"38167","BKS","A. tigris","AZ: Graham Co., SR 266, 2 mi. west SR 191 (620615, 3604768)"
"238",1404,"38167","BKS","A. tigris","AZ: Graham Co., SR 266, 2 mi. west SR 191 (620615, 3604768)"
"239",1405,"38167","BKS","A. tigris","AZ:   Cochise Co., SR 191 at I-10 (east side) (629198, 3582343)"
"240",1406,"38167","BKS","A. tigris","AZ:   Cochise Co., SR 191 at I-10 (east side) (629198, 3582343)"
"241",1407,"38167","BKS","A. tigris","AZ: Graham Co., Whitlock Valley at SR 70 ( 655165, 3624535)"
"242",1408,"38168","BKS","A. sonorae","AZ: Santa Cruz Co., Ruby Road, west of I-19 (496715, 3473235)"
"243",1409,"38168","BKS","A. sonorae","AZ: Santa Cruz Co., Ruby Road, west of I-19 (496715, 3473235)"
"244",1410,"38168","BKS","A. tigris","AZ: Pima Co., Santa Rita Exp. Range, about 5 mi. east of I-19 (506600, 3520740)"
"245",1411,"38168","BKS","A. tigris","AZ: Pima Co., Santa Rita Exp. Range, about 5 mi. east of I-19 (506600, 3520740)"
"246",1412,"38174","BKS","A. pai","AZ: Coconino Co., SR 89, 29 mi. north I-40, Babbitt Ranch (452177, 3941544)"
"247",1413,"38174","BKS","Uta stansburiana","AZ: Coconino Co., SR 89, 31 mi. north I-40, Babbitt Ranch (452863, 3946678)"
"248",1414,"38185","BKS","A. pai","AZ: Coconino Co., SR 89, 29 mi. north I-40, Babbitt Ranch (452163, 3941426)"
"249",1415,"38185","BKS","Aspidoscelis pai","AZ: Coconino Co., SR 89, 29 mi. north I-40, Babbitt Ranch (452163, 3941426)"
"250",1416,"38185","BKS","Aspidoscelis pai","AZ: Coconino Co., Twin Arrows, just south I-40 (477443, 3889389)"
"251",1417,"38185","BKS","Aspidoscelis pai","AZ: Coconino Co., Twin Arrows, just south I-40 (477443, 3889389)"
"252",1418,"38185","BKS","Aspidoscelis pai","AZ: Coconino Co., Twin Arrows, just south I-40 (477443, 3889389)"
"253",1419,"38185","BKS","A. velox","AZ: Coconino Co.,  Buffalo Ranch Rd, just south I-40 (483398, 3886294)"
"254",1420,"38185","BKS","A. velox","AZ: Coconino Co.,  Buffalo Ranch Rd, just south I-40 (483398, 3886294)"
"255",1421,"38185","BKS","A. t. septentrionalis","AZ: Coconino Co., SR 89, 31 mi. north I-40, Babbitt Ranch (455345, 3952299)"
"256",1422,"38186","BKS","A. velox","AZ: Coconino Co., SR 64, 9 mi. north Valle (397260, 3958996)"
"257",1423,"38186","BKS","Eumeces multivirgatus","AZ: Coconino Co., SR 180, 2 mi.east Valle"
"258",1424,"38192","BKS","A. tigris","AZ: Mohave Co., Cane Springs Ranch Rd @ SR 93, 12 mi. so. I-40 (255901, 3871274)"
"259",1425,"38192","BKS","A. tigris","AZ: Mohave Co., Cane Springs Ranch Rd @ SR 93, 12 mi. so. I-40 (255901, 3871274)"
"260",1426,"38192","BKS","A. tigris","AZ: Mohave Co., Cane Springs Ranch Rd @ SR 93, 12 mi. so. I-40 (255901, 3871274)"
"261",1427,"38192","BKS","A. tigris","AZ: Mohave Co., Cane Springs Ranch Rd @ SR 93, 12 mi. so. I-40 (255901, 3871274)"
"262",1428,"38192","BKS","A. t. septentrionalis","AZ: Mohave Co., “degraded grassland” @ Rte 66, 10 mi. no. Kingman (12S, 237105, 3915170)"
"263",1429,"38192","BKS","A. t. septentrionalis","AZ: Mohave Co., “degraded grassland” @ Rte 66, 10 mi. no. Kingman (12S, 237105, 3915170)"
"264",1430,"38192","BKS","A. t. septentrionalis","AZ: Mohave Co., “degraded grassland” @ Rte 66, 10 mi. no. Kingman (12S, 237105, 3915170)"
"265",1431,"38192","BKS","A. t. septentrionalis","AZ: Mohave Co., “degraded grassland” @ Rte 66, 10 mi. no. Kingman (12S, 237105, 3915170)"
"266",1432,"38192","BKS","A. t. septentrionalis","AZ: Mohave Co., Antares Rd, west Rte 66, 18 mi. no. Kingman (244786, 3925339)"
"267",1433,"38193","BKS","A. t. septentrionalis","AZ: Mohave Co., Truxton (270638, 3930202)"
"268",1434,"38193","BKS","A. velox","AZ: Coconino Co., Grand Cyn Caverns, Rte 66 (296262, 3933974)"
"269",1435,"38193","BKS","A. velox","AZ: Yavapai Co., 12 mi. east Grn. Cyn. Caverns, Rte 66 (313411, 3922028)"
"270",1436,"38193","BKS","A. velox","AZ: Yavapai Co., east Seligman on Rte 66 (342541, 3905870)"
"271",1437,"38199","BKS","hybrid whiptail","NM: Hidalgo Co., 0.3 mi. east Steins Crossing, PLT (690354, 3566665){A. t. punctilinealis X A. marmorata]"
"272",1438,"38199","BKS","hybrid whiptail","NM: Hidalgo Co., 0.3 mi. east Steins Crossing, PLT  (690354, 3566665)[A. t. punctilinealis X A. marmorata]"
"273",1439,"38199","BKS","hybrid whiptail","NM: Hidalgo Co., 0.7 mi. east Steins Crossing, PLT (691033, 3566749)[A. t. punctilinealis X A. marmorata]"
"274",1440,"38199","BKS","hybrid whiptail","NM: Hidalgo Co., 0.7 mi. east Steins Crossing, PLT (691033, 3566749)[A. t. punctilinealis X A. marmorata]"
"275",1441,"38199","BKS","hybrid whiptail","NM: Hidalgo Co., 0.7 mi. east Steins Crossing, PLT (691033, 3566749)[A. t. punctilinealis X A. marmorata]"
"276",1442,"38199","BKS","hybrid whiptail","NM: Hidalgo Co., 0.7 mi. east Steins Crossing, PLT (691033, 3566749)[A. t. punctilinealis X A. marmorata]"
"277",1443,"38199","BKS","hybrid whiptail","NM: Hidalgo Co., 0.8 mi. east Steins Crossing, PLT (691114, 3566752)[A. t. punctilinealis X A. marmorata]"
"278",1444,"38199","BKS","hybrid whiptail","NM: Hidalgo Co., 0.8 mi. east Steins Crossing, PLT (691114, 3566752)[A. t. punctilinealis X A. marmorata]"
"279",1445,"38199","BKS","hybrid whiptail","NM: Hidalgo Co., 1.2 mi. east Steins Crossing, PLT (691715, 3566830)[A. t. punctilinealis X A. marmorata]"
"280",1446,"38199","BKS","hybrid whiptail","NM: Hidalgo Co., 1.2 mi. east Steins Crossing, PLT (691715, 3566830)[A. t. punctilinealis X A. marmorata]"
"281",1447,"38199","BKS","hybrid whiptail","NM: Hidalgo Co., 1.2 mi. east Steins Crossing, PLT (691715, 3566830)[A. t. punctilinealis X A. marmorata]"
"282",1448,"38199","BKS","hybrid whiptail","NM: Hidalgo Co., 2.0 mi. east Steins Cross., PLT, SR 80 (692920, 3566900)[A.t.  punctilinealis X A. marmorata]"
"283",1449,"38199","BKS","hybrid whiptail","NM: Hidalgo Co., 2.0 mi. east Steins Cross., PLT, SR 80 (692920, 3566900)[A.t.  punctilinealis X A. marmorata]"
"284",1450,"38199","BKS","Gambelia wislizenii","NM: Hidalgo Co., 2.0 mi. east Steins Cross., PLT, SR 80 (692920, 3566900)"
"285",1451,"38200","BKS","hybrid whiptail","NM: Hidalgo Co., 1.5 mi. east Steins Crossing, PLT (692374, 3566907)[A. t. punctilinealis X A. marmorata]"
"286",1452,"38200","BKS","hybrid whiptail","NM: Hidalgo Co., 1.5 mi. east Steins Crossing, PLT (692374, 3566907)[A. t. punctilinealis X A. marmorata]"
"287",1453,"38200","BKS","hybrid whiptail","NM: Hidalgo Co., 1.5 mi. east Steins Crossing, PLT (692374, 3566907)[A. t. punctilinealis X A. marmorata]"
"288",1454,"38200","BKS","hybrid whiptail","NM: Hidalgo Co., 2.0 mi. east Steins Cross., PLT, SR 80 (692920, 3566900)[A. t. punctilinealis X A. marmorata]"
"289",1455,"38200","BKS","hybrid whiptail","NM: Hidalgo Co., 2.0 mi. east Steins Cross., PLT, SR 80 (692920, 3566900)[A. t. punctilinealis X A. marmorata]"
"290",1456,"38200","BKS","hybrid whiptail","NM: Hidalgo Co., 2.0 mi. east Steins Cross., PLT, SR 80 (692920, 3566900)[A. t. punctilinealis X A. marmorata]"
"291",1457,"38200","BKS","hybrid whiptail","NM: Hidalgo Co., 2.0 mi. east Steins Cross., PLT, SR 80 (692920, 3566900)[A. t. punctilinealis X A. marmorata]"
"292",1458,"38200","BKS","A. marmorata","NM: Hidalgo Co., Gary, immediately south I-10 exit, 5 mi. west Lordsburg (706190, 3577378)"
"293",1459,"38200","BKS","A. marmorata","NM: Hidalgo Co., Gary, immediately south I-10 exit, 5 mi. west Lordsburg (706190, 3577378)"
"294",1460,"38203","BKS","A. tigris","AZ: Maricopa Co., SR 60, 12 mi east of Aguila (319572, 3757576)[A. tigris X A. t. punctilinealis]"
"295",1461,"38203","BKS","Aspidoscelis tigris","AZ: Maricopa Co., SR 60, 12 mi east of Aguila (319572, 3757576)[A. tigris X A. t. punctilinealis]"
"296",1462,"38203","BKS","Aspidoscelis tigris","AZ: Maricopa Co., SR 60, 3 mi west of Aguila (293358, 3755466)[A. tigris X A. t. punctilinealis]"
"297",1463,"38203","BKS","Aspidoscelis tigris","AZ: Maricopa Co., SR 60, 3 mi west of Aguila (293358, 3755466)[A. tigris X A. t. punctilinealis]"
"298",1464,"38203","BKS","Aspidoscelis tigris","AZ: Maricopa Co., SR 60, 3 mi west of Aguila (293358, 3755466)[A. tigris X A. t. punctilinealis]"
"299",1465,"38203","BKS","Aspidoscelis tigris","AZ: La Paz Co., SR 60, 15 mi west of Aguila (276608, 3748968)[A. tigris X A. punctilinealis]"
"300",1466,"38203","BKS","Aspidoscelis tigris","AZ: La Paz Co., SR 60, 15 mi west of Aguila (276608, 3748968)[A. tigris X A. punctilinealis]"
"301",1467,"38203","BKS","Aspidoscelis tigris","AZ: La Paz Co., SR 60, 27 mi west of Aguila, just east of Hope (251676, 3736017)[A. tigris X A. t. punctilinealis]"
"302",1468,"38203","BKS","Aspidoscelis tigris","AZ: La Paz Co., SR 60, 27 mi west of Aguila, just east of Hope (251676, 3736017)[A. tigris X A. t. punctilinealis]"
"303",1469,"38203","BKS","Aspidoscelis tigris","AZ: La Paz Co., SR 60, 27 mi west of Aguila, just east of Hope (251676, 3736017)[A. tigris X A. t. punctilinealis]"
"304",1470,"38203","BKS","Aspidoscelis tigris","AZ: La Paz Co., SR 60, 27 mi west of Aguila, just east of Hope (251676, 3736017)[A. tigris X A. t. punctilinealis]"
"305",1471,"38203","BKS","Callisaurus draconoides","AZ: Maricopa Co., SR 60, 12 mi east of Aguila (319572, 3757576)"
"306",1472,"38211","BKS/MK","hybrid whiptail","NM: Hidalgo Co., 1.5 mi. east Steins Crossing, PLT (692190, 3566763)[A. t. punctilinealis X A. marmorata]"
"307",1473,"38211","BKS/MK","hybrid whiptail","NM: Hidalgo Co., 0.3 mi. east Steins Crossing, PLT (690401, 3566669)[A. t. punctilinealis X A. marmorata]"
"308",1474,"38211","BKS/MK","hybrid whiptail","NM: Hidalgo Co., 0.3 mi. east Steins Crossing, PLT (690401, 3566669)[A. t. punctilinealis X A. marmorata]"
"309",1475,"38211","BKS/MK","hybrid whiptail","NM: Hidalgo Co., 0.3 mi. west Steins Crossing, PLT (689185, 3566330)[A. t. punctilinealis X A. marmorata]"
"310",1476,"38211","BKS/MK","Aspid. uniparens","NM: Hidalgo Co., 0.3 mi. west Steins Crossing, PLT (689185, 3566330)[A. t. punctilinealis X A. marmorata]"
"311",1477,"38211","BKS/MK","hybrid whiptail","NM: Hidalgo Co., Cavot Rd exit I-10, 2 mi. east on PLT (686034, 3566282)[A. t. punctilinealis X A. marmorata]"
"312",1478,"38211","BKS/MK","Aspido. marmorata","NM: Hidalgo Co., Gary, immediately south I-10 exit, 5 mi. west Lordsburg (706261, 3577431)"
"313",1479,"38211","BKS/MK","Aspido. marmorata","NM: Hidalgo Co., Gary, immediately south I-10 exit, 5 mi. west Lordsburg (706261, 3577431)"
"314",1480,"38211","BKS/MK","Aspido. marmorata","NM: Hidalgo Co., Gary, immediately south I-10 exit, 5 mi. west Lordsburg (706261, 3577431)"
"315",1481,"38212","BKS/MK","hybrid whiptail","NM: Hidalgo Co., 0.7 mi. east Steins Crossing, PLT (691003, 3566784)[A. t. punctilinealis X A. marmorata]"
"316",1482,"38212","BKS/MK","hybrid whiptail","NM: Hidalgo Co., 0.7 mi. east Steins Crossing, PLT (691003, 3566784)[A. t. punctilinealis X A. marmorata]"
"317",1483,"38212","BKS/MK","hybrid whiptail","NM: Hidalgo Co., 1.5 mi. east Steins Crossing, PLT (692138, 3566807)[A. t. punctilinealis X A. marmorata]"
"318",1484,"38212","BKS/MK","hybrid whiptail","NM: Hidalgo Co., 1.5 mi. east Steins Crossing, PLT (692138, 3566807)[A. t. punctilinealis X A. marmorata]"
"319",1485,"38212","BKS/MK","A.. t. punctilinealis","AZ: Cochise Co., Cavot Rd exit, 1.0 mi. south I-10 on Cavot Rd (682117, 3566099)"
"320",1486,"38212","BKS/MK","A.. t. punctilinealis","AZ: Cochise Co., Cavot Rd exit, 1.0 mi. south I-10 on Cavot Rd (682117, 3566099)"
"321",1487,"38212","BKS/MK","A.. t. punctilinealis","AZ: Cochise Co., Cavot Rd exit, 1.0 mi. south I-10 on Cavot Rd (682117, 3566099)"
"322",1488,"38212","BKS/MK","A.. t. punctilinealis","AZ: Cochise Co., Cavot Rd exit, 1.0 mi. south I-10 on Cavot Rd (682117, 3566099)"
"323",1489,"38212","BKS/MK","A.. t. punctilinealis","AZ: Cochise Co., Cavot Rd exit, 1.0 mi. south I-10 on Cavot Rd (682117, 3566099)"
"324",1490,"38212","BKS/MK","A.. t. punctilinealis","AZ: Cochise Co., Cavot Rd exit, 1.0 mi. south I-10 on Cavot Rd (682117, 3566099)"
"325",1491,"38212","BKS/MK","A.. t. punctilinealis","AZ: Cochise Co., Cavot Rd exit, 1.0 mi. south I-10 on Cavot Rd (682117, 3566099)"
"326",1492,"38212","BKS/MK","A.. t. punctilinealis","AZ: Cochise Co., Cavot Rd exit, 1.0 mi. south I-10 on Cavot Rd (682117, 3566099)"
"327",1493,"38216","BKS","Aspidoscelis tigris","AZ: Marciopa Co., immediately south I-8 exit for Sentinel (293422, 3636907)[A. t. tigris X A, t.  punctilinealis]"
"328",1494,"38216","BKS","Aspidoscelis tigris","AZ: Marciopa Co., immediately south I-8 exit for Sentinel (293422, 3636907)[A. t. tigris X A, t.  punctilinealis]"
"329",1495,"38216","BKS","Aspidoscelis tigris","AZ: Marciopa Co., immediately south I-8 exit for Sentinel (293422, 3636907)[A. t. tigris X A, t.  punctilinealis]"
"330",1496,"38216","BKS","Aspidoscelis tigris","AZ: Marciopa Co., immediately south I-8 exit for Sentinel (293422, 3636907)[A. t. tigris X A, t.  punctilinealis]"
"331",1497,"38216","BKS","Aspidoscelis tigris","AZ: Yuma Co., immediately north I-8 exit for Dateland (262614, 3633764)[A. t. tigris X A. t. punctilinealis]"
"332",1498,"38216","BKS","Aspidoscelis tigris","AZ: Yuma Co., immediately north I-8 exit for Dateland (262614, 3633764)[A. t. tigris X A. t. punctilinealis]"
"333",1499,"38216","BKS","Aspidoscelis tigris","AZ: Yuma Co., immediately north I-8 exit for Dateland (262614, 3633764)[A. t. tigris X A. t. punctilinealis]"
"334",1500,"38216","BKS","Aspidoscelis tigris","AZ: Yuma Co., just north I-8 exit in Mohawk Mtns  (244339, 3624725)[A. t. tigris X A.t.  punctilinealis]"
"335",1501,"38221","BKS","Aspidoscelis tigris","AZ: La Paz Co., Tom Wells Rd, 1 mi NW I-10 exit (735067, 3724290)[A. t. tigris X A. t. punctilinealis]"
"336",1502,"38221","BKS","Aspidoscelis tigris","AZ: La Paz Co., Tom Wells Rd, 1 mi NW I-10 exit (735067, 3724290)[A. t. tigris X A. t. punctilinealis]"
"337",1503,"38221","BKS","Aspidoscelis tigris","AZ: La Paz Co., Dome Rock Rd, just south I-10 exit (747059, 3725329)[A. t. tigris X A. t. punctilinealis]"
"338",1504,"38221","BKS","Aspidoscelis tigris","AZ: La Paz Co., Dome Rock Rd, just south I-10 exit (747059, 3725329)[A. t. tigris X A. t. punctilinealis]"
"339",1505,"38221","BKS","Aspidoscelis tigris","AZ: La Paz Co., east of east I-10 exit for Quartsite (762330, 3728588)[A. t. tigris X A. t. punctilinealis]"
"340",1506,"38221","BKS","Aspidoscelis tigris","AZ: La Paz Co., east of east I-10 exit for Quartsite (762330, 3728588)[A. t. tigris X A. t. punctilinealis]"
"341",1507,"38221","BKS","Aspidoscelis tigris","AZ: La Paz Co., SR 60, just north I-10 (778115, 3728666)[intergrade A. t. tigris X A. t. punctilinealis]"
"342",1508,"38221","BKS","Aspidoscelis tigris","AZ: La Paz Co., SR 60, just north I-10 (778115, 3728666)[intergrade A. t. tigris X A. t. punctilinealis]"
"343",1509,"38221","BKS","Aspidoscelis tigris","AZ: La Paz Co., Vicksburg Rd, just south I-10 (243337, 3723133)[intergrade A. t. tigris X A. t. punctilinealis]"
"344",1510,"38227","BKS","Aspidoscelis tigris","AZ: Mohave Co., SR 93, 11 mi N Kingman (755611, 3911098)"
"345",1511,"38227","BKS","Aspidoscelis tigris","AZ: Mohave Co., SR 93, 11 mi N Kingman (755611, 3911098)"
"346",1512,"38227","BKS","Aspidoscelis tigris","AZ: Mohave Co., SR 93, 11 mi N Kingman (755611, 3911098)"
"347",1513,"38227","BKS","Aspidoscelis tigris","AZ: Mohave Co., SR 93, 38 mi N Kingman (733016, 3946998)"
"348",1514,"38227","BKS","Aspidoscelis tigris","AZ: Mohave Co., SR 93, 38 mi N Kingman (733016, 3946998)"
"349",1515,"38227","BKS","Aspidoscelis tigris","AZ: Mohave Co., SR 93, 38 mi N Kingman (733016, 3946998)"
"350",1516,"38227","BKS","Aspidoscelis tigris","AZ: Mohave Co., Stockton Hill Rd, 20 mi N Kingman (768402, 3931248)"
"351",1517,"38227","BKS","Aspidoscelis tigris","AZ: Mohave Co., Stockton Hill Rd, 20 mi N Kingman (768402, 3931248)"
"352",1518,"38227","BKS","Aspidoscelis tigris","AZ: Mohave Co., Stockton Hill Rd, 20 mi N Kingman (768402, 3931248)"
"353",1519,"38227","BKS","Aspidoscelis tigris","AZ: Mohave Co., Stockton Hill Rd, 20 mi N Kingman (768402, 3931248)"
"354",1520,"38227","BKS","Aspidoscelis tigris","AZ: Mohave Co., Stockton Hill Rd, 20 mi N Kingman (768402, 3931248)"
"355",1521,"38227","BKS","Aspidoscelis tigris","AZ: Mohave Co., Stockton Hill Rd, 20 mi N Kingman (768402, 3931248)"
"356",1522,"38227","BKS","Aspidoscelis tigris","AZ: Mohave Co., Stockton Hill Rd, 20 mi N Kingman (768402, 3931248)"
"357",1523,"38227","BKS","Aspidoscelis tigris","AZ: Mohave Co., Stockton Hill Rd, 20 mi N Kingman (768402, 3931248)"
"358",1524,"38228","BKS","Aspidoscelis tigris","AZ: Mohave Co., Silver Creek, E Bullhead City (724604, 3884425)"
"359",1525,"38228","BKS","Aspidoscelis tigris","AZ: Mohave Co., Silver Creek, E Bullhead City (724604, 3884425)"
"360",1526,"38228","BKS","Aspidoscelis tigris","AZ: Mohave Co., SR 68, E slope Black Mtns (742868, 3900792)"
"361",1527,"38228","BKS","Aspidoscelis tigris","AZ: Mohave Co., SR 68, E slope Black Mtns (742868, 3900792)"
"362",1528,"38228","BKS","Aspidoscelis tigris","AZ: Mohave Co., SR 68, E slope Black Mtns (742868, 3900792)"
"363",1529,"38228","BKS","Aspidoscelis tigris","AZ: Mohave Co., SR 68, E slope Black Mtns (742868, 3900792)"
"364",1530,"38228","BKS","Aspidoscelis tigris","AZ: Mohave Co., SR 68, E slope Black Mtns (742868, 3900792)"
"365",1531,"38234","BKS","Aspidoscelis tigris","AZ: Maricopa Co., Painted Rock Rd, So. exit, I-8 (316000, 3642411)"
"366",1532,"38234","BKS","Aspidoscelis tigris","AZ: Maricopa Co., Painted Rock Rd, So. exit, I-8 (316000, 3642411)"
"367",1533,"38234","BKS","Aspidoscelis tigris","AZ: Maricopa Co., Painted Rock Rd, So. exit, I-8 (316000, 3642411)"
"368",1534,"38234","BKS","Aspidoscelis tigris","AZ: Maricopa Co., Painted Rock Rd, So. exit, I-8 (316000, 3642411)"
"369",1535,"38234","BKS","Aspidoscelis tigris","AZ: Maricopa Co., Sentinel, 1 mi. No. exit I-8 (292675, 3639656)"
"370",1536,"38234","BKS","Aspidoscelis tigris","AZ: Maricopa Co., Sentinel, 1 mi. No. exit I-8 (292675, 3639656)"
"371",1537,"38234","BKS","Aspidoscelis tigris","AZ: Maricopa Co., Sentinel, 1 mi. No. exit I-8 (292675, 3639656)"
"372",1538,"38234","BKS","Aspidoscelis tigris","AZ: Maricopa Co., Sentinel, 1 mi. No. exit I-8 (292675, 3639656)"
"373",1539,"38234","BKS","Aspidoscelis tigris","AZ: Maricopa Co., Sentinel, 1 mi. No. exit I-8 (292675, 3639656)"
"374",1540,"38234","BKS","A. t. tigris","AZ: Yuma Co., Ave 8, 1 mi So. exit I-8 (734832, 3616296)"
"375",1541,"38234","BKS","A. t. tigris","AZ: Yuma Co., Ave 8, 1 mi So. exit I-8 (734832, 3616296)"
"376",1542,"38235","BKS","A. t. tigris","AZ: Yuma Co., Ave 8, 1 mi So. exit I-8 (734832, 3616296)"
"377",1543,"38235","BKS","A. t. tigris","AZ: Yuma Co., Ave 8, 1 mi So. exit I-8 (734832, 3616296)"
"378",1544,"38235","BKS","A. t. tigris","AZ: Yuma Co., Ave 8, 1 mi So. exit I-8 (734832, 3616296)"
"379",1545,"38235","BKS","A. tigris","AZ: Yuma Co., Foothills Rd, 1 mi SE exit I-8 (745202, 3616595)"
"380",1546,"38235","BKS","A. tigris","AZ: Yuma Co., Foothills Rd, 1 mi SE exit I-8 (745202, 3616595)"
"381",1547,"38241","BKS","A. t. punctilinealis","AZ: Maricopa Co., Vekol Wash, 0.5 mi S I-8 (382756, 3633927)"
"382",1548,"38241","BKS","A. t. punctilinealis","AZ: Maricopa Co., Vekol Wash, 0.5 mi S I-8 (382756, 3633927)"
"383",1549,"38241","BKS","A. t. punctilinealis","AZ: Maricopa Co., Vekol Wash, 0.5 mi S I-8 (382756, 3633927)"
"384",1550,"38241","BKS","A. t. punctilinealis","AZ: Maricopa Co., Vekol Wash, 0.5 mi S I-8 (382756, 3633927)"
"385",1551,"38241","BKS","A. t. punctilinealis","AZ: Maricopa Co., Vekol Wash, 0.5 mi S I-8 (382756, 3633927)"
"386",1552,"38241","BKS","A. t. punctilinealis","AZ: Maricopa Co., mi. marker 131, N side I-8 (360999, 3640604)"
"387",1553,"38241","BKS","Aspi. t. punctilinealis","AZ: Maricopa Co., mi. marker 131, N side I-8 (360999, 3640604)"
"388",1554,"38241","BKS","Aspi. t. punctilinealis","AZ: Maricopa Co., mi. marker 131, N side I-8 (360999, 3640604)"
"389",1555,"38241","BKS","Aspi. t. punctilinealis","AZ: Maricopa Co., mi. marker 131, N side I-8 (360999, 3640604)"
"390",1556,"38248","BKS","Aspi. t. punctilinealis","AZ: Yavapai Co., Alamo Rd at SR 93 (314271, 3781822)"
"391",1557,"38248","BKS","Aspi. t. punctilinealis","AZ: Yavapai Co., 10 mi. W Wickenburg, SR 93 (323741, 3773634)"
"392",1558,"38251","BKS","Aspi. t. punctilinealis","AZ: Maricopa Co., 0.6 mi N SR 74 on New River Rd (386140, 3743432)"
"393",1559,"38251","BKS","Aspi. t. punctilinealis","AZ: Maricopa Co., 0.6 mi N SR 74 on New River Rd (386140, 3743432)"
"394",1560,"38251","BKS","Aspi. t. punctilinealis","AZ: Maricopa Co., 0.6 mi N SR 74 on New River Rd (386140, 3743432)"
"395",1561,"38251","BKS","Aspi. t. punctilinealis","AZ: Maricopa Co., 0.6 mi N SR 74 on New River Rd (386140, 3743432)"
"396",1562,"38251","BKS","Aspi. t. punctilinealis","AZ: Maricopa Co., 0.6 mi N SR 74 on New River Rd (386140, 3743432)"
"397",1563,"38251","BKS","Aspi. t. punctilinealis","AZ: Maricopa Co., 0.6 mi N SR 74 on New River Rd (386140, 3743432)"
"398",1564,"38251","BKS","Aspi. t. punctilinealis","AZ: Maricopa Co., 0.6 mi N SR 74 on New River Rd (386140, 3743432)"
"399",1565,"38251","BKS","Aspi. t. punctilinealis","AZ: Maricopa Co., 0.6 mi N SR 74 on New River Rd (386140, 3743432)"
"400",1566,"38255","BKS","A. t. tigris X A. t. p.","AZ: Yuma Co., 3 mi. SE Tacna (227359, 3620660)[intergrade A. t. tigris X A. t. punctilinealis]"
"401",1567,"38255","BKS","A. t. tigris X A. t. p.","AZ: Yuma Co., 3 mi. SE Tacna (227359, 3620660)[intergrade A. t. tigris X A. t. punctilinealis]"
"402",1568,"38255","BKS","A. t. tigris X A. t. p.","AZ: Yuma Co., 3 mi. SE Tacna (227359, 3620660)[intergrade A. t. tigris X A. t. punctilinealis]"
"403",1569,"38255","BKS","A. t. tigris X A. t. p.","AZ: Yuma Co., 3 mi. SW Wellton (763715, 3612358)[intergrade A. t. tigris X A. t. punctilinealis]"
"404",1570,"38256","BKS","A. t. tigris X A. t. p.","AZ: Yuma Co., 22 mi. S Quartsite (759405, 3697267)[intergrade A. t. tigris X A. t. punctilinealis]"
"405",1571,"38256","BKS","A. t. tigris X A. t. p.","AZ: Yuma Co., 22 mi. S Quartsite (759405, 3697267)[intergrade A. t. tigris X A. t. punctilinealis]"
"406",1572,"38256","BKS","A. t. tigris X A. t. p.","AZ: Yuma Co., 22 mi. S Quartsite (759405, 3697267)[intergrade A. t. tigris X A. t. punctilinealis]"
"407",1573,"38256","BKS","A. t. tigris X A. t. p.","AZ: Yuma Co., 22 mi. S Quartsite (759405, 3697267)[intergrade A. t. tigris X A. t. punctilinealis]"
"408",1574,"38479","BKS","A. tigris","AZ: Yuma Co., 3 mi. SW Wellton (11S, 763085, 3612354)[intergrade A. t. tigris X A. t. punctilinealis]"
"409",1575,"38479","BKS","A. tigris","AZ: Yuma Co., Foothills Dr., 3 mi. S I-10, Yuma (11S, 741980, 3612641)"
"410",1576,"38438","BKS","A. tigris","NV: Clark Co., 2-3 mi. NW Laughlin, rte 163 (718738, 3895953)"
"411",1577,"38438","BKS","A. tigris","NV: Clark Co., 2-3 mi. NW Laughlin, rte 163 (718738, 3895953)"
"412",1578,"38438","BKS","A. tigris","NV: Clark Co., 2-3 mi. NW Laughlin, rte 163 (718738, 3895953)"
"413",1579,"38438","BKS","A. tigris","NV: Clark Co., 2-3 mi. NW Laughlin, rte 163 (718738, 3895953)"
"414",1580,"38438","BKS","A. tigris","NV: Clark Co., 2-3 mi. NW Laughlin, rte 163 (718738, 3895953)"
"415",1581,"38444","BKS","A. tigris","AZ: La Paz Co., Vicksburg Rd, I-10, 0.5 mi S (243475, 3722888)"
"416",1582,"38444","BKS","A. tigris","AZ: La Paz Co., Vicksburg Rd, I-10, 0.5 mi S (243475, 3722888)"
"417",1583,"38444","BKS","A. tigris","AZ: La Paz Co., Vicksburg Rd, I-10, 0.5 mi S (243475, 3722888)"
"418",1584,"38444","BKS","A. tigris","AZ: La Paz Co., Hovatter Rd, I-10, 0.5 mi N (257158, 3722649)"
"419",1585,"38444","BKS","A. tigris","AZ: La Paz Co., Hovatter Rd, I-10, 0.5 mi N (257158, 3722649)"
"420",1586,"38444","BKS","A. tigris","AZ: Maricopa Co., Salome Rd, 6 mi N I-10 (by road) (290585, 3717897)"
"421",1587,"38472","BKS","A. tigris","CA: Riverside Co., Wiley’s Well Rd, N I-10 (11S, 694084, 3720974)"
"422",1588,"38472","BKS","A. tigris","CA: Riverside Co., Wiley’s Well Rd, N I-10 (11S, 694084, 3720974)"
"423",1589,"38472","BKS","A. tigris","CA: Riverside Co., Ford Dry Lake Rd, S I-10 (11S, 685849, 3719794)"
"424",1590,"38472","BKS","A. tigris","CA: Riverside Co., Ford Dry Lake Rd, S I-10 (11S, 685849, 3719794)"
"425",1591,"38472","BKS","A. tigris","CA: Riverside Co., Ford Dry Lake Rd, S I-10 (11S, 685849, 3719794)"
"426",1592,"38472","BKS","A. tigris","CA: Riverside Co., Ford Dry Lake Rd, S I-10 (11S, 685849, 3719794)"
"427",1593,"38473","BKS","A. tigris","CA: Riverside Co., SR 95, 12 mi S Vidal (11S, 727638, 3759137)"
"428",1594,"38473","BKS","A. tigris","CA: Riverside Co., SR 95, 12 mi S Vidal (11S, 727638, 3759137)"
"429",1595,"38473","BKS","A. tigris","CA: San Bernardino Co., SR 95, 2 mi S Vidal (11S, 731302, 3775526)"
"430",1596,"38473","BKS","A. tigris","CA: San Bernardino Co., SR 62, 5 mi E Vidal (11S, 736138, 3786131)"
"431",1597,"38473","BKS","A. tigris","AZ: La Paz Co., SR 60, 2 mi west of Harcuvar, just east of Hope (251809, 3736022)"
"432",1598,"38473","BKS","A. tigris","AZ: La Paz Co., SR 60, 2 mi west of Harcuvar, just east of Hope (251809, 3736022)"
"433",1599,"38473","BKS","A. tigris","AZ: La Paz Co., SR 60, 2 mi west of Harcuvar, just east of Hope (251809, 3736022)"
"434",1600,"38479","BKS","A. tigris","AZ: Yuma Co., Foothills Dr., 3 mi. S I-10, Yuma (11S, 741980, 3612641)"
"435",1601,"38479","BKS","A. tigris","AZ: Yuma Co., Foothills Dr., 3 mi. S I-10, Yuma (11S, 741980, 3612641)"
"436",1602,"38479","BKS","A. tigris","CA: Imperial Co., Ogilby Rd, N I-10 (11S, 703154, 3627551)"
"437",1603,"38480","BKS","A. tigris","CA: Imperial Co., Ogilby Rd, N I-10 (11S, 703154, 3627551)"
"438",1604,"38480","BKS","A. tigris","CA: Imperial Co., Ogilby Rd, N I-10 (11S, 703154, 3627551)"
"439",1605,"38480","BKS","A. tigris","CA: Imperial Co., Ogilby Rd, N I-10 (11S, 703154, 3627551)"
"440",1606,"38480","BKS","A. tigris","CA: Imperial Co., Ogilby Rd, N I-10 (11S, 703154, 3627551)"
"441",1607,"38480","BKS","A. tigris","CA: Imperial Co., Ogilby, Ogilby Rd, 3.5 mi. N I-10 (11S, 702785, 3632735)"
"442",1608,"38480","BKS","A. tigris","CA: Imperial Co., Ogilby, Ogilby Rd, 3.5 mi. N I-10 (11S, 702785, 3632735)"
"443",1609,"38480","BKS","A. tigris","CA: Imperial Co., Ogilby, Ogilby Rd, 3.5 mi. N I-10 (11S, 702785, 3632735)"
"444",1610,"38480","BKS","A. tigris","CA: Imperial Co., Ogilby, Ogilby Rd, 3.5 mi. N I-10 (11S, 702785, 3632735)"
"445",1611,"38480","BKS","A. tigris","CA: Imperial Co., Ogilby, Ogilby Rd, 3.5 mi. N I-10 (11S, 702785, 3632735)"
"446",1612,"38480","BKS","A. tigris","CA: Imperial Co., Ogilby, Ogilby Rd, 3.5 mi. N I-10 (11S, 702785, 3632735)"
"447",1613,"38487","BKS","A. tigris","AZ: Mohave Co., Detrital Wash @ Temple Bar Rd, 6.1 mi NE SR 93 (11S, 724706, 3975672)"
"448",1614,"38487","BKS","A. tigris","AZ: Mohave Co., Detrital Wash @ Temple Bar Rd, 6.1 mi NE SR 93 (11S, 724706, 3975672)"
"449",1615,"38487","BKS","A. tigris","AZ: Mohave Co., Detrital Wash @ Temple Bar Rd, 6.1 mi NE SR 93 (11S, 724706, 3975672)"
"450",1616,"38487","BKS","A. tigris","AZ: Mohave Co., Detrital Wash @ Temple Bar Rd, 6.1 mi NE SR 93 (11S, 724706, 3975672)"
"451",1617,"38487","BKS","A. tigris","AZ: Mohave Co., Detrital Wash @ Temple Bar Rd, 6.1 mi NE SR 93 (11S, 724706, 3975672)"
"452",1618,"38487","BKS","A. tigris","AZ: Mohave Co., Detrital Wash @ Temple Bar Rd, 6.1 mi NE SR 93 (11S, 724706, 3975672)"
"453",1619,"38487","BKS","A. tigris","AZ: Mohave Co., Detrital Wash @ Temple Bar Rd, 6.1 mi NE SR 93 (11S, 724706, 3975672)"
"454",1620,"38487","BKS","A. tigris","AZ: Mohave Co., Detrital Wash @ Temple Bar Rd, 15.2 mi NE SR 93 (11S, 728175, 3988710)"
"455",1621,"38487","BKS","A. tigris","AZ: Mohave Co., Stockton Hill Rd, 32 mi N Kingman (11S, 760103, 3957646)"
"456",1622,"38487","BKS","A. tigris","AZ: Mohave Co., Stockton Hill Rd, 32 mi N Kingman (11S, 760103, 3957646)"
"457",1623,"38488","BKS","A. tigris","AZ: Yavapai Co., Alamo Res Rd @ SR 93 (12S, 314993, 3781845)"
"458",1624,"38497","BKS","A. tigris","AZ: Coconino Co., Babbitt Ranch, 36 mi N of Flagstaff on SR 89 (12S, 455286, 3952345)"
"459",1625,"38497","BKS","A. tigris","AZ: Coconino Co., Babbitt Ranch, 36 mi N of Flagstaff on SR 89 (12S, 455286, 3952345)"
"460",1626,"38497","BKS","A. tigris","AZ: Coconino Co., Babbitt Ranch, 36 mi N of Flagstaff on SR 89 (12S, 455286, 3952345)"
"461",1627,"38497","BKS","A. pai ?","AZ: Coconino Co., Babbitt Ranch, 28 mi N of Flagstaff on SR 89 (12S, 452163, 3941426)"
"462",1628,"38498","BKS","A. tigris","AZ: Coconino Co., Babbitt Ranch, 36 mi N of Flagstaff on SR 89 (12S, 455286, 3952345)"
"463",1629,"38498","BKS","A. tigris","AZ: Coconino Co., Babbitt Ranch, 36 mi N of Flagstaff on SR 89 (12S, 455286, 3952345)"
"464",1630,"38498","BKS","A. tigris","AZ: Coconino Co., Babbitt Ranch, 36 mi N of Flagstaff on SR 89 (12S, 456516, 3952335)"
"465",1631,"38498","BKS","A. tigris","AZ: Coconino Co., Babbitt Ranch, 36 mi N of Flagstaff on SR 89 (12S, 456516, 3952335)"
"466",1632,"38503","BKS","A. tigris","AZ: Mohave Co., Antares Rd @ Truxton Wash, 7.4 mi N rte 66 (12S, 241033, 3934307)"
"467",1633,"38503","BKS","A. tigris","AZ: Mohave Co., Antares Rd @ Truxton Wash, 7.4 mi N rte 66 (12S, 241033, 3934307)"
"468",1634,"38503","BKS","A. tigris","AZ: Mohave Co., Antares Rd @ Truxton Wash, 7.4 mi N rte 66 (12S, 241033, 3934307)"
"469",1635,"38503","BKS","A. tigris","AZ: Mohave Co., Antares Rd @ Truxton Wash, 7.4 mi N rte 66 (12S, 241033, 3934307)"
"470",1636,"38503","BKS","A. tigris","AZ: Mohave Co., Antares Rd @ Truxton Wash, 7.4 mi N rte 66 (12S, 241033, 3934307)"
"471",1637,"38503","BKS","A. tigris","AZ: Mohave Co., Antares Rd @ Truxton Wash, 7.4 mi N rte 66 (12S, 241033, 3934307)"
"472",1638,"38503","BKS","A. tigris","AZ: Mohave Co., Antares Rd @ Truxton Wash, 7.4 mi N rte 66 (12S, 241033, 3934307)"
"473",1639,"38503","BKS","A. tigris","AZ: Mohave Co., Antares Rd @ Truxton Wash, 7.4 mi N rte 66 (12S, 241033, 3934307)"
"474",1640,"38503","BKS","A. tigris","AZ: Mohave Co., Antares Rd @ Truxton Wash, 7.4 mi N rte 66 (12S, 241033, 3934307)"
"475",1641,"38503","BKS","A. tigris","AZ: Mohave Co., rte 66, 3.7 mi SW Truxton (12S, 261673, 3926702)"
"476",1642,"38503","BKS","A. tigris","AZ: Mohave Co., rte 66, 3.7 mi SW Truxton (12S, 261673, 3926702)"
"477",1643,"38503","BKS","A. tigris","AZ: Mohave Co., rte 66, 3.7 mi SW Truxton (12S, 261673, 3926702)"
"478",1644,"38503","BKS","A. tigris","AZ: Mohave Co., rte 66, 3.7 mi SW Truxton (12S, 261673, 3926702)"
"479",1645,"38503","BKS","A. tigris","AZ: Mohave Co., rte 66, 3.7 mi SW Truxton (12S, 261673, 3926702)"
"480",1646,"38503","BKS","A. tigris","AZ: Mohave Co., rte 66, 3.7 mi SW Truxton (12S, 261673, 3926702)"
"481",1647,"38503","BKS","A. tigris","AZ: Mohave Co., 2.7 mi SE Truxton on Rd to Cherokee (12S, 271856, 3929395)"
"482",1648,"38503","BKS","A. tigris","AZ: Mohave Co., 2.7 mi SE Truxton on Rd to Cherokee (12S, 271856, 3929395)"
"483",1649,"38504","BKS","A. tigris","AZ: Mohave Co., Diamond Bar Rd @ Pearce Ferry Rd (11S, 763657, 3972784)"
"484",1650,"38504","BKS","A. tigris","AZ: Mohave Co., Diamond Bar Rd @ Pearce Ferry Rd (11S, 763657, 3972784)"
"485",1651,"38504","BKS","A. tigris","AZ: Mohave Co., Diamond Bar Rd @ Pearce Ferry Rd (11S, 763657, 3972784)"
"486",1652,"38504","BKS","A. tigris","AZ: Mohave Co., Diamond Bar Rd @ Pearce Ferry Rd (11S, 763657, 3972784)"
"487",1653,"38504","BKS","A. tigris","AZ: Mohave Co., 2 mi W Diamond Bar Rd intersection on Pearce Ferry Rd (11S, 763085, 3976718)"
"488",1654,"38504","BKS","A. tigris","AZ: Mohave Co., 2 mi W Diamond Bar Rd intersection on Pearce Ferry Rd (11S, 763085, 3976718)"
"489",1655,"38504","BKS","A. tigris","AZ: Mohave Co., 2 mi W Diamond Bar Rd intersection on Pearce Ferry Rd (11S, 763085, 3976718)"
"490",1656,"38504","BKS","A. tigris","AZ: Mohave Co., 2 mi W Diamond Bar Rd intersection on Pearce Ferry Rd (11S, 763085, 3976718)"
"491",1657,"38504","BKS","A. tigris","AZ: Mohave Co., 2 mi W Diamond Bar Rd intersection on Pearce Ferry Rd (11S, 763085, 3976718)"
"492",1658,"38504","BKS","A. tigris","AZ: Mohave Co., Stockton Hill Rd, about 32 mi N Kingman (11S, 760172, 3957667)"
"493",1659,"38504","BKS","A. tigris","AZ: Mohave Co., Stockton Hill Rd, about 32 mi N Kingman (11S, 760172, 3957667)"
"494",1660,"38522","BKS","A. tigris","CA: Riverside Co., Corn Springs Rd @ I-10 (west exit) (11S, 663664, 3727125)"
"495",1661,"38522","BKS","A. tigris","CA: Riverside Co., Hayfield Rd @ I-10, north side exit (11S, 625083, 3726686)"
"496",1662,"38522","BKS","A. tigris","CA: Riverside Co., Hayfield Rd @ I-10, north side exit (11S, 625083, 3726686)"
"497",1663,"38522","BKS","A. tigris","CA: Riverside Co., Hayfield Rd @ I-10, north side exit (11S, 625083, 3726686)"
"498",1664,"38522","BKS","A. tigris","CA: Riverside Co., Hayfield Rd @ I-10, north side exit (11S, 625083, 3726686)"
"499",1665,"38522","BKS","A. tigris","CA: Riverside Co., Hayfield Rd @ I-10, north side exit (11S, 625083, 3726686)"
"500",1666,"38522","BKS","A. tigris","CA: Riverside Co., Hayfield Rd @ I-10, north side exit (11S, 625083, 3726686)"
"501",1667,"38522","BKS","A. tigris","CA: Riverside Co., Hayfield Rd @ I-10, north side exit (11S, 625083, 3726686)"
"502",1668,"38523","BKS","A. tigris","CA: San Bernardino Co., Shadow Mtn Rd @ SR 395, NE side (11S, 458605, 3842248)"
"503",1669,"38523","BKS","A. tigris","CA: San Bernardino Co., Shadow Mtn Rd @ SR 395, NE side (11S, 458605, 3842248)"
"504",1670,"38523","BKS","A. tigris","CA: San Bernardino Co., Shadow Mtn Rd @ SR 395, NE side (11S, 458605, 3842248)"
"505",1671,"38523","BKS","A. tigris","CA: San Bernardino Co., Shadow Mtn Rd @ SR 395, NE side (11S, 458605, 3842248)"
"506",1672,"38523","BKS","A. tigris","CA: San Bernardino Co., Shadow Mtn Rd @ SR 395, NE side (11S, 458605, 3842248)"
"507",1673,"38523","BKS","A. tigris","CA: San Bernardino Co., Shadow Mtn Rd @ SR 395, NE side (11S, 458605, 3842248)"
"508",1674,"38523","BKS","A. tigris","CA: San Bernardino Co., Shadow Mtn Rd @ SR 395, NE side (11S, 458605, 3842248)"
"509",1675,"38523","BKS","A. tigris","CA: San Bernardino Co., Shadow Mtn Rd @ SR 395, NE side (11S, 458605, 3842248)"
"510",1676,"38523","BKS","A. tigris","CA: Kern Co., Sand Canyon @ SR 58, N side, E Monolith (11S, 379459, 3886648)"
"511",1677,"38523","BKS","A. tigris","CA: Kern Co., Sand Canyon @ SR 58, N side, E Monolith (11S, 379459, 3886648)"
"512",1678,"38523","BKS","A. tigris","CA: Kern Co., Sand Canyon @ SR 58, N side, E Monolith (11S, 379459, 3886648)"
"513",1679,"38523","BKS","A. tigris","CA: Kern Co., Sand Canyon @ SR 58, N side, E Monolith (11S, 379459, 3886648)"
"514",1680,"38523","BKS","A. tigris","CA: Kern Co., Sand Canyon @ SR 58, N side, E Monolith (11S, 379459, 3886648)"
"515",1681,"38523","BKS","A. tigris","CA: Kern Co., Sand Canyon @ SR 58, N side, E Monolith (11S, 379459, 3886648)"
"516",1682,"38523","BKS","A. tigris","CA: Kern Co., Sand Canyon @ SR 58, N side, E Monolith (11S, 379459, 3886648)"
"517",1683,"38523","BKS","A. tigris","CA: Kern Co., Sand Canyon @ SR 58, N side, E Monolith (11S, 379459, 3886648)"
"518",1684,"38523","BKS","A. tigris","CA: Kern Co., Sand Canyon @ SR 58, N side, E Monolith (11S, 379459, 3886648)"
"519",1685,"38523","BKS","A. tigris","CA: Kern Co., Sand Canyon @ SR 58, N side, E Monolith (11S, 379459, 3886648)"
"520",1686,"38526","BKS","A. tigris","CA: Kern Co., Oak Creek Rd, 7.6 mi W Mojave (11S, 379774, 3878824)"
"521",1687,"38526","BKS","A. tigris","CA: Kern Co., Willow Springs Rd, 2 mi SE Oak Creek Rd intersection (11S, 377197, 3875199)"
"522",1688,"38527","BKS","A. tigris","CA: Kern Co., SW Caliente (spur to Buna Rd) (11S, 349539, 3905945)"
"523",1689,"38527","BKS","A. tigris","CA: Kern Co., SW Caliente (spur to Buna Rd) (11S, 349539, 3905945)"
"524",1690,"38527","BKS","A. tigris","CA: Kern Co., SW Caliente (spur to Buna Rd) (11S, 349539, 3905945)"
"525",1691,"38527","BKS","A. tigris","CA: Kern Co., SW Caliente (spur to Buna Rd) (11S, 349539, 3905945)"
"526",1692,"38527","BKS","A. tigris","CA: Kern Co., Oak Creek Rd, 5.0 mi W Mojave (11S, 384460, 3877245)"
"527",1693,"38528","BKS","A. tigris","CA: San Bernardino Co., SR 95 @ I-40, 5 mi W Colorado River, SE of Needles (11S, 721151, 3849167)"
"528",1694,"38528","BKS","A. tigris","CA: San Bernardino Co., SR 95 @ I-40, 5 mi W Colorado River, SE of Needles (11S, 721151, 3849167)"
"529",1695,"38528","BKS","A. tigris","CA: San Bernardino Co., SR 95 @ I-40, 5 mi W Colorado River, SE of Needles (11S, 721151, 3849167)"
"530",1696,"38528","BKS","A. tigris","CA: San Bernardino Co., SR 95 @ I-40, 5 mi W Colorado River, SE of Needles (11S, 721151, 3849167)"
"531",1697,"38528","BKS","A. tigris","AZ: Mohave Co., Needle Rock Rd @ I-40, 2 E Colorado River (11S, 734585, 3844544)"
"532",1698,"38528","BKS","A. tigris","AZ: Mohave Co., Needle Rock Rd @ I-40, 2 E Colorado River (11S, 734585, 3844544)"
"533",1699,"38535","BKS","A. tigris","AZ: Mohave Co., Black Cyn @ 17 mi Rd @ SR 93, just south Burro Crk (12S, 278137, 382514)"
"534",1700,"38563","BKS","A. velox","AZ: Navajo Co., 5 mi W Woodruff (12S, 582213, 3850884)"
"535",1701,"38563","BKS","A. velox","AZ: Navajo Co., 7 mi N I-40 on SR 77 (12S, 582029, 3880490)"
"536",1702,"38563","BKS","A. velox","AZ: Apache Co., 5 mi S town of Navajo & I-40 (12S, 634697, 3882666)"
"537",1703,"38563","BKS","A. velox","AZ: Apache Co., 5 mi S town of Navajo & I-40 (12S, 634697, 3882666)"
"538",1704,"38563","BKS","A. velox","AZ: Apache Co., 5 mi S town of Navajo & I-40 (12S, 634697, 3882666)"
"539",1705,"38564","BKS","A. velox","AZ: Apache Co., 20 mi N St John’s on SR 191 (12S, 659301, 3842767)"
"540",1706,"38564","BKS","A. velox","AZ: Apache Co., 10 mi N St John’s on SR 191 (12S, 654515, 3833282)"
"541",1707,"38564","BKS","A. velox","AZ: Apache Co., 5 mi NW ST John’s on SR 180 (12S, 639749, 3823858)"
"542",1708,"38568","BKS","A. tigris","AZ: Mohave Co., Black Cyn @ 17 mi Rd @ SR 93, just south Burro Crk (12S, 278137, 382514)"
"543",1709,"38568","BKS","A. tigris","AZ: Mohave Co., Cane Springs Ranch Rd @ SR 93, 12 mi. so. I-40 (12S, 255901, 3871274)"
"544",1710,"38568","BKS","A. tigris","AZ: Mohave Co., Cane Springs Ranch Rd @ SR 93, 12 mi. so. I-40 (12S, 255901, 3871274)"
"545",1711,"38568","BKS","A. tigris","AZ: Mohave Co., Cane Springs Ranch Rd @ SR 93, 12 mi. so. I-40 (12S, 255901, 3871274)"
"546",1712,"38568","BKS","A. tigris","AZ: Mohave Co., Cane Springs Ranch Rd @ SR 93, 12 mi. so. I-40 (12S, 255901, 3871274)"
"547",1713,"38568","BKS","A. tigris","AZ: Mohave Co., “degraded grassland” @ Rte 66, 10 mi. no. Kingman (12S, 237105, 3915170)"
"548",1714,"38569","BKS","A. tigris","AZ: Mohave Co., “degraded grassland” @ Rte 66, 10 mi. no. Kingman (12S, 237105, 3915170)"
"549",1715,"38569","BKS","A. tigris","AZ: Mohave Co., “degraded grassland” @ Rte 66, 10 mi. no. Kingman (12S, 237105, 3915170)"
"550",1716,"38569","BKS","A. tigris","AZ: Mohave Co., “degraded grassland” @ Rte 66, 10 mi. no. Kingman (12S, 237105, 3915170)"
"551",1717,"38569","BKS","A. tigris","AZ: Mohave Co., “degraded grassland” @ Rte 66, 10 mi. no. Kingman (12S, 237105, 3915170)"
"552",1718,"38569","BKS","A. tigris","AZ: Mohave Co., “degraded grassland” @ Rte 66, 10 mi. no. Kingman (12S, 237105, 3915170)"
"553",1719,"38569","BKS","A. tigris","AZ: Mohave Co., “degraded grassland” @ Rte 66, 10 mi. no. Kingman (12S, 237105, 3915170)"
"554",1720,"38569","BKS","A. tigris","AZ: Mohave Co., Rte 66, 3 mi S Hackberry on S side of railroad (11S, 250384, 3919837)"
"555",1721,"38569","BKS","A. tigris","AZ: Mohave Co., Griffith Rd exit @ I-40 (11S, 759512, 3880369)"
"556",1722,"38569","BKS","A. tigris","AZ: Mohave Co., Griffith Rd exit @ I-40 (11S, 759512, 3880369)"
"557",1723,"38569","BKS","A. tigris","AZ: Mohave Co., Oatman Rd exit @ I-40, SW Kingman (11S, 763294, 3889170)"
"558",1724,"38569","BKS","A. tigris","AZ: Mohave Co., Oatman Rd exit @ I-40, SW Kingman (11S, 763294, 3889170)"
"559",1725,"38569","BKS","A. tigris","AZ: Mohave Co., Oatman Rd exit @ I-40, SW Kingman (11S, 763294, 3889170)"
"560",1726,"38572","BKS","A. tigris","AZ: Yavapai Co., SR 260, 2 mi W W. Clear Crk (12S, 424781, 3822482)"
"561",1727,"38577","BKS","A. tigris","AZ: Yavapai Co., FR 618, 1 mi NE SR 260, 1 mi NW W. Clear Crk (12S, 429718, 3821935)"
"562",1728,"38577","BKS","A. tigris","AZ: Yavapai Co., FR 618, 1 mi NE SR 260, 1 mi NW W. Clear Crk (12S, 429718, 3821935)"
"563",1729,"38577","BKS","A. tigris","AZ: Yavapai Co., FR 372/75 (Rd to Cherry), 2 mi W SR 260 (12S, 414813, 3829062)"
"564",1730,"38577","BKS","A. uniparens","AZ: Yavapai Co., just off FR 119 (Rd to Cornville), 5 mi NW I-17/McGuireville"
"565",1731,"38583","BKS","A. tigris","AZ: Mohave Co., Black Cyn @ 17 mi Rd @ SR 93, just south Burro Crk (12S, 278137, 382514)"
"566",1732,"38583","BKS","A. tigris","AZ: Mohave Co., 2 mi. S Big Sandy Crossing of SR 93 along SR 93 (12S, 267286, 3834238)"
"567",1733,"38583","BKS","A. tigris","AZ: Yavapai Co., 12 mi S Santa Maria River @ SR 93 (12S, 305555, 3796044)"
"568",1734,"38583","BKS","A. tigris","AZ: Yavapai Co., 12 mi S Santa Maria River @ SR 93 (12S, 305555, 3796044)"
"569",1735,"38583","BKS","A. tigris","AZ: Yavapai Co., 12 mi S Santa Maria River @ SR 93 (12S, 305555, 3796044)"
"570",1736,"38590","BKS","A. tigris","AZ: Yavapai Co., FR 618, 1 mi. N SR 260, 1 NW W. Clear Crk (12S, 429718, 3821935)"
"571",1737,"38590","BKS","A. tigris","AZ: Yavapai Co., FR 618, 1 mi. N SR 260, 1 NW W. Clear Crk (12S, 429718, 3821935)"
"572",1738,"38590","BKS","A. tigris","AZ: Yavapai Co., FR 618, 0.5 mi. N SR 260, 1 NW W. Clear Crk (12S, 429085, 3821595)"
"573",1739,"38590","BKS","A. tigris","AZ: Yavapai Co., FR 618, 0.5 mi. N SR 260, 1 NW W. Clear Crk (12S, 429085, 3821595)"
"574",1740,"38590","BKS","A. tigris","AZ: Yavapai Co., FR 618, 0.5 mi. N SR 260, 1 NW W. Clear Crk (12S, 429085, 3821595)"
"575",1741,"38591","BKS","A. tigris","AZ: Yavapai Co., FR 618, 0.5 mi. N SR 260, 1 NW W. Clear Crk (12S, 429085, 3821595)"
"576",1742,"38591","BKS","Sce. magister","AZ: Yavapai Co., FR 618, 0.5 mi. N SR 260, 1 NW W. Clear Crk (12S, 429085, 3821595)"
"577",1743,"38598","BKS","A. tigris","AZ: Mohave Co., Hackberry Rd, 1 mi N SR 93 (12S, 258080, 3888715)"
"578",1744,"38598","BKS","A. tigris","AZ: Mohave Co., DW Ranch Rd, 1 mi S I-40 (exit 59) (12S, 236192, 3897433)"
"579",1745,"38598","BKS","A. tigris","AZ: Mohave Co., “degraded grassland” @ Rte 66, 10 mi. no. Kingman (12S, 237105, 3915170)"
"580",1746,"38598","BKS","A. tigris","AZ: Mohave Co., Truxton Wash, 2 mi NW Hackberry off rte 66 (12S, 250847, 3920761)"
"581",1747,"38599","BKS","A. tigris","AZ: Mohave Co., Griffith Rd exit (337)  @ I-40 (11S, 759512, 3880369)"
"582",1748,"38599","BKS","A. tigris","AZ: Mohave Co., Griffith Rd exit (337)  @ I-40 (11S, 759512, 3880369)"
"583",1749,"38599","BKS","A. tigris","AZ: Mohave Co., Hackberry Rd, 1 mi N SR 93 (12S, 258080, 3888715)"
"584",1750,"38599","BKS","A. tigris","AZ: Mohave Co., Hackberry Rd, 1 mi N SR 93 (12S, 258080, 3888715)"
"585",1751,"38612","BKS","A. tigris","AZ: Pinal Co., Park Link Rd, east of I-10 about 4 mi (12S, 472371, 3608110)"
"586",1752,"38612","BKS","A. tigris","AZ: Pinal Co., Park Link Rd, east of I-10 about 4 mi (12S, 472371, 3608110)"
"587",1753,"38612","BKS","A. tigris","AZ: Pinal Co., Park Link Rd, east of I-10 about 4 mi (12S, 472371, 3608110)"
"588",1754,"38612","BKS","A. tigris","AZ: Pinal Co., Park Link Rd, east of I-10 about 4 mi (12S, 472371, 3608110)"
"589",1755,"38612","BKS","A. tigris","AZ: Pinal Co., Park Link Rd, east of I-10 about 4 mi (12S, 472371, 3608110)"
"590",1756,"38822","BKS","A. tigris","AZ: La Paz Co., Bouse Wash at SR 95, 8 mi SE Parker (11S, 753915, 3766382)"
"591",1757,"38822","BKS","A. tigris","AZ: La Paz Co., Bouse Wash at SR 95, 8 mi SE Parker (11S, 753915, 3766382)"
"592",1758,"38822","BKS","A. tigris","AZ: La Paz Co., Bouse Wash at SR 95, 8 mi SE Parker (11S, 753915, 3766382)"
"593",1759,"38822","BKS","A. tigris","AZ: La Paz Co., Bouse Wash at SR 95, 8 mi SE Parker (11S, 753915, 3766382)"
"594",1760,"38822","BKS","A. tigris","CA: San Bernardino Co., SR 62, 5 mi. E Vidal Jct (11S, 736148, 3786019; same as 5/1/05)"
"595",1761,"38822","BKS","A. tigris","CA: San Bernardino Co., SR 62, 5 mi. E Vidal Jct (11S, 736148, 3786019; same as 5/1/05)"
"596",1762,"38822","BKS","A. tigris","CA: San Bernardino Co., SR 95 at Turtle Mtn Rd, 24 mi. N Vidal Jct (11S, 715521, 3823438)"
"597",1763,"38822","BKS","A. tigris","CA: San Bernardino Co., SR 95 at Turtle Mtn Rd, 24 mi. N Vidal Jct (11S, 715521, 3823438)"
"598",1764,"38843","BKS","A. tigris","AZ: Mohave Co., Hackberry Rd, 1 mi N SR 93, at McGarry’s Wash (12S, 258080, 3888715)"
"599",1765,"38843","BKS","A. tigris","AZ: Mohave Co., Hackberry Rd, 1 mi N SR 93, at McGarry’s Wash (12S, 258080, 3888715)"
"600",1766,"38843","BKS","A. tigris","AZ: Mohave Co., Hackberry Rd, 1 mi N SR 93, at McGarry’s Wash (12S, 258080, 3888715)"
"601",1767,"38843","BKS","A. tigris","AZ: Mohave Co., Hackberry Rd, 1 mi N SR 93, at McGarry’s Wash (12S, 258080, 3888715)"
"602",1768,"38843","BKS","A. tigris","AZ: Mohave Co., Hackberry Rd, 7 mi N SR 93 (12S, 260499, 3899256)"
"603",1769,"38843","BKS","A. tigris","AZ: Mohave Co., Hackberry Rd, 7 mi N SR 93 (12S, 260499, 3899256)"
"604",1770,"38843","BKS","A. tigris","AZ: Mohave Co., Hackberry Rd, 7 mi N SR 93 (12S, 260499, 3899256)"
"605",1771,"38843","BKS","A. tigris","AZ: Mohave Co., Hackberry Rd, 7 mi N SR 93 (12S, 260499, 3899256)"
"606",1772,"38843","BKS","A. tigris","AZ: Mohave Co., Hackberry Rd, 7 mi N SR 93 (12S, 260499, 3899256)"
"607",1773,"38843","BKS","A. tigris","AZ: Mohave Co., Hackberry Rd, 7 mi N SR 93 (12S, 260499, 3899256)"
"608",1774,"38843","BKS","A. tigris","AZ: Mohave Co., Truxton Wash, 2 mi NW Hackberry off rte 66 (12S, 250847, 3920761)"
"609",1775,"38843","BKS","A. tigris","AZ: Mohave Co., Truxton Wash, 2 mi NW Hackberry off rte 66 (12S, 250847, 3920761)"
"610",1776,"38844","BKS","A. tigris","AZ: Mohave Co., 3.0 mi SE Truxton on Rd to Cherokee (12S, 271856, 3929395, approximate)"
"611",1777,"38844","BKS","A. tigris","AZ: Mohave Co., 3.0 mi SE Truxton on Rd to Cherokee (12S, 271856, 3929395, approximate)"
"612",1778,"38844","BKS","A. tigris","AZ: Mohave Co., 3.0 mi SE Truxton on Rd to Cherokee (12S, 271856, 3929395, approximate)"
"613",1779,"38844","BKS","A. tigris","AZ: Mohave Co., 3.0 mi SE Truxton on Rd to Cherokee (12S, 271856, 3929395, approximate)"
"614",1780,"38844","BKS","A. tigris","AZ: Mohave Co., rte 66, 3.7 mi SW Truxton (12S, 261673, 3926702)"
"615",1781,"38844","BKS","A. tigris","AZ: Mohave Co., rte 66, 3.7 mi SW Truxton (12S, 261673, 3926702)"
"616",1782,"38844","BKS","A. tigris","AZ: Mohave Co., rte 66, 3.7 mi SW Truxton (12S, 261673, 3926702)"
"617",1783,"38852","BKS","A. tigiris","AZ: Yavapai Co., 12 mi S Santa Maria River @ SR 93 (12S, 305324, 3796002)[same as 19 AUG 05]"
"618",1784,"38852","BKS","A. tigiris","AZ: Yavapai Co., 12 mi S Santa Maria River @ SR 93 (12S, 305324, 3796002)[same as 19 AUG 05]"
"619",1785,"38852","BKS","A. tigiris","AZ: Yavapai Co., 12 mi S Santa Maria River @ SR 93 (12S, 305324, 3796002)[same as 19 AUG 05]"
"620",1786,"38852","BKS","A. tigiris","AZ: Yavapai Co., 12 mi S Santa Maria River @ SR 93 (12S, 305324, 3796002)[same as 19 AUG 05]"
"621",1787,"38852","BKS","A. tigiris","AZ: Yavapai Co., 12 mi S Santa Maria River @ SR 93 (12S, 305324, 3796002)[same as 19 AUG 05]"
"622",1788,"38852","BKS","A. tigiris","AZ: Yavapai Co., 12 mi S Santa Maria River @ SR 93 (12S, 305324, 3796002)[same as 19 AUG 05]"
"623",1789,"38852","BKS","A. tigiris","AZ: Yavapai Co., 12 mi S Santa Maria River @ SR 93 (12S, 305324, 3796002)[same as 19 AUG 05]"
"624",1790,"38852","BKS","A. tigiris","AZ: Yavapai Co., 12 mi S Santa Maria River @ SR 93 (12S, 305324, 3796002)[same as 19 AUG 05]"
"625",1791,"38854","BKS","A. tigiris","AZ: Yavapai Co., 3 mi E I-17along Bloody Basin Road (12S, 398695, 3791774)[same as 12 MAY 06]"
"626",1792,"38856","BKS","A. tigiris","AZ: Yavapai Co., 3 mi E I-17along Bloody Basin Road (12S, 398695, 3791774)[same as 12 MAY 06]"
"627",1793,"38858","BKS","A. tigiris","AZ: Yavapai Co., 3 mi E I-17along Bloody Basin Road (12S, 398695, 3791774)[same as 12 MAY 06]"
"628",1794,"38860","BKS","A. tigiris","AZ: Yavapai Co., 3 mi E I-17along Bloody Basin Road (12S, 398695, 3791774)[same as 12 MAY 06]"
"629",1795,"38862","BKS","A. tigiris","AZ: Yavapai Co., 3 mi E I-17along Bloody Basin Road (12S, 398695, 3791774)[same as 12 MAY 06]"
"630",1796,"38864","BKS","A. tigiris","AZ: Yavapai Co., 3 mi E I-17along Bloody Basin Road (12S, 398695, 3791774)[same as 12 MAY 06]"
"631",1797,"38866","BKS","A. tigiris","AZ: Yavapai Co., 3 mi E I-17along Bloody Basin Road (12S, 398695, 3791774)[same as 12 MAY 06]"
"632",1798,"38868","BKS","A. tigiris","AZ: Yavapai Co., 3 mi E I-17along Bloody Basin Road (12S, 398695, 3791774)[same as 12 MAY 06]"
"633",1799,"38856","BKS","A. tigiris","AZ: Gila Co., Tonto Creek, 7 mi SE SR 87 along SR 188 (12S, 471296, 3750378)"
"634",1800,"38856","BKS","A. tigiris","AZ: Gila Co., Tonto Creek, 7 mi SE SR 87 along SR 188 (12S, 471296, 3750378)"
"635",1801,"38856","BKS","A. tigiris","AZ: Gila Co., Tonto Creek, 7 mi SE SR 87 along SR 188 (12S, 471296, 3750378)"
"636",1802,"38856","BKS","A. tigiris","AZ: Gila Co., Tonto Creek, 7 mi SE SR 87 along SR 188 (12S, 471296, 3750378)"
"637",1803,"38857","BKS","A. tigiris","AZ: Gila Co., FR 184, 2 mi N Jake’s Corner"
"638",1804,"38857","BKS","A. tigiris","AZ: Gila Co., FR 184, 2 mi N Jake’s Corner"
"639",1805,"38857","BKS","A. tigiris","AZ: Gila Co., 2 mi E Payson along SR 260 (Home; 12S, 474056, 3790860)"
"640",1806,"38862","BKS","A. tigris","AZ: Yavapai Co., FR 372/75 (Rd to Cherry), 2 mi W SR 260 (12S, 414863, 3829075)"
"641",1807,"38862","BKS","A. tigris","AZ: Yavapai Co., FR 372/75 (Rd to Cherry), 2 mi W SR 260 (12S, 414863, 3829075)"
"642",1808,"38862","BKS","A. tigris","AZ: Yavapai Co., FR 372/75 (Rd to Cherry), 2 mi W SR 260 (12S, 414863, 3829075)"
"643",1809,"38863","BKS","A. tigris","AZ: Gila Co., FR 414, 3.5 mi SW Payson (12S, 462837, 3785055)"
"644",1810,"38863","BKS","A. tigris","AZ: Gila Co., FR 414, 3.5 mi SW Payson (12S, 462837, 3785055)"
"645",1811,"38863","BKS","A. tigris","AZ: Gila Co., FR 414, 3.5 mi SW Payson (12S, 462837, 3785055)"
"646",1812,"38863","BKS","A. tigris","AZ: Gila Co., FR 414, 3.5 mi SW Payson (12S, 462837, 3785055)"
"647",1813,"38863","BKS","A. tigris","AZ: Gila Co., FR 414, 3.5 mi SW Payson (12S, 462837, 3785055)"
"648",1814,"38863","BKS","A. tigris","AZ: Gila Co., FR 414, 3.5 mi SW Payson (12S, 462837, 3785055)"
"649",1815,"38863","BKS","A. tigris","AZ: Gila Co., FR 414, 3.5 mi SW Payson (12S, 462837, 3785055)"
"650",1816,"38863","BKS","A. tigris","AZ: Gila Co., FR 414, 3.5 mi SW Payson (12S, 462837, 3785055)"
"651",1817,"38864","BKS","A. tigris","AZ: Gila Co., Houston Mesa Trailhead, Payson (12S, 471684, 3792453)"
"652",1818,"38864","BKS","A. tigris","AZ: Gila Co., Houston Mesa Trailhead, Payson (12S, 471684, 3792453)"
"653",1819,"38864","BKS","A. tigris","AZ: Gila Co., Houston Mesa Trailhead, Payson (12S, 471684, 3792453)"
"654",1820,"38864","BKS","A. tigris","AZ: Gila Co., Houston Mesa Trailhead, Payson (12S, 471684, 3792453)"
"655",1821,"38864","BKS","A. tigris","AZ: Gila Co., Houston Mesa Trailhead, Payson (12S, 471684, 3792453)"
"656",1822,"38864","BKS","A. tigris","AZ: Gila Co., Houston Mesa Trailhead, Payson (12S, 471684, 3792453)"
"657",1823,"38868","BKS","A. tigris","CA: Riverside Co., Wiley’s Well Rd & I-10 (11S, 694017, 3720750)"
"658",1824,"38868","BKS","A. tigris","CA: Riverside Co., Wiley’s Well Rd & I-10 (11S, 694017, 3720750)"
"659",1825,"38868","BKS","A. tigris","CA: Riverside Co., I-10 exit at JTNM (south side), just north of I-10 (11S, 610989, 3726446)"
"660",1826,"38868","BKS","A. tigris","CA: Riverside Co., I-10 exit at JTNM (south side), just north of I-10 (11S, 610989, 3726446)"
"661",1827,"38882","BKS","A. tigris","AZ: Yavapai Co., 2-8 mi SE Hillside, on road through Date/Piedmont to SR 89 (12S, 323198, 3799022)"
"662",1828,"38882","BKS","A. tigris","AZ: Yavapai Co., 2-8 mi SE Hillside, on road through Date/Piedmont to SR 89 (12S, 323198, 3799022)"
"663",1829,"38882","BKS","A. tigris","AZ: Yavapai Co., 2-8 mi SE Hillside, on road through Date/Piedmont to SR 89 (12S, 323198, 3799022)"
"664",1830,"38882","BKS","A. tigris","AZ: Yavapai Co., 2-8 mi SE Hillside, on road through Date/Piedmont to SR 89 (12S, 323198, 3799022)"
"665",1831,"38882","BKS","A. tigris","AZ: Yavapai Co., 2-8 mi SE Hillside, on road through Date/Piedmont to SR 89 (12S, 323198, 3799022)"
"666",1832,"38882","BKS","A. tigris","AZ: Yavapai Co., 2-8 mi SE Hillside, on road through Date/Piedmont to SR 89 (12S, 323198, 3799022)"
"667",1833,"38882","BKS","A. tigris","AZ: Yavapai Co., 2-8 mi SE Hillside, on road through Date/Piedmont to SR 89 (12S, 323198, 3799022)"
"668",1834,"38882","BKS","A. tigris","AZ: Yavapai Co., 2-8 mi SE Hillside, on road through Date/Piedmont to SR 89 (12S, 323198, 3799022)"
"669",1835,"38884","BKS","A. tigris","AZ: Gila Co., Houston Mesa Trailhead, Payson (12S, 471684, 3792453)"
"670",1836,"38884","BKS","A. tigris","AZ: Gila Co., Houston Mesa Trailhead, Payson (12S, 471684, 3792453)"
"671",1837,"38885","BKS","A. tigris","AZ: Gila Co., Houston Mesa Trailhead, Payson (12S, 471684, 3792453)"
"672",1838,"38885","BKS","A. tigris","AZ: Gila Co., Houston Mesa Trailhead, Payson (12S, 471684, 3792453)"
"673",1839,"38935","BKS","A. tigris","AZ: Gila Co., FR 414, 3.5 mi SW Payson (12S, 462837, 3785055)"
"674",1840,"38935","BKS","A. tigris","AZ: Gila Co., FR 414, 3.5 mi SW Payson (12S, 462837, 3785055)"
"675",1841,"38935","BKS","A. tigris","AZ: Gila Co., FR 414, 3.5 mi SW Payson (12S, 462837, 3785055)"
"676",1829,"38882","BKS","A. tigris","AZ: Yavapai Co., 2-8 mi SE Hillside, on road through Date/Piedmont to SR 89 (12S, 323198, 3799022)"
"677",1830,"38882","BKS","A. tigris","AZ: Yavapai Co., 2-8 mi SE Hillside, on road through Date/Piedmont to SR 89 (12S, 323198, 3799022)"
"678",1831,"38882","BKS","A. tigris","AZ: Yavapai Co., 2-8 mi SE Hillside, on road through Date/Piedmont to SR 89 (12S, 323198, 3799022)"
"679",1832,"38882","BKS","A. tigris","AZ: Yavapai Co., 2-8 mi SE Hillside, on road through Date/Piedmont to SR 89 (12S, 323198, 3799022)"
"680",1833,"38882","BKS","A. tigris","AZ: Yavapai Co., 2-8 mi SE Hillside, on road through Date/Piedmont to SR 89 (12S, 323198, 3799022)"
"681",1834,"38882","BKS","A. tigris","AZ: Yavapai Co., 2-8 mi SE Hillside, on road through Date/Piedmont to SR 89 (12S, 323198, 3799022)"
"682",1835,"38884","BKS","A. tigris","AZ: Gila Co., Houston Mesa Trailhead, Payson (12S, 471684, 3792453)"
"683",1836,"38884","BKS","A. tigris","AZ: Gila Co., Houston Mesa Trailhead, Payson (12S, 471684, 3792453)"
"684",1837,"38885","BKS","A. tigris","AZ: Gila Co., Houston Mesa Trailhead, Payson (12S, 471684, 3792453)"
"685",1838,"38885","BKS","A. tigris","AZ: Gila Co., Houston Mesa Trailhead, Payson (12S, 471684, 3792453)"
"686",1839,"38935","BKS","A. tigris","AZ: Gila Co., FR 414, 3.5 mi SW Payson (12S, 462837, 3785055)"
"687",1840,"38935","BKS","A. tigris","AZ: Gila Co., FR 414, 3.5 mi SW Payson (12S, 462837, 3785055)"
"688",1841,"38935","BKS","A. tigris","AZ: Gila Co., FR 414, 3.5 mi SW Payson (12S, 462837, 3785055)"
"689",1842,"38943","BKS","A. tigris","AZ:  Maricopa Co., W of Mobile on SR 238 @ mm 24 (12S, 375649, 3656656)"
"690",1843,"38943","BKS","A. tigris","AZ:  Maricopa Co., W of Mobile on SR 238 @ mm 24 (12S, 375649, 3656656)"
"691",1844,"38943","BKS","A. tigris","AZ:  Maricopa Co., W of Mobile on SR 238 @ mm 24 (12S, 375649, 3656656)"
"692",1845,"38943","BKS","A. tigris","AZ:  Maricopa Co., W of Mobile on SR 238 @ mm 24 (12S, 375649, 3656656)"
"693",1846,"38943","BKS","A. tigris","AZ:  Maricopa Co., W of Mobile on SR 238 @ mm 24 (12S, 375649, 3656656)"
"694",1847,"38943","BKS","A. tigris","AZ:  Maricopa Co., W of Mobile on SR 238 @ mm 24 (12S, 375649, 3656656)"
"695",1848,"38943","BKS","A. tigris","AZ:  Maricopa Co., W of Mobile on SR 238 @ mm 24 (12S, 375649, 3656656)"
"696",1849,"38943","BKS","A. tigris","AZ:  Maricopa Co., W of Mobile on SR 238 @ mm 24 (12S, 375649, 3656656)"
"697",1850,"38943","BKS","A. tigris","AZ:  Maricopa Co., W of Mobile on SR 238 @ mm 24 (12S, 375649, 3656656)"
"698",1851,"38962","BKS","A. burti","AZ:  Santa Cruz Co., Calabasas Wash, Ruby Rd (SR 289), (UTM: 12R, 496699, 3473308)"
"699",1852,"38962","BKS","A. burti","AZ:  Santa Cruz Co., Calabasas Wash, Ruby Rd (SR 289), (UTM: 12R, 496699, 3473308)"
"700",1853,"39187","BKS","A.tigris","AZ:  Maricopa Co., west of Gillespie Dam, old SR 80 (UTM:  12S, 334222, 3678172)"
"701",1854,"39187","BKS","A.tigris","AZ:  Maricopa Co., west of Gillespie Dam, old SR 80 (UTM:  12S, 334222, 3678172)"
"702",1855,"39187","BKS","A.tigris","AZ:  Maricopa Co., west of Gillespie Dam, old SR 80 (UTM:  12S, 334222, 3678172)"
"703",1856,"39216","BKS","A. pai","AZ:  Coconino Co., 28 mi N Flagstaff, Babbitt Ranch"
"704",1857,"39216","BKS","A. pai","AZ:  Coconino Co., 28 mi N Flagstaff, Babbitt Ranch"
"705",1858,"39216","BKS","A. tigris","AZ:  Coconino Co., SR 89A, 5 mi W Marble Cyn (12S, 436144, 4067540)"
"706",1859,"39216","BKS","A. tigris","AZ:  Coconino Co., SR 89A, 5 mi W Marble Cyn (12S, 436144, 4067540)"
"707",1860,"39216","BKS","A. tigris","AZ:  Coconino Co., SR 89A, 5 mi W Marble Cyn (12S, 436144, 4067540)"
"708",1861,"39217","BKS","A. tigris","AZ:  Coconino Co., SR 89A, 5 mi W Marble Cyn (12S, 436144, 4067540)"
"709",1862,"39217","BKS","A. tigris","AZ:  Coconino Co., SR 89A, 5 mi W Marble Cyn (12S, 436144, 4067540)"
"710",1863,"39217","BKS","A. tigris","AZ:  Coconino Co., SR 89A, 5 mi W Marble Cyn (12S, 436144, 4067540)"
"711",1864,"39217","BKS","A. tigris","AZ:  Coconino Co., SR 89A, 5 mi W Marble Cyn (12S, 436144, 4067540)"
"712",1865,"39217","BKS","A. tigris","AZ:  Coconino Co., SR 89A, 5 mi W Marble Cyn (12S, 436144, 4067540)"
"713",1866,"39217","BKS","A. tigris","AZ:  Coconino Co., SR 89A, 22 mi W Marble Cyn at Wildlife Refuge Rd (12S, 415520, 4062178)"
"714",1867,"39217","BKS","A. tigris","AZ:  Coconino Co., SR 89A, 22 mi W Marble Cyn at Wildlife Refuge Rd (12S, 415520, 4062178)"
"715",1868,"39217","BKS","A. tigris","AZ:  Coconino Co., SR 89A, 22 mi W Marble Cyn at Wildlife Refuge Rd (12S, 415520, 4062178)"
"716",1869,"39217","BKS","A. tigris","AZ:  Coconino Co., SR 89A, 22 mi W Marble Cyn at Wildlife Refuge Rd (12S, 415520, 4062178)"
"717",1870,"39217","BKS","A. tigris","AZ:  Coconino Co., SR 89A, 22 mi W Marble Cyn at Wildlife Refuge Rd (12S, 415520, 4062178)"
"718",1871,"39217","BKS","A. tigris","AZ:  Coconino Co., SR 89A, 22 mi W Marble Cyn at Wildlife Refuge Rd (12S, 415520, 4062178)"
"719",1872,"39217","BKS","S.magister","AZ:  Coconino Co., SR 89A, 5 mi W Marble Cyn (12S, 436144, 4067540)"
"720",1873,"39221","BKS","Uma scoparia","AZ:  La Paz Co., SR 95, 17 mi N Quartzite (11S, 756958, 3755811)"
"721",1874,"39221","BKS","Uma scoparia","AZ:  La Paz Co., SR 95, 17 mi N Quartzite (11S, 756958, 3755811)"
"722",1875,"39221","BKS","A. tigris","AZ:  La Paz Co., SR 95, 17 mi N Quartzite (11S, 756958, 3755811)"
"723",1876,"39221","BKS","A. tigris","AZ:  La Paz Co., SR 95, 17 mi N Quartzite (11S, 756958, 3755811)"
"724",1877,"39221","BKS","A. tigris","AZ:  La Paz Co., SR 95, 17 mi N Quartzite (11S, 756958, 3755811)"
"725",1878,"39221","BKS","A. tigris","AZ:  La Paz Co., SR 95, 17 mi N Quartzite (11S, 756958, 3755811)"
"726",1879,"39226","BKS","A. pai","AZ:  Gila Co., El Oso Rd, 7.5-8.2 mi W SR 188 (12S, 469157, 3732108)"
"727",1879,"39226","BKS","A. pai","AZ:  Gila Co., El Oso Rd, 7.5-8.2 mi W SR 188 (12S, 469157, 3732108)"
"728",1880,"39226","BKS","A. pai","AZ:  Gila Co., El Oso Rd, 7.5-8.2 mi W SR 188 (12S, 469157, 3732108)"
"729",1881,"39226","BKS","A. pai","AZ:  Gila Co., El Oso Rd, 7.5-8.2 mi W SR 188 (12S, 469157, 3732108)"
"730",1882,"39226","BKS","A. pai","AZ:  Gila Co., El Oso Rd, 7.5-8.2 mi W SR 188 (12S, 469157, 3732108)"
"731",1883,"39226","BKS","A. pai","AZ:  Gila Co., El Oso Rd, 7.5-8.2 mi W SR 188 (12S, 469157, 3732108)"
"732",1884,"39226","BKS","A. pai","AZ:  Gila Co., El Oso Rd, 7.5-8.2 mi W SR 188 (12S, 469157, 3732108)"
"733",1885,"39226","BKS","Crotalus cerberus","AZ:  Gila Co., El Oso Rd, 7.5-8.2 mi W SR 188 (12S, 469157, 3732108)"
"734",1886,"39226","BKS","A. tigris","AZ:  Gila Co., El Oso Rd, 7.0 mi W SR 188 (12S, 468942, 3733235)"
"735",1887,"39226","BKS","A. tigris","AZ:  Gila Co., El Oso Rd, 7.0 mi W SR 188 (12S, 468942, 3733235)"
"736",1888,"39227","BKS","A. tigris","AZ:  Navajo Co., IR 71, 5 mi N Winslow, west of L. Col. River (12S, 528695, 3887097)"
"737",1889,"39227","BKS","A. tigris","AZ:  Navajo Co., IR 71, 5 mi N Winslow, west of L. Col. River (12S, 528695, 3887097)"
"738",1890,"39227","BKS","A. tigris","AZ:  Navajo Co., IR 71, 5 mi N Winslow, west of L. Col. River (12S, 528695, 3887097)"
"739",1891,"39233","BKS","A. pai","AZ:  Coconino Co., SR 64, 23 mi W SR 89 (12S, 429735, 3979417)"
"740",1892,"39233","BKS","A. pai","AZ:  Coconino Co., SR 64, 23 mi W SR 89 (12S, 429735, 3979417)"
"741",1893,"39233","BKS","A. pai","AZ:  Coconino Co., SR 64, 23 mi W SR 89 (12S, 429735, 3979417)"
"742",1894,"39233","BKS","A. pai","AZ:  Coconino Co., SR 64, 23 mi W SR 89 (12S, 429735, 3979417)"
"743",1895,"39233","BKS","A. pai","AZ:  Coconino Co., SR 64, 23 mi W SR 89 (12S, 429735, 3979417)"
"744",1896,"39240","BKS","A. tigris","AZ:  Graham Co., Emory Cemetary (12S, 591308, 3658514)"
"745",1897,"39240","BKS","A. tigris","AZ:  Graham Co., Emory Cemetary (12S, 591308, 3658514)"
"746",1898,"39240","BKS","A. tigris","AZ:  Graham Co., Whitlock Valley immediately S of SR 70"
"747",1899,"39240","BKS","A. tigris","AZ:  Graham Co., Whitlock Valley immediately S of SR 72"
"748",1900,"39240","BKS","A. tigris","AZ:  Graham Co., Whitlock Valley immediately S of SR 74"
"749",1901,"39240","BKS","A. tigris","AZ:  Graham Co., Whitlock Valley immediately S of SR 76"
"750",1902,"39241","BKS","A. tigris","AZ:  Graham Co., Klondyke Rd, 1.5 mi W of SR 70 (12S, 599013, 3649791)"
"751",1903,"39241","BKS","A. tigris","AZ:  Graham Co., Klondyke Rd, 1.5 mi W of SR 70 (12S, 599013, 3649791)"
"752",1904,"39241","BKS","A. tigris","AZ:  Graham Co., Klondyke Rd, 1.5 mi W of SR 70 (12S, 599013, 3649791)"
"753",1905,"39241","BKS","A. tigris","AZ:  Graham Co., Klondyke Rd, 1.5 mi W of SR 70 (12S, 599013, 3649791)"
"754",1906,"39241","BKS","A. tigris","AZ:  Graham Co., Klondyke Rd, 1.5 mi W of SR 70 (12S, 599013, 3649791)"
"755",1907,"39241","BKS","A. tigris","AZ:  Graham Co., Klondyke Rd, 1.5 mi W of SR 70 (12S, 599013, 3649791)"
"756",1908,"39241","BKS","M. flagellum","AZ: Gila Co., SR 77 2 mi SW of SR 70"
"757",1909,"39287","BKS","A. tigrinum","AZ:  Gila Co., Payson (Chaparral Pines home)"
"758",1910,"39287","BKS","S. clarkii","AZ:  Gila Co., Payson (Chaparral Pines home)"
"759",1911,"39327","BKS","A. tigris","AZ:  Pinal Co., Aravaipa Rd, just east SR 77 (12S, 530182, 3635655)"
"760",1912,"39327","BKS","A. tigris","AZ:  Pinal Co., Aravaipa Rd, just east SR 77 (12S, 530182, 3635655)"
"761",1913,"39327","BKS","A. tigris","AZ:  Pinal Co., Aravaipa Rd, just east SR 77 (12S, 530182, 3635655)"
"762",1914,"39327","BKS","A. tigris","AZ:  Pinal Co., Aravaipa Rd, just east SR 77 (12S, 530182, 3635655)"
"763",1915,"39557","BKS","A. tigris","AZ:  Pima Co., SR 85 and Mead Rd, 10 mi N of Ajo (12S, 324393E, 3593626N)"
"764",1916,"39557","BKS","A. tigris","AZ:  Pima Co., SR 85 and Mead Rd, 10 mi N of Ajo (12S, 324393, 3593626)"
"765",1917,"39557","BKS","A. tigris","AZ:  Pima Co., SR 85 and Gunsight Wash, 3 mi S Why (12S, 335308E, 3568197N)"
"766",1918,"39598","BKS","A. tigris","AZ:  Pima Co., SR 85 and Mead Rd, 10 mi N of Ajo (12S, 324393, 3593626)"
"767",1919,"39598","BKS","A. tigris","AZ:  Pima Co., SR 85 and Mead Rd, 10 mi N of Ajo (12S, 324393, 3593626)"
"768",1920,"39598","BKS","A. tigris","AZ:  Pima Co., SR 85 and Mead Rd, 10 mi N of Ajo (12S, 324393, 3593626)"
"769",1921,"39598","BKS","A. tigris","AZ:  Pima Co., SR 85 and Mead Rd, 10 mi N of Ajo (12S, 324393, 3593626)"
"770",1922,"39598","BKS","A. tigris","AZ:  Pima Co., SR 85 and Mead Rd, 10 mi N of Ajo (12S, 324393, 3593626)"
"771",1923,"39598","BKS","A. tigris","AZ:  Pima Co., SR 85 and Mead Rd, 10 mi N of Ajo (12S, 324393, 3593626)"
"772",1924,"39598","BKS","A. tigris","AZ:  Pima Co., SR 85 and Mead Rd, 10 mi N of Ajo (12S, 324393, 3593626)"
"773",1925,"39600","BKS","A. pai","AZ:  Coconino Co., SR 64, 23 mi W SR 89 (12S, 429735, 3979417)"
"774",1926,"39602","BKS","A. pai","AZ:  Coconino Co., SR 64, 23 mi W SR 89 (12S, 429735, 3979417)"
"775",1927,"39604","BKS","A. pai","AZ:  Coconino Co., SR 64, 23 mi W SR 89 (12S, 429735, 3979417)"
"776",1928,"39606","BKS","A. pai","AZ:  Coconino Co., SR 64, 23 mi W SR 89 (12S, 429735, 3979417)"
"777",1929,"39601","BKS","A. pai","AZ: Coconino Co., SR 64, 23 mi W SR 89, west side (12S, 429287, 3979072)"
"778",1930,"39601","BKS","A. pai","AZ: Coconino Co., SR 64, 23 mi W SR 89, west side (12S, 429287, 3979072)"
"779",1931,"39604","BKS","A. tigris","AZ:  Navajo Co., IR 71, about 5 mi N Winslow, east side toward LCR (12S, 528573E, 3887096N; el = 1471 m)"
"780",1932,"39604","BKS","A. tigris","AZ:  Navajo Co., IR 71, about 5 mi N Winslow, east side toward LCR (12S, 528573E, 3887096N; el = 1471 m)"
"781",1933,"39604","BKS","A. tigris","AZ:  Navajo Co., IR 71, about 5 mi N Winslow, east side toward LCR (12S, 528573E, 3887096N; el = 1471 m)"
"782",1934,"39604","BKS","A. tigris","AZ:  Navajo Co., IR 71, about 5 mi N Winslow, east side toward LCR (12S, 528573E, 3887096N; el = 1471 m)"
"783",1935,"39604","BKS","A. tigris","AZ:  Navajo Co., IR 71, about 5 mi N Winslow, east side toward LCR (12S, 528573E, 3887096N; el = 1471 m)"
"784",1936,"39611","BKS","A. tigris","AZ: Pima Co., Santa Rita Exp. Range, about 5 mi. east of I-19 (12R, 506478, 3520717)"
"785",1937,"39611","BKS","A. tigris","AZ: Pima Co., Santa Rita Exp. Range, about 5 mi. east of I-19 (12R, 506478, 3520717)"
"786",1938,"39611","BKS","A. tigris","AZ: Pima Co., Santa Rita Exp. Range, about 5 mi. east of I-19 (12R, 506478, 3520717)"
"787",1939,"39611","BKS","A tigris","AZ: Pima Co., Santa Rita Exp. Range, about 5 mi. east of I-19 (12R, 506478, 3520717)"
"788",1940,"39611","BKS","A. burti","AZ:  Santa Cruz Co., Calabasas Wash, Ruby Rd (SR 289), (UTM: 12R, 496699, 3473308)"
"789",1941,"39611","BKS","A. burti","AZ:  Santa Cruz Co., Calabasas Wash, Ruby Rd (SR 289), (UTM: 12R, 496699, 3473308)"
"790",1942,"39632","BKS","A. tigris","AZ:  Santa Cruz Co., Chavez siding rd exit (# 40) off I-19, SW Madera Cyn (12R, 493938, 3501887)"
"791",1943,"39632","BKS","A. tigris","AZ:  Santa Cruz Co., Chavez siding rd exit (# 40) off I-19, SW Madera Cyn (12R, 493938, 3501887)"
"792",1944,"39667","BKS","A. inornata","NM:  De Baca Co., immediately NW of Yeso, 20 mi W Ft Sumner, SR 60 (13S, 535644E, 3811965N; el 1449)"
"793",1945,"39667","BKS","A. inornata","NM:  De Baca Co., immediately NW of Yeso, 20 mi W Ft Sumner, SR 60 (13S, 535644E, 3811965N; el 1449)"
"794",1946,"39667","BKS","A. inornata","NM:  De Baca Co., immediately NW of Yeso, 20 mi W Ft Sumner, SR 60 (13S, 535644E, 3811965N; el 1449)"
"795",1947,"39667","BKS","A. inornata","NM:  Torrance Co., 10 mi E Willard, SR 60 (13S, 430171E, 3838083N; el 1903)"
"796",1948,"39667","BKS","A. inornata","NM:  Torrance Co., 10 mi E Willard, SR 60 (13S, 430171E, 3838083N; el 1903)"
"797",1949,"39667","BKS","A. inornata","NM:  Torrance Co., 10 mi E Willard, SR 60 (13S, 430171E, 3838083N; el 1903)"
"798",1950,"39667","BKS","A. inornata","NM:  Socorro Co., 10 mi E Bernardo, SR 60 (13S, 348017E, 3809682N)"
"799",1951,"39889","BKS","R. yavapaiensis","AZ:  Yavapai Co., Black Canyon Creek, just north Blk Cyn City (34 deg, 05’, 23” N; 112 deg, 09’, 08”)"
"800",1952,"39891","BKS","B. microscaphus","AZ:  Yavapai Co., Agua Fria River at Bloody Basin Road Crossing (12S, 402103, 3791004 UTM)"
"801",1953,"39891","BKS","B. microscaphus","AZ:  Yavapai Co., Agua Fria River at Bloody Basin Road Crossing (12S, 402103, 3791004 UTM)"
"802",1954,"39891","BKS","B. microscaphus","AZ:  Yavapai Co., Agua Fria River at Bloody Basin Road Crossing (12S, 402103, 3791004 UTM)"
"803",1955,"39891","BKS","B. microscaphus","AZ:  Yavapai Co., Agua Fria River at Bloody Basin Road Crossing (12S, 402103, 3791004 UTM)"
"804",1956,"39891","BKS","B. microscaphus","AZ:  Yavapai Co., Agua Fria River at Bloody Basin Road Crossing (12S, 402103, 3791004 UTM)"
"805",1957,"39891","BKS","B. microscaphus","AZ:  Yavapai Co., Agua Fria River at Bloody Basin Road Crossing (12S, 402103, 3791004 UTM)"
"806",1958,"39891","BKS","B. microscaphus","AZ:  Yavapai Co., Agua Fria River at Bloody Basin Road Crossing (12S, 402103, 3791004 UTM)"
"807",1959,"39891","BKS","B. microscaphus","AZ:  Yavapai Co., Agua Fria River at Bloody Basin Road Crossing (12S, 402103, 3791004 UTM)"
"808",1960,"39891","BKS","B. microscaphus","AZ:  Yavapai Co., Agua Fria River at Bloody Basin Road Crossing (12S, 402103, 3791004 UTM)"
"809",1961,"39891","BKS","B. microscaphus","AZ:  Yavapai Co., Agua Fria River at Bloody Basin Road Crossing (12S, 402103, 3791004 UTM)"
"810",1962,"39891","BKS","B. microscaphus","AZ:  Yavapai Co., Agua Fria River at Bloody Basin Road Crossing (12S, 402103, 3791004 UTM)"
"811",1963,"39891","BKS","B. microscaphus","AZ:  Yavapai Co., Agua Fria River at Bloody Basin Road Crossing (12S, 402103, 3791004 UTM)"
"812",1964,"39929","BKS","HYBRID (Bm X Bw)","AZ:  Yavapai Co., Black Canyon Crk, immediately W of Dog Track, 2 km N BlkCynCity (34°05’23” N; 112°09’08” W)"
"813",1965,"39929","BKS","HYBRID (Bm X Bw)","AZ:  Yavapai Co., Black Canyon Crk, immediately W of Dog Track, 2 km N BlkCynCity (34°05’23” N; 112°09’08” W)"
"814",1966,"39944","BKS","A. tigris","CA:  Wiley Well Rd, I-10, Riverside Co., CA (immediately W of rest stop:  11S, 694084, 3720974)"
"815",1967,"39944","BKS","A. tigris","CA:  Wiley Well Rd, I-10, Riverside Co., CA (immediately W of rest stop:  11S, 694084, 3720974)"
"816",1968,"39952","BKS","B. woodhousii","AZ:  Jomax Rd crossing of Agua Fria River, Maricopa Co., AZ"
"817",1969,"39952","BKS","B. woodhousii","AZ:  Jomax Rd crossing of Agua Fria River, Maricopa Co., AZ"
"818",1970,"39952","BKS","B. woodhousii","AZ:  Jomax Rd crossing of Agua Fria River, Maricopa Co., AZ"
"819",1971,"39952","BKS","B. woodhousii","AZ:  Jomax Rd crossing of Agua Fria River, Maricopa Co., AZ"
"820",1972,"39952","BKS","B. woodhousii","AZ:  Jomax Rd crossing of Agua Fria River, Maricopa Co., AZ"
"821",1973,"39952","BKS","B. woodhousii","AZ:  Jomax Rd crossing of Agua Fria River, Maricopa Co., AZ"
"822",1974,"39952","BKS","B. woodhousii","AZ:  Jomax Rd crossing of Agua Fria River, Maricopa Co., AZ"
"823",1975,"39952","BKS","B. woodhousii","AZ:  Jomax Rd crossing of Agua Fria River, Maricopa Co., AZ"
"824",1976,"39952","BKS","B. woodhousii","AZ:  Jomax Rd crossing of Agua Fria River, Maricopa Co., AZ"
"825",1977,"39952","BKS","B. woodhousii","AZ:  Jomax Rd crossing of Agua Fria River, Maricopa Co., AZ"
"826",1978,"39957","BKS","A. inornata","NM:  Socorro Co., rte 380 at rte 525 (Trinity) (13S, 345123, 3749791)"
"827",1979,"39957","BKS","A. inornata","NM:  Socorro Co., rte 380 at rte 525 (Trinity) (13S, 345123, 3749791)"
"828",1980,"39957","BKS","A. inornata","NM:  Socorro Co., rte 380 at rte 525 (Trinity) (13S, 345123, 3749791)"
"829",1981,"39957","BKS","A. inornata","NM:  Socorro Co., rte 380 at rte 525 (Trinity) (13S, 345123, 3749791)"
"830",1982,"39957","BKS","A. inornata","NM:  Socorro Co., rte 380 at rte 525 (Trinity) (13S, 345123, 3749791)"
"831",1983,"39957","BKS","A. inornata","NM:  Socorro Co., rte 380 at rte 525 (Trinity) (13S, 345123, 3749791)"
"832",1984,"39957","BKS","A. inornata","NM:  Socorro Co., rte 380 at rte 525 (Trinity) (13S, 345123, 3749791)"
"833",1985,"39957","BKS","A. inornata","NM:  Socorro Co., rte 380 at rte 525 (Trinity) (13S, 345123, 3749791)"
"834",1986,"39957","BKS","A. inornata","NM:  Socorro Co., rte 380 at rte 525 (Trinity) (13S, 345123, 3749791)"
"835",1987,"39957","BKS","A. inornata","NM:  Socorro Co., rte 380 at rte 525 (Trinity) (13S, 345123, 3749791)"
"836",1988,"39958","BKS","A. inornata","NM:  Lincoln Co., rte 54 @ rte 349, north Carrizozo (13S, 421364, 3727879)"
"837",1989,"39958","BKS","A. inornata","NM:  Lincoln Co., rte 54 @ rte 349, north Carrizozo (13S, 421364, 3727879)"
"838",1990,"39958","BKS","A. inornata","NM:  Lincoln Co., rte 54 @ rte 349, north Carrizozo (13S, 421364, 3727879)"
"839",1991,"39958","BKS","A. inornata","NM:  Lincoln Co., rte 54 @ rte 349, north Carrizozo (13S, 421364, 3727879)"
"840",1992,"39958","BKS","A. inornata","NM:  Lincoln Co., rte 54 @ rte 349, north Carrizozo (13S, 421364, 3727879)"
"841",1993,"39958","BKS","A. inornata","NM:  Lincoln Co., rte 54 @ rte 349, north Carrizozo (13S, 421364, 3727879)"
"842",1994,"39958","BKS","A. inornata","NM:  Lincoln Co., rte 54 @ rte 349, north Carrizozo (13S, 421364, 3727879)"
"843",1995,"39958","BKS","A. inornata","NM:  Lincoln Co., rte 54 @ rte 349, north Carrizozo (13S, 421364, 3727879)"
"844",1996,"39958","BKS","A. inornata","NM:  Lincoln Co., rte 54 @ rte 349, north Carrizozo (13S, 421364, 3727879)"
"845",1997,"39958","BKS","A. inornata","NM:  Lincoln Co., rte 54 @ rte 349, north Carrizozo (13S, 421364, 3727879)"
"846",1998,"39958","BKS","A. inornata","NM:  Torrance Co., rte 42 @ 7 mi SE of Willard"
"847",1999,"39958","BKS","A. inornata","NM:  Socorro Co., rte 60 @ 10 mi E of Bernardo"
"848",2000,"39958","BKS","A. inornata","NM:  Socorro Co., rte 60 @ 10 mi E of Bernardo"
