X,Specimen.Number,Alternative.tube.info,DNA.Concentration..ng.uL.,Species,LocalityInformation,Latitude,Longitude,Sex,Date,county,state,country,notes
1,AJB140,NA,NA,velox,AJB,35.217638,-111.4307,NA,6/2/19,Coconino County,Arizona,United States,
2,AJB141,NA,NA,neomexicanus,AJB,35.288626,-106.62924,NA,6/4/19,Sandoval County,New Mexico,United States,
3,AJB170,NA,NA,burti,AJB,33.22227,-112.23268,M,4/13/24,Maricopa County,Arizona,United States,
4,AJB178,NA,NA,burti,AJB,32.748663,-112.12819,M,5/19/24,Pinal County,Arizona,United States,
5,AJB179,NA,NA,burti,AJB,32.748663,-112.12819,M,5/19/24,Pinal County,Arizona,United States,
6,AJB190,NA,NA,cozumelus,AJB,NA,NA,NA,NA,NA,NA,NA,AJB 190 is maslini on AJB sheet
7,AJB192,NA,NA,angusticeps,AJB,18.52994,-90.758607,F,7/16/24,NA,Campeche,Mexico,
8,AJB218,NA,NA,cozumelus,AJB,NA,NA,NA,8/20/23,NA,NA,NA,
9,APG250,NA,NA,exsanguis,AllRAD,31.758410000000001,-106.45786,NA,NA,Juárez,Chihuahua,México,
10,APG254,NA,NA,arizonae,AllRAD,30.21106,-106.07866,NA,NA,Ahumada,Chihuahua,México,
11,APG255,NA,NA,velox,AllRAD,30.21106,-106.07866,NA,NA,Ahumada,Chihuahua,México,
12,APG259,NA,NA,velox,AllRAD,30.21106,-106.07866,NA,NA,Ahumada,Chihuahua,México,
13,APG281,NA,NA,arizonae,AllRAD,29.366520000000001,-104.89535,NA,NA,Coyame del Sotol,Chihuahua,México,
14,APG282,NA,NA,marmoratus,AllRAD,29.3462,-104.89677,NA,NA,Coyame del Sotol,Chihuahua,México,
15,APG287,NA,NA,arizonae,AllRAD,29.32066,-104.96623,NA,NA,Coyame del Sotol,Chihuahua,México,
16,APG297,NA,NA,arizonae,AllRAD,27.883880000000001,-105.22798,NA,NA,La Cruz,Chihuahua,México,
17,APG308,NA,NA,exsanguis,AllRAD,28.453240000000001,-105.81427,NA,NA,Municipio de Chihuahua,Chihuahua,México,
18,AUHT6145,NA,NA,gularis,AllRAD,29.302399999999999,-103.1735,NA,NA,Brewster County,Texas,United States,
19,CAS210988,NA,NA,sexlineatus,AllRAD,28.838027777800001,-82.32980556,NA,NA,Citrus County,Florida,United States,
20,CAS229014,NA,NA,velox,AllRAD,37.341500000000003,-108.8176667,F,NA,Montezuma County,Colorado,United States,
21,GBP3592,NA,NA,sonorae,AllRAD,33.609859,-117.33169,NA,NA,Riverside County,California,United States,
22,GBP3593,NA,32.4,sonorae,AllRAD,33.609859,-117.33169,NA,NA,Riverside County,California,United States,
23,GBP4366,NA,NA,sonorae,AllRAD,NA,NA,NA,NA,NA,NA,NA,
24,GBP4368,NA,NA,sonorae,AllRAD,NA,NA,NA,NA,NA,NA,NA,
25,GBP4509,NA,NA,sonorae,AllRAD,NA,NA,NA,NA,NA,NA,NA,
26,GBP4620,NA,NA,tesselatus,AllRAD,NA,NA,NA,NA,NA,NA,NA,
27,GBP4623,NA,NA,tesselatus,AllRAD,NA,NA,NA,NA,NA,NA,NA,
28,GBP4649,NA,NA,tesselatus,AllRAD,NA,NA,NA,NA,NA,NA,NA,
29,GBP4665,NA,NA,tesselatus,AllRAD,NA,NA,NA,NA,NA,NA,NA,
30,GBP4666,NA,NA,tesselatus,AllRAD,NA,NA,NA,NA,NA,NA,NA,
31,LACM328,NA,131,exsanguis,AllRAD,32.31222,-106.77778,NA,NA,Doña Ana County,New Mexico,United States,
32,LACM33,NA,168,cozumelus,AllRAD,21.26,-86.75,NA,NA,Isla Mujeres,Qintana Roo,México,
33,LACM334,NA,81.7,sonorae,AllRAD,29.91,-109.3,NA,NA,NA,Sonora,México,
34,LACM360,NA,31.1,exsanguis,AllRAD,32.31222,-106.77778,NA,NA,Doña Ana County,New Mexico,United States,
35,LACM386,NA,186,sonorae,AllRAD,NA,NA,NA,NA,NA,Arizona,United States,
36,LACM397,NA,273,sonorae,AllRAD,33.23722,-108.88111,NA,NA,Catron County,New Mexico,United States,
37,LACM534,NA,92.3,sonorae,AllRAD,29.91,-109.3,NA,NA,NA,Sonora,México,
38,LACM929,NA,111,exsanguis,AllRAD,NA,NA,NA,NA,Sandoval County,New Mexico,United States,
39,LACMTC305,NA,NA,velox,AllRAD,NA,NA,NA,NA,NA,NA,NA,
40,LACMTC394,NA,NA,sonorae,AllRAD,NA,NA,NA,NA,NA,NA,NA,
41,LACMTC396,NA,NA,sonorae,AllRAD,33.23722,-108.88111,NA,NA,Catron County,New Mexico,United States,
42,LACMTC565,NA,NA,velox,AllRAD,NA,NA,NA,NA,NA,NA,NA,
43,LACMTC566,NA,NA,velox,AllRAD,NA,NA,NA,NA,NA,New Mexico,United States,
44,LACMTC567,NA,NA,sonorae,AllRAD,NA,NA,NA,NA,NA,NA,NA,
45,LACMTC582,NA,NA,exsanguis,AllRAD,NA,NA,NA,NA,NA,NA,NA,
46,LACMTC815,NA,NA,exsanguis,AllRAD,NA,NA,NA,NA,NA,NA,NA,
47,LSUH-18938,NA,NA,sexlineatus,AllRAD,NA,NA,NA,NA,NA,NA,NA,
48,LSUH21201,NA,NA,sexlineatus,AllRAD,NA,NA,NA,NA,NA,NA,NA,
49,MSB74831,NA,NA,marmoratus,AllRAD,32.095005550000003,-108.9754239,NA,NA,Hidalgo County,New Mexico,United States,
50,MSB96644,NA,NA,gularis,AllRAD,33.052399999999999,-103.9046,F,NA,Chaves County,New Mexico,United States,
51,MSB98711,NA,NA,exsanguis,AllRAD,35.039270000000002,-106.66719,F,NA,Bernalillo County,New Mexico,United States,
52,MSB98728,NA,NA,velox,AllRAD,35.032150000000001,-106.67072,F,NA,Bernalillo County,New Mexico,United States,
53,MSB98729,NA,NA,exsanguis,AllRAD,35.033799999999999,-106.67072,F,NA,Bernalillo County,New Mexico,United States,
54,MSB98731,NA,NA,exsanguis,AllRAD,35.036009999999997,-106.66921,F,NA,Bernalillo County,New Mexico,United States,
55,MSB98740,NA,NA,exsanguis,AllRAD,NA,NA,NA,NA,NA,NA,NA,
56,MSB98744,NA,NA,velox,AllRAD,34.003959999999999,-106.99154,F,NA,Socorro County,New Mexico,United States,
57,MSB98748,NA,NA,tesselatus,AllRAD,34.145740000000004,-106.9668,F,NA,Socorro County,New Mexico,United States,
58,MSB98749,NA,NA,tesselatus,AllRAD,34.145740000000004,-106.97063,F,NA,Socorro County,New Mexico,United States,
59,MSB98794,NA,NA,velox,AllRAD,NA,NA,NA,NA,NA,NA,NA,
60,MSB98848,NA,NA,exsanguis,AllRAD,32.096939999999996,-108.97523,F,NA,Hidalgo County,New Mexico,United States,
61,MVZ252643,NA,NA,arizonae,AllRAD,32.522889999999997,-106.767819,NA,NA,Doña Ana County,New Mexico,United States,
62,MVZ252645,NA,NA,arizonae,AllRAD,NA,NA,NA,NA,NA,NA,NA,
63,MVZ252646,NA,NA,arizonae,AllRAD,32.522889999999997,-106.767819,NA,NA,Doña Ana County,New Mexico,United States,
64,MVZ264331,NA,NA,motaguae,AllRAD,14.94049,-89.96907,NA,NA,San Agustín Acasaguastlán,El Progreso,Guatemala,
65,MVZ265501,NA,NA,motaguae,AllRAD,NA,NA,NA,NA,NA,NA,NA,
66,MVZ269735,NA,NA,tesselatus,AllRAD,NA,NA,NA,NA,NA,NA,NA,
67,OCG6220,NA,28.2,arizonae,AllRAD,NA,NA,NA,NA,NA,NA,NA,
68,OCGR12740,NA,NA,sexlineatus,AllRAD,33.892879999999998,-96.86561,NA,NA,Marshall County,Oklahoma,United States,
69,OCGR4942,NA,18.9,marmoratus,AllRAD,35.05155182,-99.85707855,NA,NA,Beckham County,Oklahoma,United States,
70,OCGR4943,NA,21.3,gularis,AllRAD,35.05155182,-99.85707855,NA,NA,Beckham County,Oklahoma,United States,
71,OCGR4952,NA,NA,sexlineatus,AllRAD,34.51229,-96.00281,NA,NA,Atoka County,Oklahoma,United States,
72,OCGR6219,NA,52.2,arizonae,AllRAD,32.13653,-109.4937,NA,NA,Cochise County,Arizona,United States,
73,OCGR6228,NA,NA,arizonae,AllRAD,32.122109999999999,-109.473,NA,NA,Cochise County,Arizona,United States,
74,OCGR6229,NA,88.7,arizonae,AllRAD,32.123699999999999,-109.4722,NA,NA,Cochise County,Arizona,United States,
75,OCGR6230,NA,42.5,arizonae,AllRAD,32.120800000000003,-109.47243,NA,NA,Cochise County,Arizona,United States,
76,OCGR6243,NA,22.4,burti,AllRAD,32.202379999999998,-110.14319,NA,NA,Cochise County,Arizona,United States,
77,OCGR7048,NA,353,sexlineatus,AllRAD,35.873930000000001,-99.68023,NA,NA,Ellis County,Oklahoma,United States,
78,OCGR7510,NA,55,velox,AllRAD,32.237029999999997,-109.39205,NA,NA,Cochise County,Arizona,United States,
79,OCGR8439,NA,NA,burti,AllRAD,31.639589999999998,-109.44412,NA,NA,Cochise County,Arizona,United States,
80,OCGR8466,NA,NA,exsanguis,AllRAD,31.864270000000001,-109.35875,NA,NA,Cochise County,Arizona,United States,
81,OCGR8511,NA,85.6,sonorae,AllRAD,31.88965,-110.36855,NA,NA,Cochise County,Arizona,United States,
82,OCGR8512,NA,18.4,sonorae,AllRAD,31.895250000000001,-110.36772,NA,NA,Cochise County,Arizona,United States,
83,OCGR8518,NA,93.3,sonorae,AllRAD,31.350490000000001,-109.05003,NA,NA,Hidalgo County,New Mexico,United States,
84,OCGR8560,NA,NA,velox,AllRAD,31.888559999999998,-110.34888,NA,NA,Cochise County,Arizona,United States,
85,OCGR8564,NA,NA,velox,AllRAD,31.887450000000001,-110.35905,NA,NA,Cochise County,Arizona,United States,
86,AMNH102012,NA,NA,velox,AMNH,NA,NA,NA,6/19/88,NA,NA,NA,
87,AMNH104629,NA,NA,sexlineatus,AMNH,NA,NA,NA,5/12/83,NA,NA,NA,
88,AMNH104672,NA,NA,neomexicanus,AMNH,NA,NA,NA,5/30/78,NA,NA,NA,
89,AMNH104673,NA,NA,neomexicanus,AMNH,NA,NA,NA,6/8/78,NA,NA,NA,
90,AMNH104680,NA,NA,neomexicanus,AMNH,NA,NA,NA,7/9/88,NA,NA,NA,
91,AMNH104682,NA,NA,neomexicanus,AMNH,NA,NA,NA,5/28/90,NA,NA,NA,
92,AMNH109691,NA,NA,neomexicanus,AMNH,34.4744,-104.24,NA,7/14/02,De Baca County,New Mexico,United States,
93,AMNH111468,NA,NA,sonorae,AMNH,NA,NA,NA,7/16/86,NA,NA,NA,
94,AMNH111470,NA,NA,sonorae,AMNH,NA,NA,NA,6/21/85,NA,NA,NA,
95,AMNH111471,NA,NA,sonorae,AMNH,NA,NA,NA,6/21/85,NA,NA,NA,
96,AMNH111481,NA,NA,sonorae,AMNH,NA,NA,NA,7/27/86,NA,NA,NA,
97,AMNH111498,NA,NA,sonorae,AMNH,NA,NA,NA,6/21/78,NA,NA,NA,
98,AMNH111500,NA,NA,sonorae,AMNH,NA,NA,NA,6/22/78,NA,NA,NA,
99,AMNH111503,NA,NA,sonorae,AMNH,NA,NA,NA,8/7/81,NA,NA,NA,
100,AMNH111519,NA,NA,sonorae,AMNH,NA,NA,NA,6/20/82,NA,NA,NA,
101,AMNH111524,NA,NA,sonorae,AMNH,NA,NA,NA,7/21/82,NA,NA,NA,
102,AMNH111527,NA,NA,sonorae,AMNH,NA,NA,NA,7/19/82,NA,NA,NA,
103,AMNH111537,NA,NA,sonorae,AMNH,NA,NA,NA,6/1/83,NA,NA,NA,
104,AMNH111545,NA,NA,sonorae,AMNH,NA,NA,NA,6/28/84,NA,NA,NA,
105,AMNH111572,NA,NA,sonorae,AMNH,NA,NA,NA,6/26/82,NA,NA,NA,
106,AMNH111650,NA,NA,sonorae,AMNH,NA,NA,NA,7/18/82,NA,NA,NA,
107,AMNH111670,NA,NA,sonorae,AMNH,NA,NA,NA,6/27/84,NA,NA,NA,
108,AMNH111683,NA,NA,sonorae,AMNH,NA,NA,NA,NA,NA,NA,NA,
109,AMNH111692,NA,NA,exsanguis,AMNH,NA,NA,NA,6/23/78,NA,NA,NA,
110,AMNH112014,NA,NA,sonorae,AMNH,NA,NA,NA,6/19/88,NA,NA,NA,
111,AMNH112085,NA,NA,exsanguis,AMNH,NA,NA,NA,6/13/83,NA,NA,NA,
112,AMNH112103,NA,NA,exsanguis,AMNH,NA,NA,NA,5/21/84,NA,NA,NA,
113,AMNH112661,NA,NA,arizonae,AMNH,NA,NA,NA,7/23/90,NA,NA,NA,
114,AMNH112675,NA,NA,neotesselatus,AMNH,38.15,-104.63,NA,5/21/99,Pueblo County,Colorado,United States,
115,AMNH113489,NA,NA,exsanguis,AMNH,NA,NA,NA,5/17/82,NA,NA,NA,
116,AMNH113500,NA,NA,exsanguis,AMNH,NA,NA,NA,6/11/85,NA,NA,NA,
117,AMNH113504,NA,NA,exsanguis,AMNH,NA,NA,NA,6/5/85,NA,NA,NA,
118,AMNH113517,NA,NA,exsanguis,AMNH,NA,NA,NA,6/11/85,NA,NA,NA,
119,AMNH113520,NA,NA,exsanguis,AMNH,NA,NA,NA,6/12/85,NA,NA,NA,
120,AMNH113792,NA,NA,exsanguis,AMNH,NA,NA,NA,6/2/83,NA,NA,NA,
121,AMNH113798,NA,NA,exsanguis,AMNH,NA,NA,NA,6/19/83,NA,NA,NA,
122,AMNH113803,NA,NA,exsanguis,AMNH,NA,NA,NA,6/17/83,NA,NA,NA,
123,AMNH113810,NA,NA,exsanguis,AMNH,NA,NA,NA,6/17/84,NA,NA,NA,
124,AMNH113814,NA,NA,exsanguis,AMNH,NA,NA,NA,8/4/84,NA,NA,NA,
125,AMNH113816,NA,NA,velox,AMNH,NA,NA,NA,8/4/84,NA,NA,NA,
126,AMNH113819,NA,NA,exsanguis,AMNH,NA,NA,NA,6/11/85,NA,NA,NA,
127,AMNH113820,NA,NA,exsanguis,AMNH,NA,NA,NA,7/6/85,NA,NA,NA,
128,AMNH113854,NA,NA,arizonae,AMNH,NA,NA,NA,7/3/82,NA,NA,NA,
129,AMNH113870,NA,NA,arizonae,AMNH,NA,NA,NA,8/2/83,NA,NA,NA,
130,AMNH113871,NA,NA,arizonae,AMNH,NA,NA,NA,8/2/83,NA,NA,NA,
131,AMNH113884,NA,NA,arizonae,AMNH,NA,NA,NA,6/6/86,NA,NA,NA,
132,AMNH113886,NA,NA,burti,AMNH,NA,NA,NA,7/27/86,NA,NA,NA,
133,AMNH114406,NA,NA,velox,AMNH,NA,NA,NA,6/19/88,NA,NA,NA,
134,AMNH116530,NA,NA,velox,AMNH,NA,NA,NA,7/19/82,NA,NA,NA,
135,AMNH116536,NA,NA,laredoensis,AMNH,NA,NA,NA,5/14/83,NA,NA,NA,
136,AMNH165989,NA,NA,exsanguis,AMNH,33.3556,-106.5942,NA,5/7/04,Sierra County,New Mexico,United States,
137,AMNHR131446,NA,NA,sonorae,AMNH,NA,NA,NA,NA,NA,NA,NA,
138,ANMO4643,NA,NA,tesselatus,ANMO_2021,NA,NA,NA,NA,NA,NA,NA,
139,ANMO4906,NA,NA,gularis,ANMO_2021,25.8333,-100.634028,M,7/22/21,NA,NA,NA,
140,ANMO4923,NA,NA,arizonae,ANMO_2021,27.4425,-102.3645,M,7/23/21,Ocampo,Coahuila,México,
141,ANMO4936,NA,NA,marmoratus,ANMO_2021,25.69784,-102.40513,F,7/25/21,Parras,Coahuila,México,
142,ANMO4937,NA,NA,marmoratus,ANMO_2021,25.69784,-102.40513,F,7/25/21,Parras,Coahuila,México,
143,ANMO4943,NA,106,marmoratus,ANMO_2021,27.72489,-104.90473,M,7/26/21,Camargo,Chihuahua,México,
144,ANMO4944,NA,49,marmoratus,ANMO_2021,27.72489,-104.90473,F,7/26/21,Camargo,Chihuahua,México,
145,ANMO4945,NA,NA,marmoratus,ANMO_2021,27.72489,-104.90473,M,7/26/21,Camargo,Chihuahua,México,
146,ANMO4948,NA,228,arizonae,ANMO_2021,27.745304,-105.194964,M,7/26/21,Camargo,Chihuahua,México,
147,ANMO4920,NA,NA,arizonae,ANMO1,27.4425,-102.3645,F,7/23/21,Ocampo,Coahuila,México,
148,ANMO4921,NA,NA,arizonae,ANMO1,27.4425,-102.3645,F,7/23/21,Ocampo,Coahuila,México,
149,ANMO4922,NA,NA,arizonae,ANMO1,27.4425,-102.3645,M,7/23/21,Ocampo,Coahuila,México,
150,ANMO4925,NA,NA,marmoratus,ANMO1,26.42193,-102.56152,F,7/24/21,San Pedro,Coahuila,México,
151,ANMO4926,NA,NA,marmoratus,ANMO1,26.42193,-102.56152,M,7/24/21,San Pedro,Coahuila,México,
152,ANMO4927,NA,NA,marmoratus,ANMO1,26.42193,-102.56152,F,7/24/21,San Pedro,Coahuila,México,
153,ANMO4938,NA,NA,marmoratus,ANMO1,25.5661,-102.92725,M,7/25/21,Viesca,Coahuila,México,
154,ANMO4939,NA,NA,marmoratus,ANMO1,25.5661,-102.92725,M,7/25/21,Viesca,Coahuila,México,
155,ANMO4940,NA,NA,marmoratus,ANMO1,25.5661,-102.92725,F,7/25/21,Viesca,Coahuila,México,
156,ANMO4942,NA,NA,marmoratus,ANMO1,27.72489,-104.90473,M,7/26/21,Camargo,Chihuahua,México,
157,ANMO1011,NA,NA,deppii,ANMO2,16.74138889,-93.02505556,NA,NA,Chiapa de Corzo,Chiapas,México,
158,ANMO2203,NA,NA,deppii,ANMO2,16.34666667,-97.09258333,NA,NA,San Pedro Juchatengo,Oaxaca,México,
159,ANMO2490,NA,104.19,deppii,ANMO2,15.82925,-97.03530556,NA,NA,Santa María Colotepec,Oaxaca,México,
160,ANMO2502,NA,99.2,deppii,ANMO2,15.78816667,-96.14213889,NA,NA,Santa María Huatulco,Oaxaca,México,
161,ANMO2509,NA,99.8,deppii,ANMO2,15.79380556,-96.12713889,NA,NA,Santa María Huatulco,Oaxaca,México,
162,ANMO2510,NA,99.9,deppii,ANMO2,15.79380556,-96.12713889,NA,NA,Santa María Huatulco,Oaxaca,México,
163,ANMO2547,NA,108.1,deppii,ANMO2,18.67213889,-92.16261111,NA,NA,Carmen,Campeche,México,
164,ANMO2574,NA,99.11,deppii,ANMO2,18.21375,-94.01269444,NA,NA,Cárdenas,Tabasco,México,
165,ANMO2580,NA,104.6,deppii,ANMO2,18.16047222,-94.37536111,NA,NA,Coatzacoalcos,Veracruz,México,
166,ANMO2599,NA,105.4,deppii,ANMO2,18.67825,-95.55761111,NA,NA,Alvarado,Veracruz,México,
167,ANMO2601,NA,105.5,deppii,ANMO2,18.73361111,-95.68625,NA,NA,Alvarado,Veracruz,México,
168,ANMO2808,NA,105.18,deppii,ANMO2,19.43880556,-96.32158333,NA,NA,Úrsulo Galván,Veracruz,México,
169,ANMO2814,NA,47.5,deppii,ANMO2,19.85722222,-96.46305556,NA,NA,Alto Lucero de Gutiérrez Barrios,Veracruz,México,
170,ANMO2823,NA,NA,deppii,ANMO2,16.18922222,-93.84908333,NA,NA,Tonalá,Chiapas,México,
171,ANMO2857,NA,NA,deppii,ANMO2,16.60888,-96.00869,NA,NA,Nejapa de Madero,Oaxaca,México,
172,ANMO2904,NA,419,deppii,ANMO2,16.75044444,-93.45752778,NA,NA,Ocozocoautla de Espinosa,Chiapas,México,
173,ANMO2967,NA,NA,deppii,ANMO2,16.6145,-98.95861111,NA,NA,Copala,Guerrero,México,
174,ANMO3138,NA,98.14,deppii,ANMO2,20.47475,-97.00872222,NA,NA,Tecolutla,Veracruz,México,
175,ANMO3149,NA,NA,deppii,ANMO2,19.67530556,-96.39808333,NA,NA,Actopan,Veracruz,México,
176,ANMO3353,NA,NA,deppii,ANMO2,17.180667,-99.609194,NA,NA,Juan R. Escudero,Guerrero,México,
177,ANMO3457,NA,96.8,deppii,ANMO2,17.008556,-100.097139,NA,NA,Coyuca de Benítez,Guerrero,México,
178,ANMO3461,NA,NA,guttatus,ANMO2,17.008556,-100.097139,NA,NA,Coyuca de Benítez,Guerrero,México,
179,ANMO721,NA,35.9,deppii,ANMO2,16.96,-96.20733333,NA,NA,San Pablo Villa de Mitla,Oaxaca,México,
180,ANMO870,NA,174,deppii,ANMO2,16.83638333,-99.7484,NA,NA,Acapulco de Juárez,Guerrero,México,
181,ANMO878,NA,NA,deppii,ANMO2,16.45038333,-98.33133333,NA,NA,Santa María Cortijo,Oaxaca,México,
182,ANMO886,NA,NA,guttatus,ANMO2,16.02448333,-97.5837,NA,NA,Tututepec,Oaxaca,México,
183,ANMO887,NA,130,guttatus,ANMO2,16.02448333,-97.5837,NA,NA,Tututepec,Oaxaca,México,
184,ANMO896,NA,NA,guttatus,ANMO2,16.03018333,-95.41976667,NA,NA,Santo Domingo Tehuantepec,Oaxaca,México,
185,ANMO922,NA,59.5,deppii,ANMO2,16.2244,-94.0124,NA,NA,Arriaga,Chiapas,México,
186,ANMO929,NA,NA,deppii,ANMO2,16.48613333,-94.35153333,NA,NA,Santo Domingo Zanatepec,Oaxaca,México,
187,ANMO934,NA,NA,deppii,ANMO2,16.37595,-95.31785,NA,NA,Santo Domingo Tehuantepec,Oaxaca,México,
188,ANMO952,NA,320,guttatus,ANMO2,16.03027778,-95.41977778,NA,NA,Santo Domingo Tehuantepec,Oaxaca,México,
189,EPR1221,NA,NA,deppii,ANMO2,16.37444444,-95.2597222,NA,NA,Santa María Mixtequilla,Oaxaca,México,
190,EPR1222,NA,130,guttatus,ANMO2,NA,NA,NA,NA,NA,NA,NA,
191,EPR1356,NA,95.7,deppii,ANMO2,18.66666667,-95.4833333,NA,NA,Lerdo de Tejada,Veracruz,México,
192,IDF166,NA,NA,deppii,ANMO2,16.06980556,-92.16847222,NA,NA,Comitán de Domínguez,Chiapas,México,
193,IDF172,NA,84.9,guttatus,ANMO2,16.68527778,-96.32041667,NA,NA,NA,Oaxaca,México,
194,IDF194,NA,NA,guttatus,ANMO2,15.63475,-93.12630556,NA,NA,Pijijiapan,Chiapas,México,
195,IDF199,NA,NA,deppii,ANMO2,15.39641667,-93.10355556,NA,NA,Mapastepec,Chiapas,México,
196,IDF58,NA,NA,guttatus,ANMO2,17.35375,-99.48144444,NA,NA,Chilpancingo de los Bravo,Guerrero,México,
197,JAC22134,NA,NA,guttatus,ANMO2,17.03774722,-98.80307778,NA,NA,Santa Cruz del Rincón,Guerrero,México,
198,JAC22198,NA,NA,guttatus,ANMO2,17.16185833,-100.4338778,NA,NA,Atoyac de Álvarez,Guerrero,México,
199,LNG429,NA,NA,deppii,ANMO2,16.25877,-93.2641,NA,NA,Villaflores,Chiapas,México,
200,MSM389,NA,NA,deppii,ANMO2,NA,NA,NA,NA,NA,NA,NA,
201,MVZ204070,NA,NA,deppii,ANMO2,10.55,-85.73333,NA,NA,Carrillo,NA,Costa Rica,
202,UGOV1251,NA,NA,guttatus,ANMO2,17.90872222,-95.03697222,NA,NA,La Cerquilla,Veracruz,México,
203,UGOV228,NA,NA,guttatus,ANMO2,20.45925,-96.98713889,NA,NA,Barra de Tecolutla,Veracruz,México,
204,UGOV2668,NA,NA,guttatus,ANMO2,18.03357,-95.377265,NA,NA,Col. Dominguez,Veracruz,México,
205,UGOV845,NA,NA,guttatus,ANMO2,16.28683333,-97.84188889,NA,NA,Santiago Jamiltepec,Oaxaca,México,
206,UGOV967,NA,NA,guttatus,ANMO2,16.41213889,-93.72297222,NA,NA,Julian Grajales,Chiapas,México,
207,UGOV968,NA,NA,guttatus,ANMO2,NA,NA,NA,NA,NA,NA,NA,
208,UOGV1002,NA,NA,deppii,ANMO2,18.438,-93.22386111,NA,NA,Paraíso,Tabasco,México,
209,UOGV1015,NA,700,deppii,ANMO2,18.69944444,-95.49036111,NA,NA,Lerdo de Tejada,Veracruz,México,
210,UOGV1019,NA,710,deppii,ANMO2,18.81891667,-95.83569444,NA,NA,Alvarado,Veracruz,México,
211,UOGV1020,NA,NA,guttatus,ANMO2,18.81891667,-95.83569444,NA,NA,Alvarado,Veracruz,México,
212,UOGV181,NA,NA,deppii,ANMO2,17.85613889,-94.09197222,NA,NA,Las Choapas,Veracruz,México,
213,UOGV229,NA,NA,deppii,ANMO2,20.45925,-96.98713889,NA,NA,Tecolutla,Veracruz,México,
214,UOGV231,NA,23.6,guttatus,ANMO2,20.25843611,-96.80004722,NA,NA,Tecolutla,Veracruz,México,
215,UOGV780,NA,493,guttatus,ANMO2,17.53780556,-99.45433333,NA,NA,Chilpancingo de los Bravo,Guerrero,México,
216,UOGV786,NA,NA,guttatus,ANMO2,17.31813889,-99.4695,NA,NA,Chilpancingo de los Bravo,Guerrero,México,
217,UOGV789,NA,416,guttatus,ANMO2,16.98172222,-99.82052778,NA,NA,Acapulco de Juárez,Guerrero,México,
218,UOGV846,NA,17.5,guttatus,ANMO2,16.28683333,-97.84188889,NA,NA,Santiago Jamiltepec,Oaxaca,México,
219,UOGV893a,NA,482,deppii,ANMO2,16.19325,-92.6078889,NA,NA,Venustiano Carranza,Chiapas,México,
220,UOGV917,NA,NA,deppii,ANMO2,16.68527778,-96.32041667,NA,NA,NA,Oaxaca,México,
221,UOGV971,NA,NA,guttatus,ANMO2,16.64486111,-93.76375,NA,NA,Cintalapa,Chiapas,México,
222,ANMO1014,NA,NA,motaguae,ANMO3,16.759527777777777,-93.44586111,NA,NA,Ocozocoautla de Espinosa,Chiapas,México,
223,ANMO1845,JCAM28.9,NA,angusticeps,ANMO3,20.138527777777778,-90.18525,NA,NA,Hecelchakán,Campeche,México,
224,ANMO1846,NA,NA,angusticeps,ANMO3,20.138527777777778,-90.18525,NA,NA,Hecelchakán,Campeche,México,
225,ANMO3769,NA,NA,burti,ANMO3,27.069929999999999,-109.26976,NA,NA,Navojoa,Sonora,México,
226,ANMO3770,JCAM28.12,NA,burti,ANMO3,27.069929999999999,-109.26976,NA,NA,Navojoa,Sonora,México,
227,ANMO4093,JCAM28.16,NA,burti,ANMO3,23.348096999999999,-106.247154,M,NA,Mazatlán,Sinaloa,México,
228,ANMO4100,NA,26,burti,ANMO3,25.005669999999999,-107.55267,M,NA,Culiacán,Sinaloa,México,
229,ANMO4101,JCAM28.18,NA,burti,ANMO3,25.251740000000002,-108.04224,M,NA,Angostura,Sinaloa,México,
230,ANMO4102,NA,NA,burti,ANMO3,25.576599999999999,-108.44836,M,NA,Guasave,Sinaloa,México,
231,ANMO4103,NA,49.1,burti,ANMO3,25.576599999999999,-108.44836,M,NA,Guasave,Sinaloa,México,
232,ANMO4104,JCAM28.19,NA,burti,ANMO3,25.576599999999999,-108.44836,M,NA,Guasave,Sinaloa,México,
233,ANMO4105,JCAM28.20,NA,burti,ANMO3,25.576599999999999,-108.44836,M,NA,Guasave,Sinaloa,México,
234,ANMO4109,NA,83.8,burti,ANMO3,26.096129999999999,-108.75175,NA,NA,El Fuerte,Sinaloa,México,
235,ANMO4110,JCAM30.1,NA,burti,ANMO3,26.096129999999999,-108.75175,M,NA,El Fuerte,Sinaloa,México,
236,ANMO4118,JCAM30.2,NA,burti,ANMO3,26.853590000000001,-108.96452,M,NA,Álamos,Sonora,México,
237,ANMO4155,JCAM30.3,NA,burti,ANMO3,28.39348,-108.79783,M,NA,Yécora,Sonora,México,
238,IDF160,NA,NA,G,ANMO3,16.197833333333335,-92.61677778,NA,NA,Venustiano Carranza,Chiapas,México,species?
239,LACM119,NA,24,G,ANMO3,NA,NA,NA,NA,NA,NA,NA,species?
240,LACM120,NA,50.7,G,ANMO3,NA,NA,NA,NA,NA,NA,NA,species?
241,MC314,NA,NA,motaguae,ANMO3,16.551833333333335,-97.11994444,NA,NA,Villa Sola de Vega,Oaxaca,México,
242,UGOV1302,JCAM50.9,NA,burti,ANMO3,NA,NA,NA,NA,NA,NA,NA,
243,UOGV1104,JCAM28.5,NA,motaguae,ANMO3,16.520361111111111,-96.98661111,NA,NA,San Ildefonso Sola,Oaxaca,México,
244,UOGV1321,JCAM89.7,NA,burti,ANMO3,27.158999999999999,-108.9622222,M,NA,Álamos,Sonora,México,
245,UOGV1322,NA,93.6,burti,ANMO3,27.158999999999999,-108.9622222,NA,NA,Álamos,Sonora,México,
246,UOGV1647,NA,102,G,ANMO3,16.030916666666666,-92.08958333,NA,NA,NA,Chiapas,México,species?
247,UOGV861,NA,NA,motaguae,ANMO3,16.287861111111113,-97.12927778,M,NA,San Pedro Juchatengo,Oaxaca,México,
248,UOGV894,NA,NA,G,ANMO3,16.030138888888889,-92.093,NA,NA,Comitán de Domínguez,Chiapas,México,species?
249,ANMO1498,NA,NA,gularis,ANMO4,NA,NA,NA,NA,NA,NA,NA,
250,ANMO1502,NA,132,gularis,ANMO4,NA,NA,NA,NA,NA,NA,NA,
251,ANMO1512,NA,NA,gularis,ANMO4,NA,NA,NA,NA,NA,NA,NA,
252,ANMO4419,NA,NA,guttatus,ANMO5,18.5573,-95.72565,NA,6/25/16,Tlacotalpan,Veracruz,México,
253,ANMO4541,NA,NA,guttatus,ANMO5,15.95954,-97.247,NA,6/11/18,Tututepec,Oaxaca,México,
254,ANMO4542,NA,NA,guttatus,ANMO5,15.95954,-97.247,NA,6/11/18,Tututepec,Oaxaca,México,
255,ANMO4575,NA,NA,guttatus,ANMO5,NA,NA,NA,6/12/18,NA,NA,NA,
256,ANMO4577,NA,NA,guttatus,ANMO5,NA,NA,NA,6/12/18,NA,NA,NA,
257,ANMO462,NA,NA,guttatus,ANMO5,NA,NA,NA,NA,NA,NA,NA,
258,ANMO5170,NA,NA,motaguae,Guatemala,14.908739,-89.816189,NA,6/6/23,Cabañas,Zacapa,Guatemala,
259,ANMO5171,NA,NA,motaguae,Guatemala,14.908739,-89.816189,NA,6/6/23,Cabañas,Zacapa,Guatemala,
260,ANMO5176,NA,NA,motaguae,Guatemala,14.908739,-89.816189,NA,6/6/23,Cabañas,Zacapa,Guatemala,
261,ANMO5201,NA,NA,angusticeps,Guatemala,16.7952253,-89.8092195,NA,6/7/23,NA,Petén,Guatemala,
262,ANMO5202,NA,NA,angusticeps,Guatemala,16.7952253,-89.8092195,NA,6/8/23,NA,Petén,Guatemala,
263,ANMO5203,NA,NA,angusticeps,Guatemala,16.7952253,-89.8092195,NA,6/8/23,NA,Petén,Guatemala,
264,ANMO5204,NA,NA,angusticeps,Guatemala,16.7952253,-89.8092195,NA,6/8/23,NA,Petén,Guatemala,
265,ANMO5226,NA,NA,angusticeps,Guatemala,16.7729,-90.1254,NA,6/10/23,NA,Petén,Guatemala,
266,ANMO5227,NA,NA,angusticeps,Guatemala,16.7729,-90.1254,NA,6/10/23,NA,Petén,Guatemala,
267,ANMO5258,NA,NA,motaguae,Guatemala,14.91722,-90.14998,NA,6/13/23,Morazán,El Progreso,Guatemala,
268,ANMO5267,NA,NA,motaguae,Guatemala,14.9091,-89.8189,NA,6/14/23,El Jícaro,El Progreso,Guatemala,
269,ANMO5268,NA,NA,motaguae,Guatemala,14.9091,-89.8189,NA,6/14/23,El Jícaro,El Progreso,Guatemala,
270,E125,NA,NA,marmoratus,JEC,31.63794,-102.8269,NA,NA,Ward County,Texas,United States,
271,E38,NA,NA,marmoratus,JEC,31.63753,-102.8284,NA,6/18/21,Ward County,Texas,United States,
272,JEC9711,NA,NA,gularis,JEC2,26.16179,-98.38538,F,6/12/18,Hildalgo,Texas,United States,
273,JEC9724,NA,NA,laredoensis,JEC2,26.16588,-98.38614,NA,6/5/19,Hildalgo,Texas,United States,
274,JEC9725,NA,NA,gularis,JEC2,26.16493,-98.38722,NA,6/6/19,Hildalgo,Texas,United States,
275,JEC9726,NA,NA,gularis,JEC2,26.17077,-98.38174,F,6/8/19,Hildalgo,Texas,United States,
276,JEC9729,NA,NA,gularis,JEC2,26.16542,-98.3865,F,6/10/19,Hildalgo,Texas,United States,
277,JEC9730,NA,NA,laredoensis,JEC2,26.16676,-98.38525,NA,6/10/19,Hildalgo,Texas,United States,
278,JEC9732,NA,NA,laredoensis,JEC2,26.16422,-98.38792,NA,6/10/19,Hildalgo,Texas,United States,
279,JEC9735,NA,NA,laredoensis,JEC2,26.16482,-98.38737,M,6/14/19,Hildalgo,Texas,United States,
280,JEC9736,NA,NA,laredoensis,JEC2,26.16198,-98.38686,NA,6/11/19,Hildalgo,Texas,United States,
281,JEC9737,NA,NA,gularis,JEC2,25.98863,-97.56422,M,6/14/19,Cameron,Texas,United States,
282,JEC9741,NA,NA,gularis,JEC2,26.1783,-98.38052,F,7/27/19,Hildalgo,Texas,United States,
283,JEC9744,NA,NA,laredoensis,JEC2,28.48979,-100.02081,NA,8/2/19,Hildalgo,Texas,United States,
284,JEC9745,NA,NA,laredoensis,JEC2,28.48977,-100.02082,NA,8/2/19,Hildalgo,Texas,United States,
285,JEC9747,NA,NA,laredoensis,JEC2,28.49017,-100.01144,NA,8/3/19,Hildalgo,Texas,United States,
286,JEC9748,NA,NA,laredoensis,JEC2,28.49051,-100.01036,NA,8/3/19,Hildalgo,Texas,United States,
287,JEC9750,NA,NA,laredoensis,JEC2,28.49301,-100.00591,NA,8/4/19,Hildalgo,Texas,United States,
288,JEC9751,NA,NA,laredoensis,JEC2,28.48982,-100.01813,NA,8/4/19,Hildalgo,Texas,United States,
289,UADZ9714,NA,NA,laredoensis,JEC2,NA,NA,NA,7/12/18,Hildalgo,Texas,United States,
290,LVL2021-01,NA,NA,neotesselatus,LJL,39.78903,-104.97244,NA,7/10/21,NA,Colorado,United States,
291,LVL2021-02,NA,NA,neotesselatus,LJL,39.78856,-104.97488,NA,7/10/21,NA,Colorado,United States,
292,LVL2021-03,NA,NA,neotesselatus,LJL,38.47094,-105.87095,NA,7/13/21,Fremont County,Colorado,United States,
293,LVL2021-04,NA,NA,neotesselatus,LJL,39.79105,-104.96947,NA,7/17/21,NA,Colorado,United States,
294,LVL2021-05,NA,NA,neotesselatus,LJL,39.79033,-104.97038,NA,7/17/21,NA,Colorado,United States,
295,LVL2021-06,NA,NA,neotesselatus,LJL,39.79172,-104.97441,NA,7/18/21,Adams County,Colorado,United States,
296,LVL2021-08,NA,NA,neotesselatus,LJL,38.47303,-105.87393,NA,7/27/21,Fremont County,Colorado,United States,
297,LVL2021-09,NA,NA,neotesselatus,LJL,38.47304,-105.87444,NA,7/27/21,Fremont County,Colorado,United States,
298,LVL2021-10,NA,NA,neotesselatus,LJL,38.44523,-105.84279,NA,7/28/21,Fremont County,Colorado,United States,
299,LVL2021-11,NA,NA,neotesselatus,LJL,39.7915,-104.97426,NA,8/5/21,Adams County,Colorado,United States,
300,LVL2021-12,NA,NA,neotesselatus,LJL,39.79106,-104.97458,NA,8/5/21,Adams County,Colorado,United States,
301,LVL2021-13,NA,NA,neotesselatus,LJL,38.47619,-105.88119,NA,8/9/21,Fremont County,Colorado,United States,
302,LVL2021-14,NA,NA,neotesselatus,LJL,38.47646,-105.88169,NA,8/9/21,Fremont County,Colorado,United States,
303,LVL2021-15,NA,NA,neotesselatus,LJL,38.47625,-105.88117,NA,8/9/21,Fremont County,Colorado,United States,
304,LVL2021-16,NA,NA,neotesselatus,LJL,39.78994,-104.97103,NA,8/28/21,NA,Colorado,United States,
305,LVL2021-17,NA,NA,neotesselatus,LJL,39.79011,-104.97081,NA,8/28/21,NA,Colorado,United States,
306,RCT904,NA,NA,sonorae,RCT,32.30482,-110.81111,NA,6/4/19,Pima County,Arizona,United States,
307,RCT905,NA,NA,sonorae,RCT,32.30851,-110.81078,NA,6/4/19,Pima County,Arizona,United States,
308,RCT909,NA,NA,sonorae,RCT,31.39362,-111.0094,NA,6/5/19,Santa Cruz County,Arizona,United States,
309,RCT914,NA,NA,sonorae,RCT,31.40037,-111.08885,NA,6/5/19,Santa Cruz County,Arizona,United States,
310,RCT918,NA,NA,velox,RCT,31.92972,-109.13041,NA,6/6/19,Cochise County,Arizona,United States,
311,RCT922,NA,NA,exsanguis,RCT,31.88987,-109.16909,NA,6/6/19,Cochise County,Arizona,United States,
312,RCT924,NA,NA,sonorae,RCT,31.88408,-109.178,NA,6/6/19,Cochise County,Arizona,United States,
313,RCT925,NA,NA,marmoratus,RCT,33.11802,-107.03244,NA,6/8/19,Sierra County,New Mexico,United States,
314,RCT926,NA,NA,marmoratus,RCT,33.11848,-107.033,M,6/8/19,Sierra County,New Mexico,United States,
315,RCT928,NA,NA,tesselatus,RCT,33.12078,-107.03346,NA,6/8/19,Sierra County,New Mexico,United States,
316,RCT929,NA,NA,arizonae,RCT,33.1184,-107.03386,NA,6/8/19,Sierra County,New Mexico,United States,
317,RCT931,NA,NA,arizonae,RCT,33.11934,-107.03375,NA,6/8/19,Sierra County,New Mexico,United States,
318,RCT932,NA,NA,arizonae,RCT,33.11926,-107.03379,M,6/8/19,Sierra County,New Mexico,United States,
319,RCT939,NA,NA,arizonae,RCT,33.17851,-107.00915,NA,6/8/19,Sierra County,New Mexico,United States,
320,RCT940,NA,NA,arizonae,RCT,33.1789,-107.00874,NA,6/8/19,Sierra County,New Mexico,United States,
321,RCT948,NA,NA,velox,RCT,34.11929,-106.88612,NA,6/9/19,Socorro County,New Mexico,United States,
322,RCT949,NA,NA,velox,RCT,34.11929,-106.8816,NA,6/9/19,Socorro County,New Mexico,United States,
323,RCT954,NA,NA,marmoratus,RCT,33.88683,-106.68713,NA,6/9/19,Socorro County,New Mexico,United States,
324,RCT957,NA,NA,arizonae,RCT,33.88744,-106.68354,NA,6/9/19,Socorro County,New Mexico,United States,
325,RCT958,NA,NA,arizonae,RCT,33.88693,-106.68682,NA,6/9/19,Socorro County,New Mexico,United States,
326,RCT960,NA,NA,exsanguis,RCT,35.12399,-106.33823,NA,6/10/19,Bernalillo County,New Mexico,United States,
327,RCT961,NA,NA,velox,RCT,35.47186,-108.43772,NA,6/10/19,McKinley County,New Mexico,United States,
328,RCT962,NA,NA,velox,RCT,35.26706,-111.3801,NA,6/11/19,Coconino County,Arizona,United States,
329,RCT964,NA,NA,arizonae,RCT,33.73814,-111.33776,NA,6/12/19,Gila County,Arizona,United States,
330,RCT965,NA,NA,arizonae,RCT,33.73511,-111.33888,NA,6/12/19,Gila County,Arizona,United States,
331,RCT966,NA,NA,sonorae,RCT,33.72657,-111.34412,NA,6/12/19,Gila County,Arizona,United States,
332,RCT967,NA,NA,sonorae,RCT,33.73112,-111.34505,NA,6/12/19,Gila County,Arizona,United States,
333,TWR1212,NA,NA,velox,Reeder,29.92367,-109.2903,NA,NA,Huásabas,Sonora,México,
334,TWR1213,NA,NA,velox,Reeder,29.92367,-109.2903,NA,NA,Huásabas,Sonora,México,
335,TWR1214,NA,NA,velox,Reeder,29.92367,-109.2903,NA,NA,Huásabas,Sonora,México,
336,TWR1215,NA,NA,velox,Reeder,29.92367,-109.2903,NA,NA,Huásabas,Sonora,México,
337,TWR1216,NA,NA,velox,Reeder,29.92367,-109.2903,NA,NA,Huásabas,Sonora,México,
338,TWR1219,NA,NA,velox,Reeder,29.92367,-109.2903,NA,NA,Huásabas,Sonora,México,
339,TWR1220,NA,NA,velox,Reeder,29.92367,-109.2903,NA,NA,Huásabas,Sonora,México,
340,TWR1234,NA,NA,velox,Reeder,29.92367,-109.2903,NA,NA,Huásabas,Sonora,México,
341,TWR1235,NA,NA,velox,Reeder,30.14917,-109.3197,NA,NA,Villa Hidalgo,Sonora,México,
342,TWR1236,NA,NA,velox,Reeder,30.14917,-109.3197,NA,NA,Villa Hidalgo,Sonora,México,
343,BKS1263,NA,NA,arizonae,Sullivan,NA,NA,NA,NA,Cochise County,Arizona,United States,
344,BKS1324,NA,NA,arizonae,Sullivan,35.14794,-111.246028,NA,NA,Coconino County,Arizona,United States,
345,BKS1388,NA,NA,arizonae,Sullivan,35.147526,-111.245961,NA,NA,Coconino County,Arizona,United States,
346,BKS1412,NA,NA,arizonae,Sullivan,35.616514,-111.528067,NA,NA,Coconino County,Arizona,United States,
347,BKS1419,NA,NA,velox,Sullivan,35.119351,-111.182201,NA,NA,Coconino County,Arizona,United States,
348,BKS1700,NA,NA,velox,Sullivan,34.79686,-110.10128,NA,NA,Navajo,Arizona,United States,
349,BKS1701,NA,NA,velox,Sullivan,35.063816,-110.100382,NA,NA,Navajo,Arizona,United States,
350,BKS1851,NA,NA,burti,Sullivan,31.394353,-111.034721,NA,NA,Santa Cruz County,Arizona,United States,
351,BKS1852,NA,NA,burti,Sullivan,31.394353,-111.034721,NA,NA,Santa Cruz County,Arizona,United States,
352,BKS1881,NA,NA,arizonae,Sullivan,33.728545,-111.332931,NA,NA,Gila County,Arizona,United States,
353,BKS2005,NA,NA,tesselatus,Sullivan,NA,NA,NA,NA,NA,NA,NA,
354,BSK1893,NA,NA,arizonae,Sullivan,35.956615,-111.779183,NA,NA,Coconino County,Arizona,United States,
355,AEH004,NA,NA,angusticeps,UAEH,NA,NA,NA,NA,NA,NA,NA,
356,AER008,NA,NA,angusticeps,UAEH,18.36305556,-90.8525,NA,5/26/11,Escárcega,Campeche,México,
357,AER010,NA,NA,angusticeps,UAEH,18.82027778,-91.00916667,NA,5/28/11,Carmen,Campeche,México,
358,AER012,NA,NA,angusticeps,UAEH,18.62444444,-90.13055556,NA,5/28/11,Calakmul,Campeche,México,
359,AER017,NA,NA,angusticeps,UAEH,18.82027778,-91.00916667,NA,5/29/11,Carmen,Campeche,México,
360,AER019,NA,NA,cozumelus,UAEH,18.61944444,-90.76055556,NA,5/30/11,Escárcega,Campeche,México,
361,AER022,NA,NA,angusticeps,UAEH,18.62444444,-90.13055556,NA,6/1/11,Calakmul,Campeche,México,
362,AER030,NA,NA,angusticeps,UAEH,18.53269444,-90.76258333,NA,9/1/11,Escárcega,Campeche,México,
363,AER037,NA,NA,cozumelus,UAEH,18.52794444,-90.76433333,NA,9/2/11,Escárcega,Campeche,México,
364,AER042,NA,NA,angusticeps,UAEH,18.50838889,-89.39969444,NA,9/5/11,Calakmul,Campeche,México,
365,AER043,NA,NA,angusticeps,UAEH,18.50858333,-89.39969444,NA,9/5/11,Calakmul,Campeche,México,
366,CY3,NA,NA,cozumelus,UAEH,NA,NA,NA,NA,NA,NA,NA,
367,CY6,NA,NA,cozumelus,UAEH,NA,NA,NA,NA,NA,NA,NA,
368,CY7,NA,NA,cozumelus,UAEH,NA,NA,NA,NA,NA,NA,NA,
369,CY8,NA,76,cozumelus,UAEH,NA,NA,NA,NA,NA,NA,NA,
370,LDOR057,NA,NA,angusticeps,UAEH,20.88002778,-87.54613889,NA,6/25/10,Lázaro Cárdenas,Quintana Roo,México,
371,NLMM017,NA,70,cozumelus,UAEH,21.18186667,-86.807175,NA,3/9/99,NA,Quintana Roo,México,
372,NLMM020,NA,NA,cozumelus,UAEH,21.18186667,-86.807175,NA,3/9/99,NA,Quintana Roo,México,
373,NLMM021,NA,NA,cozumelus,UAEH,21.18186667,-86.807175,NA,3/9/99,NA,Quintana Roo,México,
374,NLMM025,NA,NA,cozumelus,UAEH,21.18186667,-86.807175,NA,3/9/99,NA,Quintana Roo,México,
375,NLMM025,NA,NA,cozumelus,UAEH,21.18186667,-86.807175,NA,3/9/99,NA,Quintana Roo,México,
376,NLMM026,NA,NA,cozumelus,UAEH,21.18186667,-86.807175,NA,3/9/99,NA,Quintana Roo,México,
377,NLMM027,NA,NA,cozumelus,UAEH,21.18186667,-86.807175,NA,3/9/99,NA,Quintana Roo,México,
378,NLMM035,NA,NA,cozumelus,UAEH,20.42554444,-86.841075,NA,3/10/99,Cozumel,Quintana Roo,México,
379,NLMM046,NA,NA,cozumelus,UAEH,18.71619444,-87.70728333,NA,4/19/99,Othón P. Blanco,Quintana Roo,México,
380,NLMM048,NA,NA,cozumelus,UAEH,18.21479167,-89.45116944,NA,4/20/99,Calakmul,Campeche,México,
381,NLMM051,NA,NA,cozumelus,UAEH,19.56733889,-87.30924167,NA,4/24/99,NA,NA,México,
382,NLMM055,NA,NA,cozumelus,UAEH,19.56733889,-87.30924167,NA,4/24/99,NA,NA,México,
383,NLMM057,NA,NA,cozumelus,UAEH,18.71619444,-87.70728333,NA,4/24/99,Othón P. Blanco,Quintana Roo,México,
384,NLMM057,NA,NA,cozumelus,UAEH,18.71619444,-87.70728333,NA,4/24/99,Othón P. Blanco,Quintana Roo,México,
385,NLMM070,NA,NA,cozumelus,UAEH,19.31555556,-90.75194444,NA,5/26/99,Champotón,Campeche,México,
386,NLMM073,NA,NA,cozumelus,UAEH,19.31555556,-90.75194444,NA,5/26/99,Champotón,Campeche,México,
387,NLMM096,NA,NA,cozumelus,UAEH,21.48026111,-86.78933333,NA,7/6/99,Isla Mujeres,Quintana Roo,México,
388,NLMM100,NA,NA,cozumelus,UAEH,21.48026111,-86.78933333,NA,7/6/99,Isla Mujeres,Quintana Roo,México,
389,NLMM102,NA,NA,cozumelus,UAEH,21.48026111,-86.78933333,NA,7/6/99,Isla Mujeres,Quintana Roo,México,
390,NLMM105,NA,NA,cozumelus,UAEH,20.42554444,-86.841075,NA,7/10/99,Cozumel,Quintana Roo,México,
391,NLMM106,NA,NA,cozumelus,UAEH,20.42554444,-86.841075,NA,7/10/99,Cozumel,Quintana Roo,México,
392,NLMM107,NA,NA,cozumelus,UAEH,20.42554444,-86.841075,NA,7/10/99,Cozumel,Quintana Roo,México,
393,NLMM108,NA,NA,cozumelus,UAEH,20.42554444,-86.841075,NA,7/10/99,Cozumel,Quintana Roo,México,
394,NLMM111,NA,NA,cozumelus,UAEH,20.42554444,-86.841075,NA,7/10/99,Cozumel,Quintana Roo,México,
395,NLMM113,NA,NA,cozumelus,UAEH,20.42554444,-86.841075,NA,7/10/99,Cozumel,Quintana Roo,México,
396,NLMM116,NA,NA,cozumelus,UAEH,20.42554444,-86.841075,NA,7/10/99,Cozumel,Quintana Roo,México,
397,NLMM122,NA,NA,cozumelus,UAEH,20.82885556,-86.89358333,NA,7/8/99,Puerto Morelos,Quintana Roo,México,
398,NLMM122,NA,NA,cozumelus,UAEH,20.82885556,-86.89358333,NA,7/8/99,Puerto Morelos,Quintana Roo,México,
399,NLMM123,NA,NA,cozumelus,UAEH,20.82885556,-86.89358333,NA,7/8/99,Puerto Morelos,Quintana Roo,México,
400,NLMM124,NA,NA,cozumelus,UAEH,20.82885556,-86.89358333,NA,7/8/99,Puerto Morelos,Quintana Roo,México,
401,NLMM191,NA,NA,cozumelus,UAEH,20.49821667,-86.84483056,NA,7/9/00,Cozumel,Quintana Roo,México,
402,NLMM380,NA,NA,angusticeps,UAEH,19.91616667,-90.37638889,NA,3/20/09,Municipio de Campeche,Campeche,México,
403,NLMM384,NA,NA,angusticeps,UAEH,18.52761111,-88.37855556,NA,3/23/09,Othón P. Blanco,Quintana Roo,México,
404,NLMM391,NA,NA,angusticeps,UAEH,18.52069444,-88.36808333,NA,3/23/09,Othón P. Blanco,Quintana Roo,México,
405,NLMM480,NA,NA,angusticeps,UAEH,18.60030556,-90.70169444,NA,7/27/12,Escárcega,Campeche,México,
406,NLMM481,NA,NA,cozumelus,UAEH,18.60030556,-90.70169444,NA,7/27/12,Escárcega,Campeche,México,
407,NLMM482,NA,90,cozumelus,UAEH,18.60030556,-90.70169444,NA,7/27/12,Escárcega,Campeche,México,
408,SFDG114,NA,NA,angusticeps,UAEH,19.77002778,-89.87508333,NA,6/18/10,Hopelchén,Campeche,México,
409,SFDG120,NA,NA,angusticeps,UAEH,21.09372222,-89.30105556,NA,6/21/10,Motul,Yucatán,México,
410,SFDG121,NA,NA,angusticeps,UAEH,21.09066667,-89.30311111,M,6/21/10,Motul,Yucatán,México,
411,SFDG162,NA,NA,angusticeps,UAEH,18.69011111,-88.40280556,NA,9/4/10,Bacalar,Quintana Roo,México,
412,SFDG164,NA,NA,angusticeps,UAEH,18.69402778,-88.40752778,NA,9/5/10,Bacalar,Quintana Roo,México,
413,SFDG167,NA,NA,angusticeps,UAEH,19.58602778,-88.02702778,NA,9/7/10,Felipe Carrillo Puerto,Quintana Roo,México,
414,SFDG179,NA,NA,angusticeps,UAEH,20.28027778,-89.39941667,NA,9/12/10,Oxkutzcab,Yucatán,México,
415,SFDG362,NA,NA,angusticeps,UAEH,NA,NA,NA,NA,NA,NA,NA,
416,UTEP17662,NA,NA,velox,UTEP,35.786872,-107.544145,NA,5/29/98,McKinley County,New Mexico,United States,
417,UTEP18334,NA,NA,arizonae,UTEP,34.12972,-105.144721,NA,6/22/99,Lincoln County,New Mexico,United States,
418,UTEP18336,NA,NA,velox,UTEP,34.095555,-107.327775,NA,6/22/99,Socorro County,New Mexico,United States,
419,UTEP19148,NA,NA,arizonae,UTEP,NA,NA,NA,NA,NA,NA,NA,
420,UTEP19189,NA,NA,exsanguis,UTEP,30.706,-104.10577,NA,7/23/05,Jeff Davis County,Texas,United States,
421,UTEP19841,NA,NA,velox,UTEP,34.99738,-112.33725,NA,9/12/08,Yavapai County,Arizona,United States,
422,UTEP19949,NA,NA,sexlineatus,UTEP,31.09135,-86.18937,F,6/6/09,Geneva County,Alabama,United States,
423,UTEP19952,NA,NA,sexlineatus,UTEP,31.35252,-88.67345,F,6/2/09,Greene County,Mississippi,United States,
424,UTEP20320,NA,NA,exsanguis,UTEP,30.78618,-104.98069,NA,5/20/11,Hudspeth County,Texas,United States,
425,UTEP20329,NA,NA,gularis,UTEP,31.66947,-103.62607,F,7/1/11,Loving County,Texas,United States,
426,UTEP20688,NA,NA,gularis,UTEP,29.84947,-98.2807,M,4/27/13,Comal County,Texas,United States,
427,UTEP20720,NA,NA,velox,UTEP,31.94337,-108.88908,NA,6/19/13,Hidalgo County,New Mexico,United States,
428,UTEP20726,NA,NA,gularis,UTEP,30.53463,-104.06437,F,7/6/13,Jeff Davis County,Texas,United States,
429,UTEP20928,NA,NA,sexlineatus,UTEP,35.554,-91.83447,F,5/23/14,Cleburne County,Arkansas,United States,
430,UTEP20964,NA,NA,gularis,UTEP,30.08693,-100.36877,M,5/19/14,Edwards County,Texas,United States,
431,UTEP21089,NA,NA,arizonae,UTEP,31.42335,-105.34943,F,8/14/14,Hudspeth County,Texas,United States,
432,UTEP21140,NA,NA,gularis,UTEP,NA,NA,NA,NA,NA,NA,NA,
433,UTEP21143,NA,NA,arizonae,UTEP,NA,NA,NA,NA,NA,NA,NA,
434,UTEP21547,NA,NA,exsanguis,UTEP,31.21265,-105.49297,NA,6/3/16,Hudspeth County,Texas,United States,
435,UTEP21551,NA,NA,velox,UTEP,31.95262,-106.3631,NA,8/11/16,El Paso County,Texas,United States,
436,UTEP21677,NA,NA,neomexicanus,UTEP,32.012,-106.55707,F,7/8/17,Doña Ana County,New Mexico,United States,
437,UTEP21736,NA,NA,sexlineatus,UTEP,35.51068,-100.42252,NA,5/22/17,Wheeler County,Texas,United States,